{"type":"FeatureCollection","features":[{"type":"Feature","properties":{"countryCode":"GB","code":"E12000001","nom":"Nord-Est","outreMer":false},"geometry":{"type":"MultiPolygon","coordinates":[[[[-1.1503,54.63221],[-1.14941,54.63468],[-1.15129,54.63458],[-1.1503,54.63221]]],[[[-1.53699,55.33597],[-1.53788,55.3368],[-1.54021,55.33642],[-1.54035,55.33355],[-1.53766,55.333],[-1.53679,55.33369],[-1.53699,55.33597]]],[[[-1.65501,55.61738],[-1.65863,55.61708],[-1.6554,55.61502],[-1.65217,55.61609],[-1.65501,55.61738]]],[[[-1.62441,55.63185],[-1.6252,55.62934],[-1.62316,55.62977],[-1.62205,55.63128],[-1.62441,55.63185]]],[[[-1.62795,55.63515],[-1.62746,55.63401],[-1.62354,55.6325],[-1.62319,55.63368],[-1.62531,55.63471],[-1.62795,55.63515]]],[[[-1.62827,55.63856],[-1.62869,55.6402],[-1.63078,55.64037],[-1.63102,55.63919],[-1.62827,55.63856]]],[[[-1.84625,55.69276],[-1.84514,55.69372],[-1.84313,55.6939],[-1.85083,55.69663],[-1.8576,55.69772],[-1.86334,55.6979],[-1.8652,55.69656],[-1.86509,55.69536],[-1.86215,55.69475],[-1.85904,55.69296],[-1.85781,55.69165],[-1.85754,55.6838],[-1.85615,55.68134],[-1.85428,55.68016],[-1.85186,55.68022],[-1.84935,55.67881],[-1.84575,55.67741],[-1.84162,55.67797],[-1.83887,55.67924],[-1.83809,55.68072],[-1.83631,55.68197],[-1.83228,55.68268],[-1.83079,55.68331],[-1.82644,55.683],[-1.82266,55.68232],[-1.81975,55.68248],[-1.81548,55.68216],[-1.81326,55.68109],[-1.80997,55.68037],[-1.80758,55.67896],[-1.80578,55.67715],[-1.80519,55.67555],[-1.80708,55.67384],[-1.80683,55.67175],[-1.80265,55.66827],[-1.80036,55.66785],[-1.79631,55.66847],[-1.79542,55.66997],[-1.79358,55.67055],[-1.78795,55.66847],[-1.78272,55.66874],[-1.7801,55.66768],[-1.77837,55.66836],[-1.7805,55.67163],[-1.78129,55.6745],[-1.78082,55.67552],[-1.78173,55.6768],[-1.7806,55.67792],[-1.77975,55.68052],[-1.78005,55.68248],[-1.77897,55.68516],[-1.78126,55.68628],[-1.78452,55.68479],[-1.788,55.68503],[-1.79214,55.68627],[-1.79339,55.68801],[-1.79759,55.68723],[-1.80053,55.68834],[-1.80143,55.68946],[-1.80588,55.68774],[-1.80927,55.68681],[-1.81786,55.68681],[-1.82777,55.68854],[-1.83648,55.69164],[-1.84277,55.69322],[-1.8447,55.69245],[-1.84625,55.69276]]],[[[-1.48893,55.1186],[-1.49248,55.12213],[-1.4974,55.12759],[-1.49866,55.12961],[-1.50635,55.13407],[-1.51604,55.14329],[-1.52099,55.14936],[-1.52467,55.15794],[-1.52614,55.15997],[-1.52952,55.16181],[-1.53678,55.16111],[-1.54,55.16117],[-1.54029,55.16204],[-1.53212,55.1633],[-1.52516,55.16264],[-1.52404,55.16536],[-1.52135,55.16875],[-1.52104,55.17027],[-1.51698,55.17219],[-1.5139,55.17424],[-1.51463,55.1757],[-1.51401,55.17763],[-1.51474,55.17929],[-1.51281,55.18158],[-1.51181,55.18357],[-1.50822,55.18522],[-1.50476,55.18442],[-1.50254,55.18444],[-1.50015,55.18521],[-1.50216,55.18796],[-1.50345,55.18889],[-1.50536,55.19249],[-1.50514,55.19429],[-1.50236,55.19696],[-1.50732,55.19856],[-1.5104,55.19879],[-1.51603,55.20286],[-1.51675,55.20496],[-1.5209,55.20738],[-1.5232,55.20996],[-1.52639,55.2144],[-1.52783,55.21743],[-1.52769,55.22016],[-1.52879,55.22207],[-1.52826,55.22555],[-1.52746,55.22643],[-1.52518,55.22693],[-1.52668,55.2282],[-1.53025,55.22991],[-1.53558,55.23469],[-1.53821,55.23574],[-1.54144,55.23803],[-1.54597,55.23971],[-1.55296,55.2458],[-1.55977,55.25373],[-1.56344,55.25914],[-1.56652,55.2653],[-1.57028,55.27553],[-1.57118,55.28602],[-1.56993,55.29155],[-1.56781,55.29489],[-1.56342,55.29908],[-1.56137,55.30167],[-1.55809,55.30705],[-1.55593,55.30885],[-1.55216,55.31017],[-1.55015,55.31136],[-1.54993,55.31227],[-1.55074,55.31598],[-1.5494,55.31994],[-1.54928,55.32197],[-1.55175,55.32401],[-1.56095,55.32858],[-1.56369,55.33235],[-1.56644,55.33309],[-1.56753,55.33444],[-1.57018,55.33522],[-1.57027,55.33688],[-1.57206,55.33742],[-1.57336,55.33648],[-1.57616,55.33727],[-1.58006,55.33625],[-1.58178,55.33656],[-1.58325,55.33548],[-1.58685,55.33607],[-1.58883,55.33764],[-1.59347,55.33872],[-1.59939,55.34162],[-1.60887,55.34422],[-1.608,55.34461],[-1.59849,55.34232],[-1.59249,55.33977],[-1.59197,55.34083],[-1.59526,55.34287],[-1.59418,55.34337],[-1.591,55.3412],[-1.58915,55.34108],[-1.58217,55.33831],[-1.57997,55.33961],[-1.58803,55.34544],[-1.59505,55.35213],[-1.59977,55.35829],[-1.60128,55.36093],[-1.60162,55.36248],[-1.60084,55.36388],[-1.60262,55.36497],[-1.60419,55.36794],[-1.60614,55.37387],[-1.60779,55.38098],[-1.60917,55.38426],[-1.61065,55.38468],[-1.61624,55.38434],[-1.61858,55.38486],[-1.62063,55.38597],[-1.62312,55.38873],[-1.62148,55.39056],[-1.61872,55.39],[-1.61963,55.39368],[-1.61724,55.392],[-1.61693,55.39095],[-1.61759,55.38802],[-1.61619,55.38676],[-1.61201,55.38492],[-1.60797,55.38698],[-1.6019,55.39193],[-1.59676,55.39439],[-1.59556,55.39692],[-1.59417,55.39839],[-1.59403,55.4006],[-1.5926,55.40277],[-1.58811,55.40581],[-1.58543,55.40638],[-1.58291,55.40592],[-1.58039,55.40671],[-1.57873,55.40982],[-1.57995,55.41303],[-1.58176,55.4157],[-1.58188,55.41805],[-1.58007,55.42099],[-1.58036,55.42446],[-1.57834,55.42678],[-1.57755,55.42886],[-1.57571,55.43021],[-1.5757,55.43187],[-1.58476,55.4334],[-1.58733,55.43423],[-1.58802,55.43601],[-1.59124,55.4375],[-1.59107,55.43884],[-1.59336,55.44035],[-1.59185,55.44227],[-1.59032,55.44254],[-1.58952,55.44463],[-1.58696,55.44682],[-1.58751,55.44809],[-1.58644,55.44937],[-1.58825,55.45154],[-1.58836,55.45269],[-1.59227,55.45452],[-1.59181,55.45543],[-1.59318,55.45818],[-1.59102,55.46141],[-1.58865,55.46194],[-1.59021,55.46556],[-1.59041,55.4676],[-1.59216,55.47018],[-1.59128,55.47136],[-1.59193,55.47264],[-1.59345,55.47309],[-1.59227,55.47723],[-1.59212,55.47942],[-1.59268,55.48126],[-1.59397,55.48288],[-1.59396,55.48427],[-1.59166,55.4852],[-1.59213,55.4923],[-1.5955,55.49128],[-1.59875,55.49229],[-1.6022,55.49446],[-1.60817,55.49446],[-1.61088,55.4954],[-1.61287,55.49678],[-1.61516,55.49917],[-1.6169,55.50251],[-1.61655,55.50448],[-1.61379,55.50783],[-1.61344,55.50982],[-1.61772,55.51298],[-1.61785,55.51538],[-1.61076,55.52021],[-1.61066,55.52178],[-1.61716,55.52196],[-1.61899,55.52257],[-1.62026,55.52462],[-1.61844,55.52643],[-1.62374,55.52667],[-1.6262,55.52785],[-1.63026,55.53107],[-1.63313,55.53394],[-1.63654,55.53927],[-1.63747,55.54025],[-1.63599,55.54321],[-1.63444,55.54805],[-1.63236,55.55028],[-1.63092,55.55101],[-1.62756,55.55155],[-1.62563,55.55077],[-1.62274,55.5515],[-1.62348,55.55226],[-1.62819,55.5544],[-1.62821,55.55641],[-1.62656,55.5577],[-1.63003,55.55765],[-1.63319,55.55961],[-1.63547,55.56314],[-1.63796,55.56506],[-1.64021,55.56615],[-1.64204,55.56852],[-1.64461,55.57089],[-1.64555,55.57414],[-1.64394,55.57619],[-1.63965,55.57674],[-1.6396,55.57841],[-1.64367,55.57927],[-1.64608,55.58159],[-1.64891,55.58216],[-1.65064,55.58193],[-1.65296,55.58307],[-1.65456,55.58313],[-1.66108,55.58532],[-1.66471,55.58601],[-1.66634,55.58716],[-1.66857,55.58975],[-1.67381,55.59404],[-1.67722,55.59529],[-1.67988,55.59813],[-1.68301,55.5993],[-1.68533,55.60072],[-1.68784,55.60138],[-1.69196,55.60612],[-1.69485,55.60719],[-1.70442,55.60984],[-1.71679,55.61242],[-1.71939,55.61344],[-1.72261,55.61559],[-1.72262,55.61679],[-1.72546,55.61657],[-1.72792,55.6176],[-1.72991,55.61762],[-1.73266,55.61688],[-1.73613,55.61743],[-1.74068,55.61882],[-1.74358,55.61919],[-1.7465,55.6185],[-1.74622,55.61631],[-1.74916,55.61426],[-1.75632,55.61322],[-1.75926,55.61027],[-1.75898,55.60821],[-1.76422,55.60454],[-1.76806,55.60426],[-1.77115,55.6071],[-1.77189,55.60871],[-1.77464,55.61089],[-1.77482,55.61209],[-1.77699,55.61246],[-1.77882,55.61488],[-1.78299,55.61555],[-1.78395,55.6163],[-1.77823,55.6169],[-1.77657,55.61644],[-1.77033,55.61716],[-1.7707,55.61815],[-1.76886,55.61939],[-1.7659,55.6203],[-1.76248,55.62067],[-1.75806,55.62061],[-1.75641,55.6194],[-1.75483,55.61951],[-1.75452,55.6234],[-1.75551,55.62502],[-1.7577,55.62716],[-1.76064,55.62907],[-1.76784,55.63276],[-1.77495,55.63809],[-1.77874,55.64142],[-1.78197,55.64495],[-1.7853,55.65027],[-1.78802,55.65651],[-1.79392,55.65895],[-1.7951,55.65748],[-1.79357,55.65654],[-1.79153,55.65636],[-1.78993,55.65328],[-1.79012,55.65061],[-1.79148,55.65021],[-1.79376,55.64818],[-1.79692,55.64329],[-1.79951,55.64073],[-1.80056,55.63766],[-1.80606,55.63501],[-1.81003,55.63408],[-1.81258,55.6339],[-1.81483,55.63454],[-1.81825,55.63651],[-1.82763,55.6383],[-1.83077,55.63856],[-1.83637,55.64161],[-1.84148,55.64302],[-1.84211,55.64434],[-1.84098,55.64559],[-1.84406,55.64857],[-1.84611,55.65144],[-1.84874,55.65304],[-1.85299,55.65352],[-1.85712,55.65621],[-1.85815,55.65809],[-1.8603,55.65934],[-1.86176,55.66195],[-1.86343,55.66289],[-1.86377,55.66446],[-1.86678,55.66573],[-1.86489,55.66643],[-1.86668,55.66999],[-1.87068,55.67269],[-1.86886,55.67334],[-1.87272,55.67801],[-1.8721,55.68095],[-1.87416,55.68393],[-1.87552,55.68692],[-1.8773,55.68875],[-1.87636,55.69023],[-1.87782,55.69304],[-1.87542,55.69414],[-1.87294,55.69454],[-1.87122,55.69579],[-1.8694,55.69605],[-1.87044,55.69784],[-1.87211,55.69796],[-1.87343,55.69697],[-1.87768,55.6971],[-1.88081,55.69848],[-1.87611,55.69854],[-1.87592,55.69956],[-1.87959,55.70101],[-1.89288,55.70426],[-1.90406,55.70741],[-1.91148,55.70872],[-1.91286,55.70983],[-1.91727,55.71166],[-1.92866,55.71558],[-1.93685,55.71928],[-1.94143,55.72168],[-1.94642,55.7254],[-1.94657,55.72646],[-1.94964,55.72742],[-1.95188,55.7289],[-1.95482,55.72995],[-1.95635,55.73126],[-1.96075,55.73321],[-1.96174,55.73444],[-1.96329,55.73831],[-1.9664,55.73985],[-1.97021,55.74089],[-1.97181,55.74179],[-1.97396,55.74555],[-1.97597,55.74614],[-1.97927,55.74843],[-1.98023,55.7496],[-1.98331,55.75096],[-1.98877,55.75571],[-1.99245,55.76126],[-1.99393,55.76171],[-1.99654,55.76083],[-2.00175,55.76096],[-2.00381,55.76184],[-2.00663,55.76372],[-2.00881,55.76459],[-2.01101,55.7695],[-2.0138,55.77141],[-2.01769,55.77146],[-2.02154,55.77062],[-2.0284,55.76825],[-2.02939,55.76888],[-2.02524,55.77088],[-2.02953,55.77069],[-2.03164,55.76976],[-2.03357,55.76647],[-2.034,55.76437],[-2.03821,55.7601],[-2.04076,55.75907],[-2.04779,55.75772],[-2.05318,55.75757],[-2.05543,55.75722],[-2.06568,55.75931],[-2.0753,55.75994],[-2.08651,55.76159],[-2.09211,55.76215],[-2.0979,55.76207],[-2.10246,55.76129],[-2.10629,55.76005],[-2.1085,55.75835],[-2.1088,55.7574],[-2.10512,55.75122],[-2.10601,55.74816],[-2.10767,55.74728],[-2.11367,55.74815],[-2.11612,55.74656],[-2.11763,55.74452],[-2.11801,55.74277],[-2.11672,55.74077],[-2.11731,55.73843],[-2.11948,55.73763],[-2.12535,55.73706],[-2.13434,55.73993],[-2.13838,55.74047],[-2.14327,55.73959],[-2.14605,55.73844],[-2.14874,55.73649],[-2.14988,55.73482],[-2.14986,55.73324],[-2.14807,55.72951],[-2.14775,55.7272],[-2.14915,55.72459],[-2.15175,55.72251],[-2.15614,55.72222],[-2.15881,55.72284],[-2.16158,55.7229],[-2.16886,55.72224],[-2.17354,55.7207],[-2.177,55.71838],[-2.17705,55.71652],[-2.17575,55.71437],[-2.1725,55.7108],[-2.167,55.70783],[-2.16723,55.70604],[-2.17058,55.70491],[-2.1806,55.70327],[-2.18406,55.70159],[-2.18641,55.69981],[-2.18675,55.69844],[-2.18824,55.6967],[-2.19217,55.69557],[-2.19531,55.69091],[-2.19892,55.68768],[-2.20411,55.68676],[-2.20761,55.6844],[-2.2092,55.68086],[-2.21866,55.67591],[-2.21973,55.67374],[-2.21957,55.67223],[-2.21797,55.66964],[-2.21704,55.66687],[-2.21845,55.66426],[-2.2209,55.66347],[-2.22692,55.66312],[-2.22998,55.66244],[-2.23215,55.66102],[-2.23392,55.65813],[-2.237,55.65631],[-2.24445,55.65326],[-2.24817,55.65235],[-2.24783,55.65059],[-2.24249,55.64769],[-2.24022,55.64697],[-2.23538,55.64641],[-2.23192,55.64514],[-2.23159,55.64383],[-2.2348,55.64081],[-2.23719,55.64027],[-2.24242,55.64005],[-2.24573,55.63952],[-2.24862,55.63998],[-2.25145,55.64322],[-2.25602,55.64453],[-2.25981,55.64457],[-2.27309,55.6427],[-2.28297,55.64292],[-2.28918,55.64338],[-2.29287,55.6453],[-2.29895,55.64713],[-2.30579,55.64704],[-2.31034,55.64606],[-2.31603,55.64324],[-2.31937,55.64315],[-2.32259,55.64356],[-2.3247,55.64317],[-2.32558,55.64213],[-2.32603,55.63987],[-2.32559,55.63833],[-2.32777,55.63604],[-2.33505,55.63449],[-2.33525,55.63202],[-2.33216,55.62976],[-2.3298,55.62915],[-2.32815,55.62741],[-2.32431,55.62617],[-2.32161,55.6262],[-2.31982,55.62772],[-2.31589,55.62825],[-2.315,55.62788],[-2.31084,55.62891],[-2.30863,55.62888],[-2.30893,55.62248],[-2.31609,55.62046],[-2.30729,55.6111],[-2.30595,55.61208],[-2.29513,55.60862],[-2.2955,55.60833],[-2.29389,55.60456],[-2.29227,55.60462],[-2.28923,55.60377],[-2.29032,55.60284],[-2.28775,55.60105],[-2.28895,55.59836],[-2.28594,55.59654],[-2.28861,55.59494],[-2.28785,55.59287],[-2.28811,55.59154],[-2.29037,55.58961],[-2.29239,55.5858],[-2.28854,55.58005],[-2.28543,55.57772],[-2.28015,55.57732],[-2.27648,55.57569],[-2.27006,55.57011],[-2.26462,55.56692],[-2.2598,55.56506],[-2.25987,55.56369],[-2.25751,55.56257],[-2.25308,55.56139],[-2.24785,55.55673],[-2.24405,55.55682],[-2.24031,55.55563],[-2.24077,55.55268],[-2.23517,55.54833],[-2.23409,55.54656],[-2.23225,55.54483],[-2.23382,55.54083],[-2.23322,55.52961],[-2.2276,55.52841],[-2.22428,55.52279],[-2.22663,55.51951],[-2.22885,55.50952],[-2.22654,55.5071],[-2.22058,55.50632],[-2.21945,55.50573],[-2.21692,55.50282],[-2.21194,55.49942],[-2.20876,55.49573],[-2.2088,55.49468],[-2.20703,55.49407],[-2.20529,55.49149],[-2.20265,55.48954],[-2.20223,55.48824],[-2.20606,55.48289],[-2.20636,55.48156],[-2.20337,55.4786],[-2.20094,55.47502],[-2.19549,55.47532],[-2.18947,55.47396],[-2.17372,55.47227],[-2.16849,55.46906],[-2.16552,55.46838],[-2.16654,55.46747],[-2.18441,55.46409],[-2.18964,55.46117],[-2.18843,55.45644],[-2.19003,55.45431],[-2.19226,55.45255],[-2.19353,55.4498],[-2.1933,55.44721],[-2.19422,55.44526],[-2.19835,55.44213],[-2.20174,55.44068],[-2.20379,55.43857],[-2.20562,55.43754],[-2.22114,55.43314],[-2.22335,55.43133],[-2.2282,55.43035],[-2.22996,55.43058],[-2.23128,55.42843],[-2.23381,55.42924],[-2.23663,55.43096],[-2.24254,55.43215],[-2.25376,55.4319],[-2.25859,55.43219],[-2.26061,55.43293],[-2.26224,55.42856],[-2.26447,55.42877],[-2.2683,55.43],[-2.27065,55.42959],[-2.27389,55.42598],[-2.27797,55.4264],[-2.28177,55.42491],[-2.28385,55.42289],[-2.29451,55.42047],[-2.2938,55.41852],[-2.29593,55.41492],[-2.30425,55.41273],[-2.30669,55.41125],[-2.31019,55.41017],[-2.31254,55.40986],[-2.31325,55.40679],[-2.3197,55.40756],[-2.32735,55.40797],[-2.33072,55.40968],[-2.33237,55.40991],[-2.33563,55.40821],[-2.333,55.40432],[-2.33353,55.40243],[-2.33767,55.40119],[-2.3403,55.40124],[-2.34473,55.39945],[-2.34337,55.39741],[-2.33551,55.39257],[-2.33494,55.39001],[-2.33583,55.38616],[-2.33486,55.38557],[-2.33474,55.38316],[-2.33254,55.38196],[-2.33002,55.38124],[-2.33648,55.3779],[-2.33724,55.37673],[-2.34623,55.37306],[-2.34333,55.37072],[-2.33897,55.36883],[-2.33846,55.36781],[-2.3401,55.36609],[-2.34505,55.36456],[-2.34715,55.36461],[-2.35137,55.36319],[-2.35494,55.36254],[-2.35839,55.35999],[-2.3642,55.35876],[-2.36546,55.35762],[-2.36989,55.35571],[-2.3728,55.35507],[-2.37496,55.35378],[-2.37896,55.35053],[-2.37891,55.34917],[-2.38113,55.34914],[-2.38479,55.3483],[-2.39027,55.34793],[-2.39298,55.34745],[-2.39952,55.34827],[-2.39957,55.35075],[-2.40086,55.35349],[-2.40218,55.35441],[-2.40867,55.35743],[-2.41237,55.35777],[-2.415,55.35892],[-2.41988,55.35903],[-2.42637,55.35814],[-2.42923,55.35643],[-2.4369,55.35831],[-2.4393,55.35945],[-2.44441,55.35918],[-2.45179,55.35648],[-2.45668,55.35528],[-2.45705,55.35461],[-2.46122,55.35321],[-2.46331,55.35362],[-2.46754,55.35276],[-2.47132,55.35379],[-2.47344,55.35473],[-2.47519,55.35477],[-2.48137,55.35367],[-2.48852,55.35183],[-2.49618,55.34651],[-2.49881,55.3421],[-2.50225,55.34022],[-2.50199,55.3372],[-2.50436,55.33535],[-2.50689,55.33396],[-2.50926,55.33165],[-2.51371,55.32963],[-2.51632,55.32683],[-2.5177,55.32466],[-2.52027,55.32305],[-2.52511,55.32181],[-2.53077,55.32271],[-2.53655,55.32095],[-2.5431,55.31959],[-2.5443,55.31826],[-2.54873,55.31725],[-2.55043,55.31579],[-2.55904,55.31783],[-2.55918,55.31514],[-2.55727,55.31329],[-2.55709,55.31171],[-2.55967,55.30985],[-2.56009,55.30875],[-2.5633,55.30763],[-2.56521,55.30594],[-2.56635,55.30332],[-2.57075,55.30141],[-2.5737,55.30079],[-2.57336,55.29688],[-2.57578,55.29609],[-2.57865,55.29441],[-2.58299,55.29349],[-2.59029,55.29141],[-2.5942,55.28985],[-2.59849,55.28711],[-2.60248,55.28557],[-2.6052,55.28537],[-2.60924,55.28325],[-2.61101,55.28093],[-2.61338,55.27925],[-2.61371,55.27835],[-2.61702,55.27713],[-2.61842,55.27499],[-2.62214,55.27309],[-2.62333,55.27196],[-2.62328,55.26976],[-2.62819,55.26793],[-2.62631,55.26454],[-2.62666,55.26222],[-2.63539,55.26114],[-2.64097,55.26099],[-2.64541,55.26007],[-2.64435,55.25822],[-2.64042,55.25646],[-2.63812,55.25591],[-2.63239,55.25336],[-2.6295,55.25132],[-2.62409,55.24949],[-2.62062,55.24912],[-2.61762,55.24831],[-2.61201,55.24769],[-2.61145,55.24713],[-2.61484,55.24563],[-2.61784,55.2472],[-2.6202,55.24722],[-2.62215,55.24617],[-2.62423,55.24639],[-2.63023,55.24479],[-2.6313,55.24193],[-2.63153,55.23858],[-2.63221,55.23664],[-2.63355,55.23557],[-2.63325,55.23434],[-2.63491,55.23041],[-2.63581,55.22977],[-2.63466,55.22546],[-2.63141,55.2237],[-2.63897,55.22268],[-2.64129,55.22114],[-2.64321,55.22106],[-2.64807,55.21987],[-2.65999,55.21988],[-2.66681,55.22158],[-2.66884,55.21968],[-2.68333,55.20189],[-2.68267,55.19973],[-2.68125,55.1986],[-2.68232,55.19681],[-2.68511,55.19556],[-2.68625,55.19404],[-2.6856,55.19255],[-2.68615,55.19079],[-2.68739,55.18965],[-2.68979,55.18898],[-2.67738,55.17772],[-2.67456,55.17589],[-2.67427,55.17371],[-2.67644,55.17304],[-2.67736,55.17125],[-2.67992,55.16886],[-2.68292,55.16749],[-2.68325,55.16663],[-2.6761,55.15841],[-2.67777,55.15658],[-2.67732,55.15549],[-2.67489,55.15547],[-2.67326,55.15178],[-2.67127,55.15053],[-2.66858,55.14731],[-2.66639,55.14746],[-2.66259,55.14699],[-2.65991,55.14429],[-2.65977,55.14211],[-2.65694,55.13613],[-2.65545,55.13569],[-2.64862,55.13239],[-2.64712,55.13106],[-2.64537,55.13105],[-2.63571,55.12961],[-2.63264,55.12776],[-2.62569,55.12754],[-2.62435,55.12897],[-2.62127,55.12922],[-2.61564,55.1275],[-2.60615,55.12615],[-2.60093,55.12379],[-2.60159,55.12261],[-2.60047,55.11716],[-2.59961,55.11568],[-2.59483,55.11407],[-2.59344,55.11283],[-2.59426,55.11086],[-2.59328,55.11005],[-2.59432,55.10762],[-2.5923,55.10605],[-2.59209,55.10424],[-2.58934,55.10396],[-2.58542,55.10274],[-2.58334,55.10168],[-2.58263,55.10052],[-2.58333,55.09903],[-2.58066,55.09669],[-2.57744,55.09674],[-2.57668,55.09585],[-2.57246,55.09763],[-2.5702,55.09723],[-2.56843,55.09626],[-2.56897,55.09439],[-2.56678,55.0937],[-2.56671,55.09197],[-2.5634,55.09127],[-2.56118,55.0903],[-2.56075,55.08944],[-2.55829,55.08881],[-2.5589,55.0874],[-2.56279,55.08438],[-2.55879,55.08378],[-2.55697,55.08212],[-2.55519,55.08276],[-2.55265,55.08126],[-2.55046,55.0817],[-2.54577,55.08378],[-2.54403,55.08339],[-2.54017,55.0843],[-2.53686,55.08294],[-2.53226,55.08276],[-2.53047,55.08519],[-2.52717,55.08507],[-2.52495,55.08548],[-2.51809,55.08496],[-2.51677,55.08605],[-2.51647,55.08912],[-2.51157,55.08887],[-2.50896,55.08972],[-2.50693,55.08915],[-2.50489,55.09038],[-2.50225,55.09072],[-2.50063,55.09019],[-2.49905,55.0878],[-2.49533,55.08647],[-2.4907,55.08586],[-2.4897,55.08415],[-2.48634,55.08305],[-2.48664,55.0811],[-2.49012,55.08078],[-2.4911,55.08227],[-2.49473,55.08182],[-2.49631,55.08031],[-2.49705,55.07742],[-2.49948,55.07677],[-2.50123,55.07522],[-2.49924,55.0735],[-2.49403,55.07166],[-2.49326,55.06906],[-2.4922,55.06815],[-2.4938,55.06596],[-2.49759,55.06566],[-2.49788,55.06473],[-2.50075,55.06429],[-2.50347,55.06314],[-2.50227,55.06128],[-2.50202,55.05773],[-2.49975,55.05615],[-2.49783,55.05663],[-2.49485,55.05446],[-2.49219,55.0542],[-2.49085,55.05338],[-2.49315,55.05212],[-2.49434,55.05071],[-2.48757,55.04786],[-2.48812,55.04622],[-2.48489,55.04516],[-2.48296,55.0437],[-2.48234,55.04149],[-2.48305,55.04002],[-2.49344,55.03717],[-2.49707,55.03688],[-2.50304,55.03709],[-2.50567,55.03675],[-2.50655,55.0356],[-2.50383,55.03427],[-2.50448,55.03319],[-2.50892,55.03442],[-2.50863,55.03601],[-2.51099,55.0359],[-2.51076,55.03488],[-2.51256,55.03379],[-2.51472,55.0345],[-2.51579,55.03359],[-2.52166,55.03252],[-2.5245,55.03293],[-2.52771,55.03228],[-2.52708,55.03026],[-2.52919,55.02896],[-2.53198,55.03037],[-2.53406,55.02827],[-2.53957,55.02888],[-2.5409,55.02732],[-2.54448,55.02681],[-2.54637,55.02524],[-2.54669,55.02357],[-2.55043,55.02223],[-2.55262,55.02104],[-2.55475,55.0209],[-2.55698,55.01966],[-2.55875,55.02089],[-2.56504,55.02011],[-2.56818,55.01835],[-2.5679,55.01725],[-2.5714,55.01705],[-2.57319,55.01611],[-2.57178,55.01423],[-2.57481,55.01117],[-2.57397,55.00963],[-2.57187,55.00839],[-2.57347,55.00729],[-2.57081,55.00585],[-2.5735,55.00477],[-2.57294,55.00328],[-2.5702,55.00393],[-2.56771,55.00275],[-2.56909,55.00124],[-2.56862,54.99993],[-2.57047,54.99874],[-2.57048,54.99695],[-2.57197,54.99561],[-2.57286,54.99287],[-2.57443,54.99167],[-2.57303,54.99034],[-2.57331,54.98764],[-2.57578,54.98492],[-2.57856,54.98341],[-2.58194,54.98228],[-2.58577,54.98239],[-2.58857,54.98019],[-2.59159,54.97415],[-2.59424,54.97363],[-2.60035,54.97366],[-2.60143,54.97134],[-2.59888,54.96776],[-2.59908,54.96685],[-2.59557,54.96348],[-2.58884,54.96291],[-2.58653,54.96306],[-2.57842,54.96081],[-2.57143,54.96002],[-2.56843,54.95829],[-2.57129,54.94837],[-2.56765,54.94086],[-2.56494,54.94033],[-2.56344,54.93744],[-2.56019,54.9341],[-2.55441,54.93356],[-2.55199,54.93207],[-2.55037,54.92998],[-2.5483,54.92983],[-2.54608,54.9305],[-2.54527,54.92917],[-2.54625,54.92716],[-2.54761,54.92622],[-2.55166,54.92556],[-2.55359,54.92462],[-2.55941,54.92443],[-2.5581,54.9213],[-2.55984,54.92012],[-2.56622,54.91924],[-2.5666,54.9137],[-2.56757,54.909],[-2.57486,54.89974],[-2.5748,54.89842],[-2.57641,54.89672],[-2.57969,54.89486],[-2.58191,54.89421],[-2.58507,54.89221],[-2.58817,54.89113],[-2.59117,54.889],[-2.59253,54.88896],[-2.59439,54.88774],[-2.60455,54.88545],[-2.60545,54.88431],[-2.59896,54.87986],[-2.59316,54.87527],[-2.59025,54.87378],[-2.59037,54.87291],[-2.5886,54.86954],[-2.58363,54.86559],[-2.5812,54.86424],[-2.57743,54.85957],[-2.57584,54.85667],[-2.57335,54.85355],[-2.58178,54.84789],[-2.58267,54.84587],[-2.57795,54.83645],[-2.57259,54.83144],[-2.56785,54.82357],[-2.55831,54.81672],[-2.54327,54.81212],[-2.53622,54.80767],[-2.53065,54.806],[-2.52344,54.80605],[-2.51947,54.80785],[-2.51497,54.80864],[-2.51098,54.80871],[-2.50766,54.80972],[-2.50215,54.8106],[-2.49828,54.81003],[-2.49536,54.81034],[-2.48816,54.81441],[-2.48196,54.81697],[-2.48147,54.81801],[-2.47895,54.81921],[-2.47592,54.82183],[-2.47415,54.82246],[-2.47335,54.82377],[-2.46877,54.82611],[-2.46508,54.82965],[-2.46318,54.83055],[-2.46331,54.83173],[-2.46124,54.8329],[-2.4606,54.83417],[-2.45799,54.83321],[-2.45595,54.83148],[-2.45224,54.83201],[-2.45046,54.83271],[-2.44901,54.83424],[-2.44697,54.8351],[-2.4419,54.83565],[-2.43827,54.83787],[-2.43369,54.83964],[-2.43001,54.84018],[-2.42268,54.84287],[-2.42053,54.84454],[-2.41989,54.84582],[-2.41755,54.8477],[-2.4171,54.84913],[-2.41474,54.85068],[-2.41166,54.85645],[-2.40162,54.85148],[-2.3983,54.84416],[-2.39273,54.83452],[-2.3896,54.83195],[-2.38674,54.83163],[-2.38233,54.83066],[-2.37267,54.82738],[-2.374,54.82604],[-2.37135,54.82506],[-2.36914,54.82184],[-2.36983,54.82097],[-2.35993,54.81669],[-2.35579,54.8139],[-2.35261,54.8107],[-2.35165,54.81059],[-2.34857,54.80835],[-2.34843,54.80708],[-2.34361,54.80621],[-2.34168,54.8069],[-2.33656,54.80637],[-2.334,54.80492],[-2.33162,54.80464],[-2.32739,54.80533],[-2.32738,54.803],[-2.32339,54.79675],[-2.32328,54.79501],[-2.31845,54.79319],[-2.31481,54.79258],[-2.31209,54.79102],[-2.31367,54.79022],[-2.31299,54.78734],[-2.31401,54.78517],[-2.313,54.78259],[-2.31392,54.78111],[-2.31168,54.77807],[-2.31168,54.77542],[-2.30893,54.77449],[-2.30849,54.77354],[-2.3099,54.77191],[-2.31467,54.77036],[-2.31757,54.76874],[-2.31756,54.76811],[-2.32091,54.76568],[-2.32248,54.76397],[-2.32322,54.7598],[-2.32243,54.75781],[-2.32113,54.75666],[-2.32082,54.755],[-2.32259,54.7533],[-2.32281,54.75207],[-2.32693,54.7473],[-2.32671,54.74542],[-2.3276,54.74328],[-2.3264,54.74098],[-2.32788,54.73906],[-2.32689,54.73791],[-2.32859,54.73701],[-2.32946,54.73568],[-2.33093,54.73516],[-2.33192,54.73346],[-2.33195,54.73128],[-2.33064,54.73035],[-2.33066,54.72899],[-2.32961,54.72755],[-2.32575,54.72663],[-2.33021,54.72313],[-2.33442,54.72049],[-2.33757,54.71956],[-2.33745,54.71725],[-2.33904,54.71656],[-2.34139,54.71667],[-2.34221,54.71553],[-2.34115,54.71062],[-2.34503,54.70918],[-2.34402,54.70769],[-2.34146,54.706],[-2.34277,54.70519],[-2.34438,54.70177],[-2.34636,54.70086],[-2.34956,54.70118],[-2.35226,54.69994],[-2.35347,54.69794],[-2.35548,54.69792],[-2.35226,54.69449],[-2.35417,54.69288],[-2.3539,54.69143],[-2.35048,54.69003],[-2.35178,54.68747],[-2.35159,54.68574],[-2.3502,54.68541],[-2.34908,54.68396],[-2.3468,54.68394],[-2.34351,54.68222],[-2.34166,54.67885],[-2.33986,54.67813],[-2.33562,54.67533],[-2.33052,54.67457],[-2.32926,54.6747],[-2.32641,54.67269],[-2.32757,54.67087],[-2.3225,54.66902],[-2.31898,54.66943],[-2.31636,54.66877],[-2.31344,54.66934],[-2.30836,54.66951],[-2.30615,54.67015],[-2.30275,54.66906],[-2.30383,54.66751],[-2.30222,54.66625],[-2.2982,54.66552],[-2.29287,54.66389],[-2.29277,54.66116],[-2.29134,54.65836],[-2.2921,54.65587],[-2.28997,54.65498],[-2.28931,54.65165],[-2.28798,54.65048],[-2.2929,54.64985],[-2.29409,54.64939],[-2.29681,54.64682],[-2.30286,54.64278],[-2.30692,54.64228],[-2.31115,54.63763],[-2.31419,54.63701],[-2.31706,54.63541],[-2.31997,54.63444],[-2.32381,54.632],[-2.32494,54.63165],[-2.30876,54.61188],[-2.30451,54.5962],[-2.27094,54.5822],[-2.26228,54.57423],[-2.24596,54.56506],[-2.20949,54.55171],[-2.21014,54.54366],[-2.19753,54.5327],[-2.18229,54.53586],[-2.1724,54.53244],[-2.17117,54.529],[-2.17403,54.52441],[-2.17449,54.52173],[-2.1687,54.51965],[-2.16239,54.50394],[-2.16647,54.48991],[-2.159,54.47203],[-2.1617,54.46473],[-2.17021,54.4582],[-2.16733,54.4577],[-2.16479,54.45652],[-2.15987,54.45651],[-2.15927,54.45548],[-2.15537,54.45701],[-2.15012,54.45996],[-2.14149,54.46093],[-2.13889,54.46165],[-2.13605,54.46145],[-2.12656,54.4621],[-2.12301,54.46152],[-2.1166,54.46226],[-2.1143,54.46419],[-2.10859,54.46437],[-2.1018,54.46536],[-2.09475,54.4673],[-2.0864,54.46839],[-2.08162,54.46987],[-2.07574,54.47314],[-2.07117,54.47426],[-2.06771,54.47705],[-2.06318,54.47888],[-2.0631,54.47961],[-2.05921,54.48116],[-2.05307,54.48071],[-2.05047,54.4814],[-2.04861,54.48259],[-2.0432,54.4836],[-2.04473,54.47519],[-2.03696,54.47429],[-2.02957,54.47296],[-2.01465,54.47156],[-1.99676,54.4669],[-1.98654,54.46156],[-1.98554,54.45993],[-1.98005,54.46021],[-1.97613,54.45973],[-1.97111,54.45481],[-1.97175,54.45397],[-1.97006,54.45152],[-1.96597,54.45162],[-1.9605,54.45216],[-1.95542,54.45386],[-1.95162,54.45344],[-1.94923,54.45427],[-1.947,54.45431],[-1.94254,54.4534],[-1.93402,54.45732],[-1.92833,54.45649],[-1.91318,54.46199],[-1.89343,54.4669],[-1.88547,54.4729],[-1.8776,54.47805],[-1.86726,54.48212],[-1.85913,54.48186],[-1.85853,54.48279],[-1.86083,54.48638],[-1.85922,54.48908],[-1.85932,54.49264],[-1.85772,54.49366],[-1.8586,54.49665],[-1.85867,54.49903],[-1.8578,54.50354],[-1.85277,54.50399],[-1.84822,54.50366],[-1.84428,54.5051],[-1.83943,54.50844],[-1.83647,54.50802],[-1.8323,54.50517],[-1.83185,54.50265],[-1.82779,54.50293],[-1.82645,54.50067],[-1.82439,54.50015],[-1.82455,54.4979],[-1.82272,54.49636],[-1.82244,54.49518],[-1.81752,54.49364],[-1.81308,54.49141],[-1.80273,54.48784],[-1.80157,54.48768],[-1.79298,54.48449],[-1.79109,54.48943],[-1.78902,54.49179],[-1.79027,54.4929],[-1.78689,54.49889],[-1.78718,54.50104],[-1.78506,54.50139],[-1.78513,54.5028],[-1.78393,54.50338],[-1.78391,54.50504],[-1.78249,54.5058],[-1.78218,54.50701],[-1.77788,54.50641],[-1.77613,54.50673],[-1.77759,54.51568],[-1.77735,54.51938],[-1.77635,54.51911],[-1.77686,54.52536],[-1.78156,54.52683],[-1.78032,54.52882],[-1.7797,54.53187],[-1.77329,54.53282],[-1.76972,54.53284],[-1.76721,54.53229],[-1.76461,54.52983],[-1.76121,54.52895],[-1.75401,54.52865],[-1.75174,54.53017],[-1.75083,54.52963],[-1.74754,54.52929],[-1.74313,54.52976],[-1.739,54.52844],[-1.73309,54.52774],[-1.73256,54.52946],[-1.73137,54.53068],[-1.7273,54.53049],[-1.7248,54.536],[-1.72448,54.53777],[-1.72283,54.53969],[-1.72285,54.54097],[-1.72131,54.5423],[-1.71942,54.54224],[-1.71788,54.54096],[-1.71467,54.53949],[-1.70521,54.5369],[-1.69693,54.53601],[-1.68953,54.53539],[-1.68363,54.53348],[-1.67929,54.53364],[-1.67741,54.53449],[-1.67221,54.5354],[-1.66528,54.53559],[-1.66064,54.5352],[-1.65794,54.53459],[-1.65558,54.53298],[-1.6551,54.53004],[-1.65692,54.52821],[-1.65633,54.52553],[-1.65297,54.5242],[-1.64532,54.5244],[-1.6394,54.52581],[-1.63599,54.5259],[-1.63377,54.52536],[-1.63172,54.52288],[-1.63268,54.5207],[-1.63293,54.5187],[-1.63499,54.51752],[-1.63901,54.51781],[-1.63916,54.51631],[-1.63344,54.51411],[-1.62825,54.51378],[-1.62387,54.51456],[-1.61953,54.516],[-1.6143,54.51954],[-1.61211,54.51999],[-1.60396,54.51937],[-1.60062,54.5171],[-1.60106,54.51481],[-1.60369,54.51205],[-1.6027,54.51054],[-1.6011,54.51056],[-1.59566,54.51222],[-1.58972,54.51207],[-1.58359,54.51306],[-1.58107,54.51285],[-1.57956,54.51109],[-1.58131,54.50949],[-1.58751,54.50677],[-1.59136,54.50585],[-1.59162,54.504],[-1.58887,54.50363],[-1.58113,54.50533],[-1.57921,54.50519],[-1.57874,54.50388],[-1.58,54.50094],[-1.58344,54.49806],[-1.58298,54.4971],[-1.5803,54.49631],[-1.577,54.4944],[-1.57501,54.49263],[-1.5733,54.49016],[-1.56777,54.48857],[-1.56304,54.48681],[-1.55666,54.48559],[-1.55444,54.4839],[-1.5541,54.4796],[-1.55113,54.4745],[-1.54567,54.47124],[-1.54275,54.47116],[-1.53447,54.4693],[-1.53272,54.46915],[-1.5274,54.46997],[-1.52242,54.47019],[-1.51969,54.47112],[-1.51936,54.4722],[-1.52055,54.47347],[-1.52447,54.47464],[-1.5286,54.47478],[-1.53015,54.47575],[-1.53027,54.4778],[-1.53129,54.48072],[-1.53061,54.48353],[-1.52884,54.48481],[-1.52641,54.48522],[-1.52367,54.48491],[-1.51807,54.48504],[-1.51594,54.48457],[-1.51293,54.48293],[-1.5122,54.48014],[-1.51437,54.47791],[-1.51431,54.47657],[-1.51313,54.47535],[-1.50974,54.47555],[-1.50687,54.47849],[-1.50623,54.48157],[-1.50525,54.48242],[-1.50135,54.48433],[-1.49689,54.48583],[-1.49431,54.48635],[-1.49152,54.48609],[-1.49048,54.48482],[-1.49132,54.48328],[-1.49324,54.48142],[-1.49935,54.4781],[-1.49959,54.47716],[-1.49835,54.47499],[-1.49461,54.47403],[-1.49071,54.47397],[-1.48703,54.47299],[-1.48393,54.47343],[-1.47909,54.47532],[-1.47537,54.47385],[-1.47459,54.47279],[-1.47396,54.46789],[-1.47289,54.46659],[-1.46798,54.46315],[-1.46784,54.46084],[-1.46885,54.45935],[-1.47221,54.45746],[-1.47205,54.4556],[-1.47073,54.45456],[-1.46699,54.45329],[-1.46373,54.4516],[-1.46036,54.45119],[-1.45711,54.45201],[-1.45472,54.4536],[-1.45477,54.4546],[-1.45747,54.45727],[-1.4613,54.45901],[-1.46275,54.46112],[-1.4618,54.463],[-1.4553,54.46484],[-1.45391,54.46616],[-1.45508,54.46726],[-1.45941,54.46885],[-1.46011,54.47122],[-1.4633,54.47295],[-1.46385,54.47376],[-1.4615,54.47821],[-1.4576,54.48136],[-1.45781,54.48206],[-1.46134,54.48471],[-1.46183,54.48595],[-1.46125,54.48762],[-1.45841,54.49125],[-1.45847,54.49284],[-1.45957,54.49483],[-1.46224,54.49629],[-1.46569,54.49659],[-1.47292,54.49602],[-1.47556,54.49811],[-1.47519,54.49991],[-1.47284,54.50156],[-1.46735,54.50253],[-1.46211,54.50425],[-1.45998,54.50427],[-1.4565,54.50281],[-1.4519,54.49736],[-1.44651,54.49443],[-1.44289,54.49091],[-1.43225,54.48652],[-1.42699,54.48523],[-1.42683,54.484],[-1.42816,54.48288],[-1.4332,54.48094],[-1.43312,54.4801],[-1.43065,54.47916],[-1.42314,54.47888],[-1.41789,54.47709],[-1.41279,54.4772],[-1.40997,54.47833],[-1.40833,54.4814],[-1.40811,54.48462],[-1.40885,54.48728],[-1.41019,54.48969],[-1.40935,54.49151],[-1.40709,54.49353],[-1.40506,54.49416],[-1.40237,54.49427],[-1.39922,54.49289],[-1.39794,54.4911],[-1.3984,54.48763],[-1.39727,54.48654],[-1.39505,54.48568],[-1.38986,54.4867],[-1.38457,54.48685],[-1.38307,54.48729],[-1.3821,54.48858],[-1.38297,54.49159],[-1.38101,54.49403],[-1.37975,54.49262],[-1.37576,54.49064],[-1.37373,54.48838],[-1.37198,54.488],[-1.3703,54.48614],[-1.37193,54.48482],[-1.37438,54.48423],[-1.37494,54.47953],[-1.37385,54.47444],[-1.37256,54.47231],[-1.36895,54.46995],[-1.36442,54.46595],[-1.36126,54.46871],[-1.35734,54.47142],[-1.35649,54.47293],[-1.35305,54.47242],[-1.35092,54.47342],[-1.34981,54.47273],[-1.34635,54.47267],[-1.34383,54.47106],[-1.3449,54.47011],[-1.34375,54.46823],[-1.34363,54.46416],[-1.32413,54.47093],[-1.32352,54.47143],[-1.31834,54.47209],[-1.31704,54.47275],[-1.31553,54.47529],[-1.31312,54.47728],[-1.31096,54.47757],[-1.30882,54.47644],[-1.30686,54.47769],[-1.30469,54.47832],[-1.30217,54.47803],[-1.30315,54.47593],[-1.30043,54.47582],[-1.29909,54.47663],[-1.29695,54.4795],[-1.29354,54.47961],[-1.29105,54.48218],[-1.28861,54.4818],[-1.28671,54.48273],[-1.28783,54.48636],[-1.28936,54.48733],[-1.28535,54.48787],[-1.28421,54.48913],[-1.28109,54.49057],[-1.2777,54.48975],[-1.2744,54.49107],[-1.27095,54.48914],[-1.26424,54.48757],[-1.26019,54.4878],[-1.2574,54.48732],[-1.25667,54.49117],[-1.25723,54.49321],[-1.25478,54.49525],[-1.25455,54.49661],[-1.25333,54.49728],[-1.25372,54.4988],[-1.25518,54.49947],[-1.25667,54.50111],[-1.25249,54.5014],[-1.24853,54.50119],[-1.24568,54.50219],[-1.2447,54.50135],[-1.24232,54.50166],[-1.23851,54.50623],[-1.23438,54.50614],[-1.23487,54.51032],[-1.2306,54.51188],[-1.22761,54.512],[-1.22014,54.51094],[-1.21907,54.51017],[-1.21384,54.51001],[-1.20845,54.50888],[-1.20379,54.50689],[-1.20215,54.50695],[-1.19668,54.50619],[-1.19548,54.50663],[-1.18973,54.50629],[-1.18509,54.50729],[-1.18116,54.50577],[-1.17938,54.506],[-1.17273,54.50288],[-1.17065,54.50235],[-1.16897,54.50353],[-1.16603,54.50311],[-1.16311,54.50354],[-1.1583,54.50237],[-1.15267,54.50191],[-1.14806,54.50113],[-1.14669,54.50137],[-1.1462,54.50282],[-1.13085,54.50004],[-1.12665,54.49872],[-1.12281,54.49899],[-1.11838,54.4982],[-1.11432,54.49896],[-1.11227,54.5008],[-1.11164,54.50204],[-1.11178,54.50437],[-1.10619,54.5057],[-1.10393,54.50571],[-1.09474,54.5067],[-1.08734,54.50335],[-1.0782,54.50382],[-1.07381,54.50262],[-1.06793,54.50045],[-1.0648,54.49852],[-1.06002,54.50036],[-1.05767,54.49899],[-1.05101,54.49641],[-1.04451,54.49599],[-1.04211,54.49525],[-1.03949,54.49512],[-1.03685,54.49404],[-1.0238,54.50205],[-1.0034,54.50301],[-0.98739,54.50086],[-0.96783,54.49727],[-0.95295,54.48804],[-0.94399,54.48869],[-0.93261,54.49145],[-0.92904,54.49164],[-0.92295,54.49102],[-0.91637,54.49222],[-0.90142,54.4942],[-0.89579,54.4956],[-0.89421,54.49691],[-0.88083,54.49705],[-0.88064,54.49647],[-0.87717,54.49496],[-0.87578,54.49116],[-0.86698,54.48924],[-0.86349,54.48908],[-0.85626,54.48785],[-0.84853,54.48797],[-0.84414,54.48955],[-0.84394,54.49122],[-0.84506,54.49264],[-0.84861,54.49553],[-0.85332,54.50271],[-0.85235,54.50563],[-0.85233,54.51038],[-0.85021,54.51146],[-0.85129,54.51368],[-0.85224,54.51761],[-0.84995,54.51995],[-0.85065,54.52343],[-0.84993,54.52497],[-0.8507,54.52634],[-0.84865,54.53],[-0.8446,54.53348],[-0.8439,54.5348],[-0.84215,54.53602],[-0.84162,54.53767],[-0.83867,54.5398],[-0.83655,54.54262],[-0.83484,54.54329],[-0.83259,54.54515],[-0.8309,54.54547],[-0.82708,54.54852],[-0.82511,54.54908],[-0.8204,54.54936],[-0.81892,54.5507],[-0.81568,54.55251],[-0.81053,54.55122],[-0.80646,54.55143],[-0.80492,54.55089],[-0.80058,54.55184],[-0.79725,54.55415],[-0.79555,54.55487],[-0.7961,54.55661],[-0.79426,54.5575],[-0.79397,54.55859],[-0.79394,54.55869],[-0.79338,54.55912],[-0.79284,54.56061],[-0.79687,54.55894],[-0.79945,54.55984],[-0.80195,54.55879],[-0.80621,54.55895],[-0.80893,54.5586],[-0.81794,54.56117],[-0.82415,54.56191],[-0.82617,54.56286],[-0.82981,54.56582],[-0.834,54.56679],[-0.8347,54.56736],[-0.84103,54.5686],[-0.84213,54.56963],[-0.84488,54.57036],[-0.84682,54.57027],[-0.85343,54.57178],[-0.86327,54.57155],[-0.86755,54.57094],[-0.87248,54.5695],[-0.87837,54.56993],[-0.88424,54.57148],[-0.89553,54.57113],[-0.89796,54.57128],[-0.9009,54.57404],[-0.90495,54.57504],[-0.90876,54.57713],[-0.91257,54.57975],[-0.91711,54.58149],[-0.91744,54.58282],[-0.92009,54.58478],[-0.92666,54.58677],[-0.9343,54.58734],[-0.93674,54.58857],[-0.94105,54.58923],[-0.94299,54.58908],[-0.95008,54.5866],[-0.95411,54.58604],[-0.95647,54.58527],[-0.96106,54.5849],[-0.96945,54.58616],[-0.98443,54.58943],[-1.0018,54.59358],[-1.01685,54.59856],[-1.02288,54.60033],[-1.03669,54.60598],[-1.03953,54.60735],[-1.04324,54.60976],[-1.05125,54.61588],[-1.05396,54.61686],[-1.06514,54.61935],[-1.07126,54.62123],[-1.07411,54.62138],[-1.08344,54.62065],[-1.08882,54.62113],[-1.10118,54.62397],[-1.11278,54.62771],[-1.12039,54.63112],[-1.12699,54.63499],[-1.13155,54.63655],[-1.13483,54.63859],[-1.13613,54.64022],[-1.13642,54.64208],[-1.13535,54.64386],[-1.13812,54.64442],[-1.14009,54.64405],[-1.14055,54.63962],[-1.14131,54.6383],[-1.14017,54.63607],[-1.14108,54.63517],[-1.13828,54.63352],[-1.13628,54.63166],[-1.13615,54.63046],[-1.13981,54.62812],[-1.14468,54.62761],[-1.14962,54.62825],[-1.15199,54.62786],[-1.15335,54.62548],[-1.15251,54.62199],[-1.15077,54.62049],[-1.15084,54.61514],[-1.13537,54.60954],[-1.13266,54.60901],[-1.13266,54.60823],[-1.15056,54.61439],[-1.14958,54.61245],[-1.15175,54.61178],[-1.15324,54.609],[-1.15419,54.6089],[-1.15753,54.60542],[-1.14961,54.60033],[-1.14696,54.59949],[-1.14805,54.59865],[-1.15171,54.5995],[-1.16022,54.60416],[-1.16773,54.59957],[-1.16947,54.59885],[-1.18128,54.59114],[-1.18248,54.59097],[-1.18662,54.58846],[-1.19037,54.58572],[-1.19173,54.58539],[-1.19608,54.58269],[-1.19831,54.5817],[-1.20423,54.57989],[-1.20962,54.57989],[-1.21209,54.58027],[-1.21951,54.57892],[-1.21987,54.58023],[-1.21535,54.58062],[-1.21531,54.5811],[-1.22316,54.58288],[-1.22865,54.58364],[-1.23742,54.58631],[-1.24593,54.59021],[-1.25157,54.5907],[-1.25436,54.58986],[-1.25674,54.58783],[-1.26044,54.5717],[-1.26249,54.56945],[-1.26588,54.5679],[-1.26915,54.56705],[-1.27792,54.56617],[-1.28592,54.56398],[-1.28622,54.56479],[-1.27848,54.56679],[-1.27781,54.56722],[-1.27106,54.5677],[-1.2669,54.56874],[-1.26407,54.57008],[-1.2623,54.57204],[-1.25879,54.5886],[-1.2574,54.59023],[-1.25191,54.59257],[-1.24807,54.59274],[-1.24306,54.59101],[-1.23615,54.58792],[-1.23615,54.58746],[-1.23075,54.58574],[-1.22356,54.5849],[-1.21298,54.58226],[-1.20926,54.58206],[-1.20493,54.58254],[-1.20165,54.58335],[-1.19714,54.58567],[-1.19311,54.58925],[-1.1869,54.5934],[-1.18518,54.5933],[-1.18013,54.59648],[-1.17265,54.60151],[-1.16743,54.60481],[-1.16743,54.60757],[-1.16568,54.61017],[-1.16053,54.61039],[-1.15924,54.6129],[-1.15875,54.6178],[-1.16004,54.61871],[-1.16205,54.62261],[-1.16601,54.62005],[-1.16712,54.61976],[-1.17094,54.62094],[-1.17212,54.62193],[-1.16981,54.62462],[-1.16535,54.62802],[-1.16636,54.62896],[-1.17078,54.62974],[-1.16856,54.62802],[-1.16581,54.62802],[-1.16925,54.62577],[-1.17266,54.62227],[-1.17281,54.62155],[-1.2005,54.62176],[-1.20126,54.6224],[-1.20498,54.62224],[-1.20697,54.62153],[-1.21564,54.62151],[-1.21589,54.62362],[-1.21285,54.6221],[-1.20986,54.6219],[-1.20386,54.62288],[-1.20065,54.62294],[-1.19232,54.63029],[-1.18992,54.6312],[-1.19226,54.63248],[-1.19471,54.63457],[-1.1914,54.63553],[-1.18825,54.6326],[-1.18191,54.6333],[-1.17632,54.633],[-1.17407,54.63335],[-1.16892,54.63309],[-1.16794,54.63256],[-1.16552,54.63354],[-1.1678,54.63572],[-1.1661,54.63582],[-1.16285,54.63472],[-1.16711,54.63984],[-1.16855,54.64408],[-1.16642,54.64615],[-1.16507,54.64538],[-1.15936,54.64751],[-1.16463,54.6473],[-1.16936,54.65032],[-1.17588,54.65342],[-1.18456,54.66046],[-1.18748,54.66423],[-1.18796,54.66585],[-1.1909,54.67075],[-1.1948,54.67403],[-1.19832,54.67861],[-1.19913,54.68073],[-1.19864,54.68722],[-1.19787,54.68902],[-1.19785,54.69185],[-1.1903,54.694],[-1.19069,54.69524],[-1.19626,54.69858],[-1.19296,54.7006],[-1.18883,54.69828],[-1.18587,54.69751],[-1.18696,54.69514],[-1.18353,54.6945],[-1.18161,54.69323],[-1.1784,54.694],[-1.17535,54.69654],[-1.17792,54.69922],[-1.18342,54.7011],[-1.18765,54.70183],[-1.19451,54.70415],[-1.20244,54.70615],[-1.21003,54.70888],[-1.21412,54.7107],[-1.21784,54.71155],[-1.21878,54.71226],[-1.2249,54.71476],[-1.2335,54.71889],[-1.24098,54.72319],[-1.24912,54.72758],[-1.25551,54.73228],[-1.25843,54.73522],[-1.26639,54.74087],[-1.26645,54.74343],[-1.27053,54.74659],[-1.27741,54.75049],[-1.28051,54.75326],[-1.28528,54.75562],[-1.29305,54.76083],[-1.29934,54.76627],[-1.30548,54.7742],[-1.31012,54.78226],[-1.30844,54.78657],[-1.31234,54.79039],[-1.31166,54.79493],[-1.31025,54.79852],[-1.31244,54.8009],[-1.31265,54.80478],[-1.31427,54.80783],[-1.31263,54.81179],[-1.3175,54.81541],[-1.32181,54.82131],[-1.32136,54.82233],[-1.31943,54.82338],[-1.32135,54.82528],[-1.32582,54.83306],[-1.32457,54.83485],[-1.32617,54.83728],[-1.32572,54.83844],[-1.32746,54.83924],[-1.32993,54.83926],[-1.33206,54.84164],[-1.33387,54.84236],[-1.33604,54.84415],[-1.34212,54.85066],[-1.34546,54.85496],[-1.34792,54.85887],[-1.34906,54.86217],[-1.34761,54.863],[-1.34801,54.86472],[-1.35257,54.86912],[-1.356,54.87601],[-1.35562,54.87889],[-1.35406,54.88003],[-1.35806,54.88392],[-1.358,54.88566],[-1.35946,54.88896],[-1.36082,54.8931],[-1.36021,54.89404],[-1.36161,54.89823],[-1.36094,54.89985],[-1.35729,54.90258],[-1.35305,54.90639],[-1.35452,54.90938],[-1.35728,54.91098],[-1.35957,54.914],[-1.36133,54.91721],[-1.36331,54.9157],[-1.36376,54.91359],[-1.36648,54.91357],[-1.37084,54.91006],[-1.37207,54.9096],[-1.37717,54.91009],[-1.38208,54.90933],[-1.38738,54.90969],[-1.39204,54.91152],[-1.39364,54.91353],[-1.39366,54.91593],[-1.39532,54.91661],[-1.39827,54.91643],[-1.40187,54.9137],[-1.40748,54.91287],[-1.41099,54.91364],[-1.41445,54.91575],[-1.4167,54.91631],[-1.42147,54.91646],[-1.42493,54.91537],[-1.428,54.91504],[-1.43172,54.91412],[-1.435,54.91171],[-1.43878,54.91113],[-1.43928,54.91169],[-1.44579,54.91027],[-1.44912,54.90919],[-1.4518,54.90788],[-1.45831,54.90358],[-1.45847,54.90044],[-1.46079,54.89828],[-1.46404,54.89879],[-1.46478,54.90102],[-1.46691,54.90316],[-1.46921,54.90355],[-1.47234,54.90327],[-1.47385,54.90227],[-1.47692,54.89849],[-1.48076,54.89542],[-1.48694,54.89228],[-1.49372,54.89066],[-1.4962,54.88828],[-1.50076,54.88685],[-1.50433,54.88226],[-1.50634,54.88064],[-1.51049,54.8811],[-1.51275,54.88073],[-1.51819,54.87812],[-1.51921,54.87595],[-1.51842,54.87287],[-1.51902,54.872],[-1.52427,54.8716],[-1.52663,54.87107],[-1.53515,54.86597],[-1.53539,54.86626],[-1.52931,54.8696],[-1.52717,54.87118],[-1.52443,54.8719],[-1.51913,54.87241],[-1.51996,54.87602],[-1.51912,54.87792],[-1.51384,54.88088],[-1.51157,54.88147],[-1.5066,54.88103],[-1.50455,54.88288],[-1.50127,54.88716],[-1.49693,54.88843],[-1.49393,54.89108],[-1.48622,54.89313],[-1.48125,54.89591],[-1.47723,54.89956],[-1.47486,54.90285],[-1.47347,54.90361],[-1.47014,54.90405],[-1.46671,54.90371],[-1.46424,54.90171],[-1.46304,54.89908],[-1.46061,54.89905],[-1.45948,54.90042],[-1.45963,54.90349],[-1.4584,54.90459],[-1.45522,54.90613],[-1.45191,54.90888],[-1.4489,54.91037],[-1.44215,54.91256],[-1.43667,54.91356],[-1.43282,54.9156],[-1.42473,54.91776],[-1.42104,54.91801],[-1.41388,54.91744],[-1.40977,54.9144],[-1.40502,54.91423],[-1.40266,54.91467],[-1.39949,54.91709],[-1.39582,54.91793],[-1.39214,54.91653],[-1.39162,54.91282],[-1.38701,54.91048],[-1.383,54.91016],[-1.3772,54.91117],[-1.37327,54.91085],[-1.37097,54.9117],[-1.36916,54.91402],[-1.36944,54.91612],[-1.36708,54.91775],[-1.36854,54.91848],[-1.3668,54.91956],[-1.3656,54.91796],[-1.36281,54.91872],[-1.36347,54.92004],[-1.36332,54.92289],[-1.36613,54.92611],[-1.36713,54.92854],[-1.36547,54.92971],[-1.36542,54.93115],[-1.36748,54.93295],[-1.36789,54.93443],[-1.36752,54.93701],[-1.36634,54.93984],[-1.36463,54.94213],[-1.36323,54.94503],[-1.36057,54.94651],[-1.35985,54.94777],[-1.35808,54.94822],[-1.35616,54.95039],[-1.35706,54.95337],[-1.35542,54.95444],[-1.35545,54.95575],[-1.35328,54.95756],[-1.35509,54.95891],[-1.35566,54.96058],[-1.35494,54.9614],[-1.35682,54.9648],[-1.3601,54.96802],[-1.36155,54.96997],[-1.3608,54.97097],[-1.36362,54.97193],[-1.36549,54.97325],[-1.37096,54.97433],[-1.37489,54.97613],[-1.38084,54.98033],[-1.38196,54.9821],[-1.38044,54.98358],[-1.38119,54.98554],[-1.38502,54.98618],[-1.38576,54.98744],[-1.38783,54.98789],[-1.38861,54.98888],[-1.39133,54.98823],[-1.39344,54.98831],[-1.39431,54.99093],[-1.39703,54.99161],[-1.39978,54.99177],[-1.40076,54.99322],[-1.40389,54.99353],[-1.40747,54.99574],[-1.4109,54.99889],[-1.41439,55.00393],[-1.41416,55.0052],[-1.4186,55.00323],[-1.42148,55.00425],[-1.42456,55.00609],[-1.42525,55.00775],[-1.42761,55.00673],[-1.42929,55.00724],[-1.43755,55.00508],[-1.43964,55.00397],[-1.4404,55.00174],[-1.44012,54.99722],[-1.44937,54.98722],[-1.4515,54.98642],[-1.4616,54.98465],[-1.46233,54.9841],[-1.46599,54.98419],[-1.46837,54.98471],[-1.47188,54.98608],[-1.47559,54.98653],[-1.47933,54.98575],[-1.49199,54.98586],[-1.50294,54.98617],[-1.51104,54.98618],[-1.51928,54.98547],[-1.52453,54.98414],[-1.52839,54.98211],[-1.53008,54.98061],[-1.53183,54.97767],[-1.53264,54.97348],[-1.53271,54.96967],[-1.53532,54.96229],[-1.53823,54.96066],[-1.54472,54.96039],[-1.54784,54.9599],[-1.55243,54.95804],[-1.55602,54.9585],[-1.55851,54.95963],[-1.56285,54.96222],[-1.56826,54.96387],[-1.57207,54.96408],[-1.57645,54.96332],[-1.58042,54.96416],[-1.58275,54.96543],[-1.58806,54.96919],[-1.59103,54.96985],[-1.59409,54.96993],[-1.59814,54.96944],[-1.60456,54.96794],[-1.61001,54.96563],[-1.61432,54.9632],[-1.6152,54.96227],[-1.61956,54.96063],[-1.62967,54.95786],[-1.63198,54.95696],[-1.63494,54.95694],[-1.63739,54.95783],[-1.64174,54.95797],[-1.64274,54.95849],[-1.64834,54.95937],[-1.64901,54.95887],[-1.65956,54.96194],[-1.67073,54.96348],[-1.67632,54.96396],[-1.67909,54.96331],[-1.68335,54.96414],[-1.6903,54.9662],[-1.69742,54.96948],[-1.70147,54.97029],[-1.70575,54.96979],[-1.70771,54.96703],[-1.70976,54.9662],[-1.71886,54.96679],[-1.72323,54.96793],[-1.72687,54.96966],[-1.72803,54.97128],[-1.72738,54.97378],[-1.72849,54.97499],[-1.74674,54.98105],[-1.75049,54.98183],[-1.7534,54.98198],[-1.764,54.9802],[-1.77254,54.98052],[-1.77621,54.98116],[-1.78477,54.98385],[-1.78248,54.98445],[-1.77406,54.98182],[-1.76665,54.98116],[-1.76343,54.98131],[-1.7571,54.98255],[-1.75333,54.98299],[-1.75049,54.98287],[-1.74618,54.98201],[-1.72611,54.97535],[-1.72493,54.97362],[-1.72582,54.97121],[-1.72326,54.96917],[-1.72024,54.9682],[-1.71488,54.96758],[-1.71101,54.96763],[-1.70934,54.96825],[-1.70764,54.96995],[-1.70592,54.97081],[-1.70258,54.97126],[-1.70262,54.97248],[-1.69349,54.96969],[-1.69134,54.96808],[-1.68396,54.96593],[-1.66771,54.96482],[-1.65882,54.96406],[-1.64743,54.96146],[-1.63945,54.96035],[-1.63404,54.96015],[-1.62758,54.96032],[-1.62388,54.96109],[-1.62039,54.96244],[-1.6156,54.96514],[-1.60818,54.96802],[-1.59682,54.97096],[-1.59178,54.97113],[-1.58805,54.97082],[-1.58066,54.96608],[-1.57718,54.96519],[-1.57021,54.96543],[-1.56722,54.96513],[-1.56082,54.96312],[-1.55403,54.96001],[-1.55163,54.96006],[-1.54568,54.962],[-1.54342,54.96213],[-1.54075,54.963],[-1.53693,54.96539],[-1.53494,54.97861],[-1.5323,54.98262],[-1.52962,54.98472],[-1.52378,54.9869],[-1.51952,54.98778],[-1.50178,54.98853],[-1.48895,54.98854],[-1.48198,54.98822],[-1.47334,54.98896],[-1.47462,54.99013],[-1.47057,54.99058],[-1.47181,54.98916],[-1.46079,54.98856],[-1.45858,54.98891],[-1.45651,54.98857],[-1.45325,54.98981],[-1.44872,54.99307],[-1.44742,54.99588],[-1.45043,54.99595],[-1.44634,54.998],[-1.44525,55.00273],[-1.44264,55.00636],[-1.43669,55.00839],[-1.43273,55.00904],[-1.43233,55.01055],[-1.42974,55.01332],[-1.42585,55.01401],[-1.42228,55.01377],[-1.41767,55.01411],[-1.41628,55.01527],[-1.41539,55.01844],[-1.41848,55.0185],[-1.42071,55.01958],[-1.42009,55.02038],[-1.41986,55.02299],[-1.42241,55.02281],[-1.42393,55.02363],[-1.42717,55.02643],[-1.42933,55.03076],[-1.42856,55.03305],[-1.43175,55.03344],[-1.43246,55.03435],[-1.43064,55.03717],[-1.42852,55.03792],[-1.43233,55.0386],[-1.43179,55.04089],[-1.43654,55.04241],[-1.43953,55.04422],[-1.44156,55.04478],[-1.44578,55.04826],[-1.44846,55.05079],[-1.45186,55.0555],[-1.45356,55.06039],[-1.45494,55.06225],[-1.45504,55.06417],[-1.45427,55.06579],[-1.45203,55.06689],[-1.45213,55.06866],[-1.45325,55.06989],[-1.45593,55.07017],[-1.45792,55.07131],[-1.45891,55.0736],[-1.46179,55.07431],[-1.46363,55.07681],[-1.46388,55.07963],[-1.46844,55.07963],[-1.46926,55.0801],[-1.47079,55.08286],[-1.47005,55.08485],[-1.47238,55.0856],[-1.47613,55.08567],[-1.47871,55.08715],[-1.48595,55.09267],[-1.48889,55.09536],[-1.4946,55.10241],[-1.49777,55.10814],[-1.49848,55.11265],[-1.4978,55.11498],[-1.49562,55.11738],[-1.49771,55.11776],[-1.49858,55.12039],[-1.49677,55.12382],[-1.49737,55.12514],[-1.50038,55.12792],[-1.51027,55.1315],[-1.51149,55.13248],[-1.51974,55.13578],[-1.52871,55.13647],[-1.53717,55.13441],[-1.5379,55.13466],[-1.54468,55.1338],[-1.54832,55.13452],[-1.55195,55.13329],[-1.55436,55.13334],[-1.56396,55.13432],[-1.55833,55.13458],[-1.55435,55.13421],[-1.54862,55.13583],[-1.54556,55.13501],[-1.54366,55.13615],[-1.54079,55.1362],[-1.53394,55.1376],[-1.53813,55.13977],[-1.54053,55.14174],[-1.54349,55.14234],[-1.546,55.14156],[-1.54967,55.14278],[-1.55212,55.14287],[-1.55368,55.14495],[-1.55955,55.14633],[-1.5575,55.14687],[-1.55348,55.1452],[-1.55129,55.14359],[-1.5502,55.14367],[-1.54625,55.14235],[-1.5438,55.14313],[-1.54111,55.14322],[-1.53456,55.13935],[-1.53171,55.13916],[-1.5302,55.13984],[-1.51927,55.14263],[-1.51742,55.14021],[-1.51773,55.13848],[-1.51559,55.13618],[-1.51328,55.13521],[-1.51129,55.13512],[-1.50741,55.13345],[-1.50412,55.13056],[-1.50182,55.12996],[-1.49853,55.12848],[-1.48929,55.11857],[-1.48893,55.1186]]],[[[-2.02585,55.80268],[-2.02839,55.803],[-2.03114,55.80418],[-2.03176,55.80545],[-2.02968,55.8074],[-2.0319,55.80963],[-2.03442,55.81112],[-2.04173,55.80781],[-2.04185,55.80728],[-2.04561,55.80532],[-2.05264,55.80251],[-2.05594,55.80292],[-2.06224,55.80273],[-2.06495,55.80184],[-2.06715,55.80025],[-2.0671,55.79851],[-2.07253,55.79707],[-2.07697,55.79412],[-2.07931,55.79371],[-2.08197,55.79389],[-2.08457,55.79288],[-2.08612,55.79305],[-2.08828,55.79021],[-2.08824,55.78559],[-2.08627,55.78409],[-2.08585,55.78257],[-2.08682,55.7781],[-2.08656,55.77495],[-2.08751,55.77218],[-2.08739,55.7708],[-2.08573,55.76806],[-2.08613,55.76533],[-2.08574,55.76274],[-2.07134,55.76099],[-2.06661,55.76122],[-2.05472,55.75824],[-2.04562,55.75918],[-2.04489,55.76007],[-2.04076,55.76058],[-2.03797,55.76228],[-2.03636,55.76585],[-2.03605,55.77019],[-2.03397,55.77131],[-2.02718,55.77244],[-2.02331,55.77387],[-2.01804,55.77462],[-2.01468,55.77451],[-2.01118,55.77254],[-2.00492,55.76754],[-2.00424,55.76548],[-2.00172,55.76558],[-1.99825,55.76714],[-1.99274,55.76759],[-1.99098,55.76801],[-1.99364,55.77215],[-1.99304,55.77375],[-1.99621,55.7755],[-1.99744,55.77675],[-1.99686,55.77818],[-1.99471,55.77967],[-1.99944,55.78057],[-2.00136,55.78248],[-1.99972,55.78296],[-1.99994,55.78596],[-2.00413,55.7875],[-2.00845,55.79062],[-2.01081,55.79064],[-2.01296,55.79177],[-2.01382,55.79306],[-2.01635,55.79401],[-2.0167,55.79539],[-2.01902,55.79675],[-2.02058,55.79875],[-2.02412,55.80188],[-2.02585,55.80268]]]]}},{"type":"Feature","properties":{"countryCode":"GB","code":"E12000002","nom":"Nord-Ouest","outreMer":false},"geometry":{"type":"MultiPolygon","coordinates":[[[[-2.68979,55.18898],[-2.68997,55.18828],[-2.69335,55.18564],[-2.69377,55.18449],[-2.69773,55.17985],[-2.6999,55.17788],[-2.69971,55.1769],[-2.70099,55.17537],[-2.70268,55.17453],[-2.70348,55.17317],[-2.70694,55.17241],[-2.71457,55.17167],[-2.71981,55.17046],[-2.72092,55.16963],[-2.72477,55.16868],[-2.72942,55.1683],[-2.73383,55.16665],[-2.73496,55.16455],[-2.73762,55.16278],[-2.73982,55.16272],[-2.743,55.161],[-2.74525,55.16023],[-2.74625,55.15823],[-2.74866,55.15819],[-2.75077,55.15727],[-2.7542,55.15654],[-2.75407,55.15579],[-2.75729,55.1549],[-2.76028,55.1548],[-2.76134,55.1534],[-2.76558,55.15263],[-2.76658,55.15157],[-2.76993,55.14997],[-2.77493,55.14929],[-2.77503,55.14811],[-2.78192,55.14575],[-2.78421,55.14347],[-2.78485,55.14179],[-2.78984,55.14169],[-2.79079,55.13986],[-2.79277,55.14029],[-2.79697,55.13883],[-2.79991,55.13839],[-2.80191,55.13886],[-2.80433,55.13752],[-2.8074,55.13698],[-2.80959,55.13711],[-2.81278,55.13617],[-2.81581,55.13782],[-2.8181,55.13739],[-2.81932,55.13845],[-2.82329,55.13791],[-2.8255,55.13831],[-2.82728,55.13619],[-2.83247,55.13314],[-2.83253,55.13111],[-2.82955,55.12865],[-2.82674,55.12696],[-2.82761,55.12484],[-2.83262,55.12147],[-2.83553,55.12134],[-2.84024,55.12252],[-2.84219,55.12105],[-2.8383,55.11842],[-2.83902,55.11686],[-2.84111,55.11806],[-2.84367,55.11673],[-2.84646,55.11436],[-2.84468,55.11241],[-2.8452,55.11149],[-2.84811,55.11158],[-2.85012,55.11105],[-2.85209,55.10849],[-2.85854,55.10835],[-2.86208,55.10791],[-2.86374,55.1067],[-2.86758,55.1071],[-2.87074,55.10634],[-2.87157,55.1049],[-2.87168,55.1029],[-2.87282,55.10188],[-2.87133,55.10028],[-2.87443,55.09751],[-2.87611,55.09656],[-2.87687,55.0952],[-2.87898,55.0948],[-2.88414,55.09545],[-2.88629,55.09481],[-2.88587,55.0935],[-2.88232,55.09295],[-2.88303,55.09078],[-2.88623,55.08932],[-2.88381,55.08816],[-2.88603,55.08667],[-2.88972,55.08717],[-2.89073,55.08825],[-2.89331,55.08785],[-2.89374,55.08639],[-2.89263,55.08502],[-2.89688,55.07795],[-2.89986,55.07699],[-2.90623,55.07758],[-2.91057,55.07711],[-2.91243,55.07891],[-2.915,55.07896],[-2.9173,55.07808],[-2.91664,55.07615],[-2.91727,55.07512],[-2.92208,55.07211],[-2.92735,55.07033],[-2.9304,55.07044],[-2.93289,55.07126],[-2.93488,55.07114],[-2.93912,55.06985],[-2.94201,55.06809],[-2.94301,55.06416],[-2.94126,55.06222],[-2.93738,55.06066],[-2.93731,55.05911],[-2.93907,55.05925],[-2.94385,55.05814],[-2.94799,55.05554],[-2.95069,55.05548],[-2.95542,55.05462],[-2.95656,55.05348],[-2.95859,55.04929],[-2.96455,55.05007],[-2.97229,55.05024],[-3.00008,55.05247],[-3.0212,55.05489],[-3.02755,55.05528],[-3.03417,55.05542],[-3.0392,55.0552],[-3.04317,55.05566],[-3.04362,55.05497],[-3.04801,55.05307],[-3.05093,55.0528],[-3.0512,55.05127],[-3.05345,55.04951],[-3.05342,55.04728],[-3.05179,55.04753],[-3.05071,55.04883],[-3.04694,55.04737],[-3.04339,55.04737],[-3.04366,55.04475],[-3.04012,55.04479],[-3.0385,55.0437],[-3.04033,55.04147],[-3.03815,55.04134],[-3.03577,55.03932],[-3.03402,55.039],[-3.03218,55.03987],[-3.03105,55.03798],[-3.02588,55.03649],[-3.02629,55.03505],[-3.02825,55.03415],[-3.03015,55.03408],[-3.03177,55.03286],[-3.03235,55.03084],[-3.03432,55.02991],[-3.03224,55.02831],[-3.03188,55.02617],[-3.03024,55.02465],[-3.03427,55.02408],[-3.0344,55.02295],[-3.03668,55.02192],[-3.04013,55.02264],[-3.04237,55.01957],[-3.04057,55.0187],[-3.04194,55.0141],[-3.04518,55.01265],[-3.04546,55.01066],[-3.04744,55.01075],[-3.04946,55.0094],[-3.04974,55.0077],[-3.04867,55.00678],[-3.04613,55.00793],[-3.04494,55.00766],[-3.04506,55.00605],[-3.04684,55.00472],[-3.04644,55.00059],[-3.0442,54.99844],[-3.04935,54.99696],[-3.05273,54.99456],[-3.052,54.99323],[-3.05772,54.99157],[-3.05728,54.98872],[-3.05526,54.98678],[-3.05013,54.98646],[-3.04793,54.98553],[-3.04506,54.98241],[-3.04544,54.97847],[-3.04064,54.97664],[-3.03907,54.97474],[-3.03924,54.97293],[-3.0416,54.9701],[-3.04035,54.9688],[-3.03592,54.96898],[-3.02792,54.9702],[-3.00973,54.97474],[-3.00895,54.97429],[-3.02016,54.97114],[-3.03261,54.96813],[-3.03751,54.9673],[-3.04044,54.9681],[-3.04257,54.96948],[-3.04287,54.97139],[-3.04195,54.97449],[-3.04568,54.97557],[-3.04785,54.9787],[-3.04719,54.9813],[-3.04823,54.98339],[-3.05278,54.98454],[-3.05646,54.98457],[-3.06042,54.98502],[-3.06479,54.98329],[-3.06748,54.98129],[-3.07247,54.97497],[-3.07132,54.97391],[-3.07491,54.9736],[-3.08394,54.97149],[-3.08543,54.97034],[-3.08547,54.96863],[-3.08457,54.96659],[-3.08666,54.96465],[-3.0892,54.96479],[-3.09108,54.96259],[-3.09313,54.96253],[-3.0952,54.96322],[-3.09979,54.9608],[-3.102,54.95914],[-3.10435,54.95809],[-3.11161,54.95763],[-3.11159,54.95668],[-3.10789,54.95417],[-3.10871,54.9529],[-3.11149,54.95514],[-3.11534,54.95697],[-3.11727,54.95591],[-3.11777,54.95392],[-3.11626,54.95158],[-3.10947,54.94845],[-3.10611,54.94797],[-3.10111,54.94657],[-3.1048,54.94611],[-3.10966,54.94652],[-3.10959,54.94808],[-3.11649,54.95156],[-3.11958,54.95432],[-3.12707,54.95092],[-3.12673,54.94939],[-3.12314,54.9459],[-3.11756,54.94619],[-3.11698,54.94571],[-3.1252,54.94405],[-3.12434,54.94162],[-3.12023,54.93586],[-3.11789,54.93356],[-3.11329,54.93228],[-3.10946,54.93202],[-3.10499,54.93326],[-3.10323,54.93503],[-3.10192,54.93551],[-3.0978,54.93866],[-3.09467,54.9391],[-3.08999,54.93883],[-3.08957,54.94038],[-3.08625,54.94119],[-3.08363,54.93995],[-3.07997,54.94084],[-3.07232,54.94477],[-3.07348,54.94595],[-3.07593,54.94669],[-3.07349,54.94767],[-3.06919,54.94758],[-3.06573,54.94817],[-3.06387,54.94903],[-3.0522,54.95027],[-3.04737,54.94899],[-3.04024,54.94617],[-3.03833,54.94573],[-3.02815,54.9461],[-3.02213,54.94729],[-3.01553,54.94813],[-3.01324,54.94807],[-3.00836,54.94709],[-3.00587,54.94496],[-3.00503,54.9429],[-3.0022,54.94023],[-3.00187,54.93875],[-2.99924,54.93632],[-2.99932,54.93515],[-3.00597,54.93059],[-3.00697,54.93116],[-3.00377,54.93368],[-3.00357,54.93597],[-3.00275,54.93804],[-3.0041,54.94017],[-3.00582,54.94153],[-3.007,54.94461],[-3.00943,54.94647],[-3.01627,54.94713],[-3.01902,54.94683],[-3.0299,54.94442],[-3.0358,54.94423],[-3.04056,54.9447],[-3.04876,54.94639],[-3.05643,54.94602],[-3.05831,54.94525],[-3.06282,54.94501],[-3.06534,54.94136],[-3.06762,54.93937],[-3.07266,54.93693],[-3.08471,54.93439],[-3.0852,54.93405],[-3.09648,54.9318],[-3.10229,54.92859],[-3.10751,54.9272],[-3.11233,54.92673],[-3.11669,54.92686],[-3.12479,54.92822],[-3.13488,54.92751],[-3.14016,54.9279],[-3.14294,54.92872],[-3.1453,54.93095],[-3.15118,54.93202],[-3.1542,54.9333],[-3.15576,54.93477],[-3.1551,54.93625],[-3.15655,54.93759],[-3.16949,54.94071],[-3.17347,54.94089],[-3.17803,54.94195],[-3.18191,54.94451],[-3.18404,54.94662],[-3.18586,54.94959],[-3.18749,54.95027],[-3.19772,54.952],[-3.20198,54.9534],[-3.21148,54.95431],[-3.21775,54.95326],[-3.22256,54.95206],[-3.22838,54.95161],[-3.23089,54.9521],[-3.23266,54.95032],[-3.24107,54.94593],[-3.24329,54.94516],[-3.24951,54.94396],[-3.25377,54.94399],[-3.25665,54.94341],[-3.26511,54.94312],[-3.27249,54.9421],[-3.28111,54.94243],[-3.28514,54.94156],[-3.29141,54.93734],[-3.29897,54.92924],[-3.30258,54.92793],[-3.3048,54.92618],[-3.30853,54.9254],[-3.31391,54.92078],[-3.31521,54.91832],[-3.31338,54.91465],[-3.30935,54.91208],[-3.30322,54.9092],[-3.301,54.90961],[-3.29779,54.90739],[-3.29264,54.90662],[-3.28563,54.90443],[-3.27232,54.89957],[-3.26954,54.90009],[-3.26624,54.90447],[-3.26056,54.91049],[-3.25709,54.91185],[-3.25311,54.91255],[-3.24875,54.91378],[-3.24654,54.91361],[-3.24436,54.91169],[-3.23347,54.91139],[-3.22996,54.90752],[-3.22754,54.906],[-3.22413,54.90665],[-3.22295,54.90598],[-3.22213,54.90391],[-3.22079,54.90231],[-3.21572,54.90385],[-3.21397,54.9053],[-3.21216,54.90507],[-3.21644,54.90282],[-3.22001,54.90182],[-3.22225,54.90195],[-3.22356,54.90386],[-3.22982,54.90581],[-3.23337,54.90927],[-3.23942,54.90919],[-3.24628,54.91031],[-3.24897,54.91168],[-3.25234,54.91123],[-3.255,54.90972],[-3.25522,54.90482],[-3.25389,54.90305],[-3.25378,54.90148],[-3.25545,54.89764],[-3.25715,54.89734],[-3.25956,54.89582],[-3.25998,54.89457],[-3.2667,54.89377],[-3.27062,54.89172],[-3.27879,54.89216],[-3.28394,54.8929],[-3.28675,54.89203],[-3.28779,54.8902],[-3.28737,54.88944],[-3.28402,54.88872],[-3.28371,54.88427],[-3.28218,54.88287],[-3.28176,54.88041],[-3.27962,54.87889],[-3.2791,54.87725],[-3.27948,54.87436],[-3.28088,54.87173],[-3.28378,54.86921],[-3.28483,54.86742],[-3.28408,54.8652],[-3.28109,54.86375],[-3.28011,54.86219],[-3.28264,54.86225],[-3.28509,54.86429],[-3.28642,54.86883],[-3.28493,54.87121],[-3.28288,54.87338],[-3.28211,54.876],[-3.28545,54.87822],[-3.28699,54.8788],[-3.2903,54.87908],[-3.29331,54.88037],[-3.29612,54.88242],[-3.30051,54.88472],[-3.30592,54.88587],[-3.31122,54.88812],[-3.3179,54.88923],[-3.32475,54.88907],[-3.32871,54.89011],[-3.32988,54.88966],[-3.33609,54.89122],[-3.33897,54.89367],[-3.34024,54.89568],[-3.34457,54.89503],[-3.34091,54.89722],[-3.33518,54.89863],[-3.33837,54.90032],[-3.34129,54.9003],[-3.34511,54.89967],[-3.35057,54.89771],[-3.35416,54.89573],[-3.35875,54.89381],[-3.36653,54.89167],[-3.37611,54.88429],[-3.3774,54.88351],[-3.38617,54.87502],[-3.39332,54.87044],[-3.39728,54.86944],[-3.39415,54.86854],[-3.39476,54.86781],[-3.39792,54.8686],[-3.39986,54.86742],[-3.4015,54.86338],[-3.40311,54.86276],[-3.40458,54.86057],[-3.405,54.85636],[-3.40615,54.85496],[-3.40903,54.84406],[-3.41492,54.83418],[-3.4196,54.82837],[-3.42504,54.82059],[-3.42744,54.81838],[-3.43091,54.81107],[-3.43515,54.80625],[-3.43771,54.802],[-3.43838,54.79975],[-3.43763,54.79561],[-3.43337,54.78738],[-3.43139,54.78121],[-3.43193,54.77256],[-3.43449,54.76237],[-3.43662,54.75887],[-3.44111,54.75469],[-3.44542,54.75217],[-3.45168,54.74812],[-3.4563,54.74404],[-3.46106,54.74057],[-3.46559,54.73824],[-3.47183,54.73615],[-3.479,54.73238],[-3.48351,54.73066],[-3.48517,54.72967],[-3.49037,54.72782],[-3.49581,54.72423],[-3.49831,54.72072],[-3.49859,54.71964],[-3.50228,54.71625],[-3.50494,54.71558],[-3.50755,54.71597],[-3.50745,54.71693],[-3.5094,54.71741],[-3.51008,54.71094],[-3.51162,54.70632],[-3.51348,54.70431],[-3.51432,54.70072],[-3.51569,54.69912],[-3.51921,54.69269],[-3.52624,54.68581],[-3.52987,54.68351],[-3.53348,54.68187],[-3.53814,54.6788],[-3.54355,54.67658],[-3.54763,54.67387],[-3.55004,54.67036],[-3.55316,54.66741],[-3.55803,54.66405],[-3.56109,54.66242],[-3.56132,54.6581],[-3.5632,54.65715],[-3.5639,54.65528],[-3.567,54.65383],[-3.56871,54.65118],[-3.56801,54.64974],[-3.5634,54.64814],[-3.55661,54.64912],[-3.5584,54.64793],[-3.56453,54.64703],[-3.56746,54.6489],[-3.57197,54.649],[-3.57778,54.65194],[-3.57878,54.65195],[-3.57587,54.64666],[-3.5746,54.63934],[-3.57552,54.63519],[-3.57317,54.63143],[-3.57354,54.63068],[-3.57187,54.62848],[-3.56978,54.62314],[-3.57084,54.61969],[-3.57069,54.61853],[-3.56897,54.61597],[-3.56817,54.61215],[-3.57128,54.6117],[-3.57025,54.60914],[-3.57055,54.6076],[-3.57185,54.60672],[-3.57073,54.60278],[-3.57255,54.60069],[-3.57586,54.59813],[-3.57677,54.59521],[-3.57838,54.59316],[-3.5804,54.59274],[-3.58076,54.59168],[-3.58294,54.59078],[-3.58214,54.58961],[-3.58175,54.58684],[-3.5834,54.58323],[-3.58269,54.58221],[-3.58192,54.57541],[-3.58035,54.57203],[-3.58294,54.57036],[-3.58382,54.56854],[-3.5834,54.5657],[-3.58441,54.56415],[-3.58895,54.56106],[-3.5903,54.55945],[-3.59014,54.55467],[-3.59111,54.55217],[-3.59291,54.55073],[-3.59562,54.54964],[-3.59866,54.55093],[-3.59901,54.54935],[-3.60256,54.54257],[-3.6033,54.54204],[-3.60311,54.5401],[-3.60594,54.53271],[-3.60725,54.53083],[-3.61169,54.52753],[-3.61328,54.52526],[-3.61488,54.52465],[-3.62271,54.52282],[-3.62554,54.52074],[-3.62979,54.52013],[-3.63851,54.5179],[-3.63979,54.51444],[-3.63894,54.51203],[-3.63595,54.50719],[-3.63353,54.50497],[-3.63037,54.50428],[-3.62711,54.50206],[-3.62623,54.50005],[-3.62284,54.49598],[-3.61961,54.49093],[-3.61679,54.48996],[-3.61078,54.49017],[-3.60813,54.49097],[-3.60366,54.48887],[-3.59329,54.48229],[-3.59105,54.48013],[-3.5903,54.47832],[-3.5862,54.47582],[-3.58475,54.47385],[-3.5823,54.4721],[-3.58114,54.46934],[-3.57967,54.46818],[-3.57843,54.46507],[-3.57496,54.46255],[-3.57029,54.45999],[-3.56785,54.45811],[-3.567,54.4564],[-3.56423,54.45425],[-3.56356,54.45193],[-3.55532,54.44781],[-3.54196,54.43882],[-3.52574,54.42573],[-3.51579,54.41855],[-3.50831,54.41222],[-3.50694,54.41257],[-3.51315,54.41778],[-3.51256,54.4179],[-3.50764,54.41383],[-3.50476,54.41053],[-3.50543,54.40955],[-3.49253,54.40112],[-3.47639,54.38634],[-3.47453,54.38376],[-3.47263,54.37915],[-3.47243,54.37721],[-3.47333,54.3755],[-3.47177,54.37521],[-3.46088,54.36459],[-3.44229,54.35023],[-3.43472,54.34392],[-3.43149,54.34232],[-3.42934,54.34225],[-3.42516,54.34496],[-3.41811,54.34846],[-3.41677,54.3499],[-3.4176,54.35115],[-3.41964,54.35236],[-3.42074,54.35391],[-3.42432,54.3534],[-3.433,54.35448],[-3.43553,54.35606],[-3.43935,54.35779],[-3.44065,54.35908],[-3.44075,54.36103],[-3.44205,54.36153],[-3.44123,54.36345],[-3.43943,54.36421],[-3.4422,54.36701],[-3.44342,54.36901],[-3.44244,54.36956],[-3.43989,54.36683],[-3.43662,54.36507],[-3.43592,54.36319],[-3.43764,54.36172],[-3.43792,54.3605],[-3.43577,54.35943],[-3.43503,54.35824],[-3.43269,54.35662],[-3.42985,54.35575],[-3.42837,54.35603],[-3.42674,54.35889],[-3.42252,54.3597],[-3.41796,54.35876],[-3.41481,54.35694],[-3.4127,54.35817],[-3.4135,54.35947],[-3.41249,54.36246],[-3.40672,54.36255],[-3.40421,54.36203],[-3.40398,54.36122],[-3.40782,54.36062],[-3.40974,54.35919],[-3.41192,54.35397],[-3.41165,54.35297],[-3.40943,54.35275],[-3.4066,54.35106],[-3.4052,54.34839],[-3.40586,54.34444],[-3.4058,54.34247],[-3.40703,54.34125],[-3.40502,54.33829],[-3.40403,54.33923],[-3.40038,54.33949],[-3.398,54.34035],[-3.38983,54.34183],[-3.3894,54.34461],[-3.3872,54.34554],[-3.38675,54.3427],[-3.38789,54.34106],[-3.39222,54.3397],[-3.39919,54.33524],[-3.40297,54.33529],[-3.4088,54.33653],[-3.41123,54.33755],[-3.41206,54.33908],[-3.41039,54.34084],[-3.40983,54.34252],[-3.41089,54.34522],[-3.40895,54.34889],[-3.41,54.35035],[-3.41232,54.34981],[-3.41434,54.34533],[-3.42141,54.34108],[-3.42324,54.33914],[-3.42369,54.33646],[-3.42508,54.33264],[-3.42491,54.32868],[-3.41757,54.3141],[-3.41613,54.30923],[-3.4158,54.30528],[-3.41596,54.30148],[-3.41748,54.29713],[-3.41855,54.2963],[-3.42093,54.29593],[-3.42269,54.29394],[-3.42215,54.29127],[-3.41993,54.28775],[-3.42093,54.28573],[-3.42051,54.28392],[-3.41716,54.27978],[-3.41357,54.27612],[-3.41095,54.27385],[-3.40888,54.27136],[-3.40472,54.26785],[-3.40373,54.26432],[-3.39409,54.25436],[-3.3927,54.25328],[-3.38918,54.25177],[-3.38657,54.24924],[-3.37929,54.24434],[-3.36493,54.23178],[-3.35114,54.21874],[-3.33101,54.19746],[-3.32417,54.19152],[-3.32003,54.18959],[-3.31588,54.18867],[-3.31159,54.18866],[-3.30101,54.18772],[-3.28952,54.18791],[-3.28864,54.18877],[-3.27659,54.19057],[-3.28269,54.19113],[-3.29089,54.19029],[-3.28799,54.19248],[-3.29799,54.18998],[-3.28841,54.19359],[-3.28591,54.19621],[-3.28176,54.19716],[-3.27591,54.19246],[-3.27358,54.19134],[-3.2689,54.19019],[-3.26261,54.19038],[-3.25631,54.19258],[-3.25423,54.19154],[-3.25061,54.19464],[-3.24824,54.19581],[-3.24538,54.19902],[-3.24512,54.20088],[-3.24039,54.20314],[-3.23998,54.20416],[-3.24519,54.20833],[-3.24985,54.20951],[-3.25001,54.21135],[-3.24931,54.21268],[-3.2505,54.21558],[-3.25339,54.21581],[-3.25364,54.21746],[-3.25046,54.21717],[-3.2495,54.21833],[-3.25035,54.22034],[-3.24612,54.22303],[-3.24428,54.22262],[-3.24537,54.22134],[-3.24296,54.22087],[-3.2409,54.22179],[-3.24179,54.22296],[-3.2411,54.22397],[-3.23779,54.22231],[-3.23774,54.22113],[-3.2351,54.22096],[-3.23364,54.22272],[-3.23207,54.22197],[-3.22861,54.22329],[-3.22914,54.22425],[-3.22689,54.22541],[-3.2254,54.2274],[-3.22684,54.22842],[-3.23018,54.22927],[-3.22873,54.23023],[-3.22538,54.23044],[-3.22155,54.22948],[-3.21954,54.23157],[-3.21838,54.23348],[-3.21873,54.23547],[-3.21626,54.23677],[-3.21728,54.23851],[-3.22114,54.24137],[-3.22295,54.2436],[-3.22551,54.24781],[-3.22754,54.24956],[-3.2234,54.25097],[-3.22272,54.25361],[-3.22811,54.25579],[-3.22951,54.25674],[-3.23089,54.25962],[-3.22967,54.26184],[-3.22567,54.26443],[-3.22502,54.26562],[-3.2277,54.26692],[-3.22757,54.26841],[-3.22581,54.26855],[-3.22432,54.26634],[-3.2243,54.26411],[-3.22865,54.26073],[-3.22883,54.25816],[-3.22525,54.25708],[-3.22009,54.25661],[-3.21619,54.25585],[-3.212,54.25163],[-3.21194,54.25027],[-3.21281,54.24764],[-3.2117,54.24617],[-3.20717,54.24323],[-3.20474,54.24255],[-3.20238,54.24078],[-3.20043,54.23835],[-3.19717,54.22969],[-3.19412,54.22852],[-3.19376,54.23039],[-3.19186,54.23037],[-3.19272,54.22824],[-3.19431,54.22715],[-3.19853,54.22227],[-3.20133,54.21702],[-3.20266,54.21178],[-3.20557,54.20902],[-3.20764,54.20813],[-3.21223,54.20826],[-3.21187,54.2047],[-3.21245,54.20122],[-3.21205,54.19987],[-3.21464,54.1968],[-3.21456,54.19511],[-3.2159,54.19258],[-3.21651,54.18952],[-3.21845,54.18715],[-3.22159,54.18833],[-3.22307,54.18778],[-3.21517,54.1848],[-3.21561,54.18126],[-3.21716,54.17749],[-3.2184,54.1769],[-3.22332,54.17314],[-3.22757,54.17233],[-3.23024,54.17146],[-3.23394,54.1711],[-3.24127,54.17211],[-3.24391,54.17176],[-3.24639,54.17196],[-3.25062,54.17071],[-3.25461,54.17023],[-3.25653,54.16874],[-3.25769,54.16593],[-3.25621,54.16275],[-3.25192,54.15973],[-3.25195,54.15736],[-3.24962,54.15485],[-3.24712,54.15499],[-3.24541,54.15777],[-3.24224,54.1578],[-3.23928,54.15706],[-3.2376,54.15582],[-3.23706,54.15387],[-3.23811,54.15186],[-3.24013,54.15081],[-3.24068,54.14864],[-3.24004,54.14488],[-3.24123,54.14167],[-3.24268,54.14049],[-3.24423,54.13671],[-3.24401,54.1339],[-3.24476,54.13174],[-3.24404,54.12836],[-3.24487,54.12648],[-3.24396,54.12346],[-3.24514,54.11859],[-3.24487,54.11689],[-3.24149,54.11288],[-3.24265,54.11158],[-3.2421,54.10933],[-3.23925,54.10407],[-3.23541,54.10118],[-3.23346,54.10103],[-3.23216,54.09993],[-3.23272,54.09909],[-3.23066,54.09828],[-3.22898,54.09579],[-3.22637,54.09382],[-3.22421,54.09412],[-3.2194,54.09341],[-3.2201,54.09479],[-3.21479,54.09805],[-3.19421,54.10424],[-3.19105,54.10263],[-3.18787,54.09933],[-3.18606,54.09608],[-3.18513,54.09566],[-3.18563,54.0937],[-3.1879,54.09259],[-3.18686,54.09047],[-3.18578,54.09023],[-3.18216,54.08815],[-3.17776,54.08624],[-3.17623,54.08459],[-3.17369,54.08332],[-3.17343,54.08223],[-3.1749,54.07661],[-3.17588,54.07504],[-3.17557,54.07377],[-3.1729,54.07406],[-3.17448,54.07609],[-3.17346,54.07957],[-3.17143,54.07963],[-3.16653,54.0769],[-3.16581,54.07466],[-3.15584,54.06972],[-3.15477,54.06858],[-3.15402,54.06633],[-3.15074,54.06481],[-3.15011,54.06587],[-3.15311,54.06787],[-3.15788,54.07159],[-3.16082,54.0731],[-3.16462,54.07447],[-3.1664,54.0769],[-3.17027,54.07921],[-3.17207,54.08076],[-3.17219,54.08211],[-3.16943,54.08314],[-3.168,54.08226],[-3.1649,54.08319],[-3.1612,54.08673],[-3.15881,54.08777],[-3.15454,54.09064],[-3.1491,54.09357],[-3.14197,54.09716],[-3.14089,54.09805],[-3.1317,54.10208],[-3.13032,54.10354],[-3.13029,54.1054],[-3.12715,54.10746],[-3.12225,54.10948],[-3.12079,54.11253],[-3.11561,54.11537],[-3.10784,54.11777],[-3.1049,54.11974],[-3.10399,54.12119],[-3.10436,54.12274],[-3.10178,54.12509],[-3.10064,54.12797],[-3.09876,54.12918],[-3.09481,54.13097],[-3.09289,54.13243],[-3.09081,54.13475],[-3.08735,54.13656],[-3.08774,54.13817],[-3.0853,54.1413],[-3.08371,54.147],[-3.07929,54.15049],[-3.07774,54.15417],[-3.07053,54.15912],[-3.06722,54.16041],[-3.06085,54.16204],[-3.06079,54.16419],[-3.05988,54.16657],[-3.06012,54.16959],[-3.05868,54.17179],[-3.0601,54.17436],[-3.06078,54.17693],[-3.0627,54.17848],[-3.06209,54.18187],[-3.05971,54.18395],[-3.05697,54.18691],[-3.05537,54.18806],[-3.0534,54.18842],[-3.05341,54.19046],[-3.05426,54.1909],[-3.05497,54.19353],[-3.05481,54.19543],[-3.05319,54.19886],[-3.04983,54.20058],[-3.04462,54.19943],[-3.04411,54.20074],[-3.04036,54.20281],[-3.03915,54.20433],[-3.04015,54.20665],[-3.03929,54.20846],[-3.03772,54.20861],[-3.03714,54.20981],[-3.03279,54.21265],[-3.03484,54.21523],[-3.04019,54.21744],[-3.04567,54.21914],[-3.04737,54.2181],[-3.04928,54.21801],[-3.05186,54.21948],[-3.05313,54.221],[-3.05221,54.22625],[-3.05241,54.23122],[-3.05154,54.23304],[-3.04915,54.23541],[-3.04821,54.23718],[-3.04791,54.23942],[-3.04625,54.24057],[-3.04016,54.24021],[-3.03787,54.2398],[-3.0367,54.24053],[-3.03649,54.24305],[-3.03564,54.24434],[-3.03148,54.24522],[-3.02984,54.24352],[-3.02804,54.24283],[-3.02731,54.24161],[-3.02835,54.24057],[-3.03154,54.23879],[-3.02907,54.23741],[-3.02631,54.2403],[-3.02544,54.24016],[-3.02809,54.23711],[-3.03023,54.23689],[-3.03181,54.23842],[-3.03134,54.23998],[-3.0287,54.24137],[-3.03075,54.24308],[-3.03371,54.24317],[-3.0332,54.24085],[-3.03416,54.23962],[-3.0367,54.23884],[-3.03801,54.23747],[-3.04343,54.23725],[-3.04537,54.23587],[-3.04764,54.23496],[-3.04872,54.23328],[-3.04762,54.22931],[-3.04627,54.22675],[-3.04281,54.22657],[-3.03522,54.22825],[-3.03307,54.22804],[-3.03109,54.2268],[-3.03159,54.22539],[-3.02923,54.22227],[-3.02802,54.22133],[-3.02757,54.21927],[-3.02344,54.21697],[-3.02184,54.21455],[-3.02233,54.21201],[-3.02091,54.21058],[-3.01775,54.20994],[-3.01751,54.209],[-3.01456,54.20677],[-3.01453,54.20388],[-3.01699,54.20165],[-3.02016,54.20072],[-3.02282,54.20102],[-3.02409,54.2001],[-3.02511,54.19822],[-3.03474,54.19629],[-3.03081,54.19488],[-3.02925,54.19389],[-3.02911,54.19163],[-3.02701,54.18964],[-3.02211,54.18574],[-3.01859,54.18385],[-3.01195,54.17936],[-3.00952,54.17616],[-3.00997,54.17521],[-3.00649,54.17225],[-3.0043,54.17194],[-3.00149,54.17226],[-2.99731,54.17339],[-2.99671,54.17068],[-2.99941,54.16964],[-3.00206,54.1667],[-3.0011,54.16412],[-3.00113,54.16242],[-3.00267,54.16068],[-3.00145,54.15812],[-3.0017,54.15669],[-2.99987,54.15476],[-2.99538,54.15511],[-2.9939,54.15624],[-2.98897,54.15404],[-2.98456,54.15298],[-2.98004,54.15248],[-2.97367,54.15284],[-2.9674,54.15267],[-2.96653,54.15323],[-2.96422,54.15151],[-2.95968,54.15315],[-2.95594,54.15057],[-2.95405,54.15066],[-2.95011,54.14921],[-2.94709,54.14933],[-2.94449,54.15031],[-2.94265,54.15011],[-2.93911,54.15123],[-2.93672,54.15105],[-2.93311,54.15013],[-2.93175,54.15084],[-2.92742,54.15001],[-2.92536,54.15029],[-2.92323,54.15189],[-2.92282,54.15453],[-2.91921,54.15801],[-2.91802,54.16023],[-2.9142,54.16062],[-2.911,54.16134],[-2.90833,54.16481],[-2.90886,54.16675],[-2.91229,54.16775],[-2.91621,54.16662],[-2.91475,54.16909],[-2.91226,54.16986],[-2.90988,54.16932],[-2.90987,54.17072],[-2.90804,54.17126],[-2.90907,54.1735],[-2.90673,54.175],[-2.90424,54.17556],[-2.9005,54.17546],[-2.9008,54.17672],[-2.90391,54.17792],[-2.90694,54.1785],[-2.90838,54.18142],[-2.90546,54.18118],[-2.90474,54.17948],[-2.90304,54.1791],[-2.89848,54.17979],[-2.89948,54.18108],[-2.8974,54.18377],[-2.89835,54.18417],[-2.89842,54.1871],[-2.89974,54.18841],[-2.90214,54.18889],[-2.90106,54.19013],[-2.89783,54.18984],[-2.89658,54.19042],[-2.89463,54.19279],[-2.89183,54.19435],[-2.88854,54.19512],[-2.88676,54.19485],[-2.88494,54.19743],[-2.88297,54.19826],[-2.88086,54.2004],[-2.87499,54.20208],[-2.86882,54.20246],[-2.8634,54.20321],[-2.86075,54.20326],[-2.85459,54.20458],[-2.84382,54.20568],[-2.84251,54.20559],[-2.84162,54.20779],[-2.83608,54.21507],[-2.8317,54.21877],[-2.82958,54.2198],[-2.83626,54.21284],[-2.83369,54.21243],[-2.82249,54.21382],[-2.81724,54.2151],[-2.81216,54.21777],[-2.80921,54.22132],[-2.8095,54.22321],[-2.80808,54.22494],[-2.80496,54.22767],[-2.80417,54.23442],[-2.80203,54.23871],[-2.79923,54.24157],[-2.79955,54.24309],[-2.80238,54.24577],[-2.80471,54.24626],[-2.80764,54.24449],[-2.80967,54.24381],[-2.81256,54.24365],[-2.81445,54.24439],[-2.81527,54.24732],[-2.81462,54.2494],[-2.81192,54.25063],[-2.80761,54.25135],[-2.80765,54.25051],[-2.81305,54.24972],[-2.81437,54.24824],[-2.81378,54.2453],[-2.81056,54.24626],[-2.80513,54.24696],[-2.80294,54.24687],[-2.80028,54.24592],[-2.79673,54.24139],[-2.79761,54.2393],[-2.79731,54.23568],[-2.79925,54.23345],[-2.7989,54.22744],[-2.80336,54.22163],[-2.80267,54.22023],[-2.7991,54.22232],[-2.79885,54.22609],[-2.79534,54.22447],[-2.79425,54.2246],[-2.79348,54.22706],[-2.7912,54.22704],[-2.79153,54.22565],[-2.79379,54.22413],[-2.79668,54.22349],[-2.80226,54.21982],[-2.80429,54.2199],[-2.8076,54.21869],[-2.81158,54.2135],[-2.81642,54.2118],[-2.82086,54.20976],[-2.82399,54.20652],[-2.82442,54.20475],[-2.82587,54.20403],[-2.83036,54.20418],[-2.83428,54.20478],[-2.83377,54.20371],[-2.83614,54.20158],[-2.84045,54.20037],[-2.84417,54.19799],[-2.84953,54.19654],[-2.85307,54.19462],[-2.85699,54.19341],[-2.8596,54.19384],[-2.86141,54.19351],[-2.86414,54.192],[-2.86474,54.19065],[-2.8641,54.18862],[-2.86473,54.18408],[-2.86354,54.18255],[-2.85945,54.18223],[-2.85276,54.18057],[-2.85031,54.18036],[-2.84821,54.17893],[-2.846,54.17846],[-2.84355,54.17725],[-2.83947,54.17629],[-2.83832,54.17448],[-2.83397,54.17191],[-2.83353,54.16888],[-2.83245,54.16763],[-2.8328,54.16601],[-2.8351,54.16316],[-2.83519,54.16151],[-2.83232,54.15857],[-2.82943,54.15477],[-2.82686,54.15361],[-2.8244,54.15357],[-2.81916,54.15434],[-2.82113,54.15298],[-2.82099,54.15063],[-2.82232,54.14903],[-2.82403,54.14891],[-2.82743,54.14786],[-2.82769,54.14578],[-2.82906,54.14453],[-2.82818,54.14308],[-2.82569,54.14264],[-2.82444,54.14028],[-2.82136,54.14071],[-2.81965,54.13825],[-2.81214,54.1329],[-2.81016,54.13232],[-2.80849,54.13273],[-2.81072,54.13592],[-2.81049,54.13756],[-2.80212,54.14036],[-2.80595,54.13736],[-2.80602,54.13559],[-2.80721,54.13543],[-2.80479,54.13322],[-2.80026,54.12775],[-2.79808,54.12743],[-2.79525,54.12893],[-2.79164,54.12934],[-2.79417,54.12598],[-2.79454,54.12358],[-2.79613,54.12234],[-2.79794,54.11956],[-2.79902,54.11881],[-2.79979,54.11557],[-2.80365,54.11513],[-2.80609,54.11344],[-2.80731,54.11148],[-2.8073,54.1091],[-2.8121,54.10645],[-2.81306,54.10512],[-2.81991,54.10414],[-2.82513,54.10166],[-2.8266,54.10043],[-2.8275,54.0986],[-2.82768,54.09455],[-2.82359,54.09314],[-2.82392,54.09109],[-2.82042,54.08873],[-2.82527,54.08637],[-2.82778,54.08618],[-2.83329,54.08463],[-2.83441,54.08323],[-2.83907,54.08004],[-2.84104,54.07909],[-2.84663,54.07764],[-2.85046,54.07722],[-2.85705,54.07767],[-2.86082,54.07657],[-2.86758,54.07328],[-2.87025,54.07315],[-2.87172,54.07403],[-2.87644,54.07339],[-2.87743,54.06909],[-2.88273,54.06587],[-2.88527,54.06543],[-2.88739,54.06615],[-2.88864,54.06292],[-2.89123,54.06085],[-2.89237,54.06051],[-2.89278,54.05818],[-2.89494,54.05529],[-2.89608,54.05125],[-2.89713,54.04928],[-2.89898,54.04813],[-2.90591,54.04787],[-2.90634,54.04687],[-2.90517,54.04493],[-2.90656,54.04279],[-2.90599,54.04128],[-2.90627,54.03939],[-2.91247,54.03776],[-2.91953,54.03567],[-2.92037,54.0343],[-2.91345,54.03557],[-2.91231,54.03378],[-2.92,54.03221],[-2.92085,54.03095],[-2.92294,54.03057],[-2.91882,54.02767],[-2.91167,54.02469],[-2.9109,54.02276],[-2.90915,54.02125],[-2.90638,54.02219],[-2.90403,54.02219],[-2.90228,54.01798],[-2.90376,54.0173],[-2.90571,54.01527],[-2.90606,54.01271],[-2.90519,54.01058],[-2.90665,54.01041],[-2.90698,54.00717],[-2.90638,54.00592],[-2.90436,54.00506],[-2.90406,54.00286],[-2.90093,54.00006],[-2.90059,53.99874],[-2.90374,53.99842],[-2.90292,53.99684],[-2.90146,53.99666],[-2.90104,53.99488],[-2.89895,53.9945],[-2.90023,53.99316],[-2.9002,53.99204],[-2.89793,53.9911],[-2.89455,53.99037],[-2.88731,53.99057],[-2.88502,53.99196],[-2.88392,53.99473],[-2.88268,53.99327],[-2.88259,53.98997],[-2.88101,53.98947],[-2.87622,53.99415],[-2.87639,53.99602],[-2.87552,53.9976],[-2.8769,54.00047],[-2.87602,54.00178],[-2.87332,54.00185],[-2.87189,54.00277],[-2.87511,54.00432],[-2.87472,54.00545],[-2.87212,54.00539],[-2.8707,54.00398],[-2.86473,54.00504],[-2.86674,54.00612],[-2.8656,54.00693],[-2.86317,54.00498],[-2.86049,54.00387],[-2.85539,54.00543],[-2.85377,54.00726],[-2.85212,54.00528],[-2.84973,54.00518],[-2.8423,54.00593],[-2.8387,54.00742],[-2.83852,54.00862],[-2.83529,54.01093],[-2.83472,54.01422],[-2.83672,54.01683],[-2.83829,54.0202],[-2.84124,54.02136],[-2.84141,54.02229],[-2.84035,54.02292],[-2.84203,54.02328],[-2.84265,54.02307],[-2.84323,54.02367],[-2.84035,54.02311],[-2.83938,54.02327],[-2.83397,54.02305],[-2.83294,54.02693],[-2.83347,54.02843],[-2.83557,54.03138],[-2.84391,54.03919],[-2.8462,54.04318],[-2.84466,54.04549],[-2.84295,54.04691],[-2.83917,54.04858],[-2.83196,54.05025],[-2.82659,54.05201],[-2.81977,54.05344],[-2.81485,54.05485],[-2.81167,54.05547],[-2.80654,54.05545],[-2.80343,54.05418],[-2.80199,54.05272],[-2.79979,54.05319],[-2.79757,54.05453],[-2.79448,54.05773],[-2.79405,54.0597],[-2.79576,54.06118],[-2.7933,54.06295],[-2.79165,54.06228],[-2.79318,54.05775],[-2.79584,54.05417],[-2.79973,54.05197],[-2.8026,54.05195],[-2.80617,54.05429],[-2.80948,54.05474],[-2.81289,54.05417],[-2.81591,54.05317],[-2.82406,54.05151],[-2.83742,54.04712],[-2.83996,54.04646],[-2.84233,54.04499],[-2.84252,54.04193],[-2.83998,54.03868],[-2.83055,54.03106],[-2.82866,54.0277],[-2.82995,54.02176],[-2.82998,54.01771],[-2.82898,54.01502],[-2.82952,54.0127],[-2.83172,54.0079],[-2.83315,54.00637],[-2.83228,54.00365],[-2.83257,54.00258],[-2.83062,54.00106],[-2.83251,53.99738],[-2.83403,53.99866],[-2.8359,53.99785],[-2.84523,53.99804],[-2.84829,53.99994],[-2.85209,54.00051],[-2.85605,53.99957],[-2.85981,53.99774],[-2.86113,53.99478],[-2.86301,53.99537],[-2.86799,53.99326],[-2.86984,53.99187],[-2.87055,53.99035],[-2.86904,53.98624],[-2.86999,53.98262],[-2.87698,53.97942],[-2.87589,53.97454],[-2.87461,53.97371],[-2.87389,53.97166],[-2.87195,53.97031],[-2.86772,53.96964],[-2.86488,53.96879],[-2.85991,53.96829],[-2.85458,53.96649],[-2.85178,53.96712],[-2.85082,53.96628],[-2.84791,53.96608],[-2.84189,53.96499],[-2.84203,53.9646],[-2.84732,53.96412],[-2.85122,53.96483],[-2.85205,53.96538],[-2.85889,53.96457],[-2.86188,53.96462],[-2.8648,53.96326],[-2.86602,53.96122],[-2.87337,53.95768],[-2.87802,53.95869],[-2.88033,53.95669],[-2.88224,53.95688],[-2.88318,53.95908],[-2.88678,53.95836],[-2.88593,53.95651],[-2.8832,53.95582],[-2.88027,53.95404],[-2.87772,53.9546],[-2.87514,53.95384],[-2.87524,53.95267],[-2.8733,53.95079],[-2.87297,53.94946],[-2.87582,53.94888],[-2.87527,53.94633],[-2.87791,53.94662],[-2.88224,53.94541],[-2.88395,53.94421],[-2.88615,53.94313],[-2.88604,53.94219],[-2.88942,53.94154],[-2.8916,53.94223],[-2.8929,53.94083],[-2.89681,53.94115],[-2.89871,53.93927],[-2.90045,53.93918],[-2.901,53.94031],[-2.90485,53.94014],[-2.90829,53.94053],[-2.91085,53.9425],[-2.91209,53.944],[-2.91517,53.9441],[-2.91953,53.94604],[-2.91403,53.94549],[-2.91161,53.9458],[-2.91214,53.94701],[-2.91669,53.9474],[-2.91835,53.94928],[-2.92017,53.94991],[-2.92398,53.95007],[-2.92763,53.9494],[-2.93706,53.94658],[-2.95345,53.9431],[-2.96817,53.9396],[-2.98089,53.93588],[-2.98492,53.93421],[-2.99473,53.93171],[-2.9961,53.93111],[-2.99616,53.9294],[-2.99786,53.92751],[-2.99713,53.92253],[-2.99732,53.91671],[-2.99415,53.9132],[-2.99474,53.91085],[-2.99664,53.91466],[-2.99666,53.90874],[-2.99555,53.90787],[-2.99165,53.90723],[-2.99252,53.90601],[-2.99493,53.90506],[-2.99482,53.90213],[-2.9926,53.89822],[-2.99218,53.8966],[-2.98967,53.89453],[-2.98522,53.8898],[-2.98107,53.88707],[-2.97158,53.88196],[-2.96658,53.8777],[-2.96484,53.87534],[-2.96443,53.87206],[-2.97056,53.86742],[-2.97234,53.86462],[-2.96988,53.86366],[-2.96459,53.86364],[-2.95884,53.86267],[-2.95569,53.86124],[-2.95415,53.86],[-2.95117,53.85551],[-2.94917,53.85389],[-2.94493,53.85231],[-2.94127,53.85456],[-2.93777,53.85511],[-2.93663,53.8577],[-2.92937,53.85764],[-2.92493,53.8566],[-2.91485,53.85971],[-2.91273,53.85964],[-2.92185,53.85616],[-2.92622,53.85571],[-2.93343,53.85617],[-2.93665,53.85283],[-2.94067,53.85082],[-2.94392,53.85007],[-2.94699,53.85069],[-2.95128,53.8527],[-2.95555,53.85625],[-2.95777,53.8598],[-2.96006,53.86102],[-2.96289,53.86149],[-2.96952,53.86015],[-2.9718,53.86014],[-2.97657,53.86181],[-2.97757,53.86563],[-2.97916,53.86795],[-2.97909,53.87049],[-2.978,53.87148],[-2.97289,53.87166],[-2.969,53.8735],[-2.96932,53.87527],[-2.97089,53.8768],[-2.97653,53.88015],[-2.97915,53.88075],[-2.98449,53.88271],[-2.98801,53.8834],[-2.99269,53.88506],[-3.00039,53.89081],[-3.00039,53.89224],[-3.00282,53.8944],[-3.00484,53.89741],[-3.0057,53.902],[-3.00614,53.9124],[-3.00567,53.91784],[-3.00753,53.91884],[-3.00922,53.9184],[-3.01261,53.9198],[-3.00822,53.92057],[-3.00568,53.92146],[-3.00402,53.92394],[-3.0059,53.92781],[-3.00931,53.92902],[-3.01409,53.92874],[-3.01938,53.92732],[-3.02488,53.92629],[-3.02857,53.92678],[-3.03189,53.92665],[-3.0346,53.92569],[-3.04237,53.92398],[-3.0448,53.92322],[-3.04862,53.92115],[-3.05078,53.91806],[-3.05094,53.91616],[-3.05064,53.90836],[-3.0495,53.90327],[-3.04973,53.90212],[-3.04818,53.89775],[-3.04794,53.89395],[-3.04723,53.89167],[-3.04684,53.88734],[-3.04697,53.88488],[-3.04801,53.88247],[-3.04774,53.87572],[-3.04837,53.87235],[-3.04808,53.87045],[-3.05134,53.85718],[-3.05425,53.84988],[-3.05573,53.84121],[-3.0559,53.83375],[-3.05653,53.83206],[-3.05606,53.8224],[-3.05713,53.82122],[-3.05666,53.81917],[-3.05735,53.81595],[-3.05635,53.81258],[-3.05686,53.81138],[-3.0563,53.80838],[-3.05678,53.80722],[-3.05609,53.80454],[-3.05683,53.80268],[-3.0563,53.80148],[-3.05724,53.79851],[-3.0568,53.79741],[-3.05863,53.79422],[-3.05903,53.79106],[-3.05881,53.7841],[-3.0581,53.77864],[-3.05741,53.77647],[-3.0564,53.77604],[-3.05671,53.77327],[-3.05595,53.77067],[-3.05604,53.76827],[-3.05523,53.76697],[-3.05502,53.76202],[-3.0517,53.76096],[-3.04943,53.75729],[-3.04846,53.7583],[-3.04731,53.7542],[-3.04478,53.75196],[-3.03996,53.74892],[-3.03804,53.74696],[-3.03548,53.74671],[-3.0348,53.74806],[-3.02911,53.74401],[-3.02652,53.74351],[-3.01445,53.73885],[-3.01077,53.73823],[-3.0069,53.73708],[-3.00081,53.73673],[-2.99749,53.73745],[-2.99258,53.73736],[-2.98008,53.73444],[-2.97477,53.73397],[-2.96967,53.73433],[-2.96342,53.73434],[-2.95968,53.73354],[-2.95712,53.73346],[-2.95238,53.73426],[-2.95307,53.73297],[-2.94233,53.7321],[-2.9368,53.73212],[-2.92913,53.73145],[-2.92312,53.73145],[-2.91453,53.73184],[-2.89515,53.73349],[-2.8771,53.73559],[-2.87084,53.73687],[-2.85905,53.73778],[-2.85555,53.73839],[-2.84998,53.73986],[-2.83673,53.7427],[-2.83541,53.74327],[-2.82475,53.74506],[-2.80937,53.7485],[-2.79382,53.75183],[-2.78789,53.75327],[-2.78292,53.75417],[-2.77814,53.7545],[-2.76429,53.7564],[-2.75675,53.7579],[-2.75114,53.75795],[-2.73036,53.75856],[-2.72481,53.75782],[-2.71928,53.75671],[-2.71782,53.75556],[-2.71638,53.75146],[-2.71507,53.74978],[-2.71117,53.74839],[-2.70938,53.7484],[-2.7065,53.75026],[-2.70245,53.75167],[-2.69554,53.75227],[-2.6916,53.75002],[-2.68861,53.74923],[-2.68551,53.7496],[-2.6814,53.75245],[-2.68073,53.75189],[-2.68491,53.74882],[-2.69034,53.74892],[-2.69627,53.75158],[-2.70116,53.75116],[-2.70434,53.75023],[-2.70854,53.74791],[-2.71068,53.74763],[-2.71467,53.74858],[-2.71679,53.74952],[-2.71889,53.75487],[-2.72117,53.75621],[-2.72663,53.75739],[-2.73264,53.75781],[-2.74451,53.75754],[-2.75242,53.75703],[-2.75718,53.75639],[-2.76413,53.75491],[-2.77439,53.75336],[-2.77609,53.75346],[-2.78258,53.75277],[-2.80195,53.74899],[-2.81983,53.74486],[-2.82176,53.74385],[-2.8286,53.74267],[-2.84157,53.73964],[-2.84907,53.73758],[-2.85539,53.73513],[-2.85373,53.73379],[-2.84594,53.73032],[-2.84359,53.73038],[-2.84302,53.72924],[-2.83468,53.72377],[-2.83031,53.71996],[-2.8253,53.71424],[-2.8244,53.70789],[-2.82346,53.70341],[-2.82438,53.70112],[-2.82595,53.7005],[-2.82951,53.70102],[-2.83146,53.70075],[-2.83298,53.69914],[-2.8333,53.69686],[-2.83253,53.69494],[-2.82972,53.69383],[-2.82883,53.69066],[-2.82566,53.68762],[-2.82216,53.68783],[-2.81959,53.6872],[-2.81815,53.68553],[-2.81936,53.68442],[-2.82133,53.68467],[-2.82328,53.68325],[-2.82398,53.68069],[-2.82289,53.67999],[-2.82006,53.68008],[-2.81816,53.67878],[-2.81846,53.67664],[-2.81658,53.67452],[-2.81575,53.67164],[-2.81022,53.66266],[-2.80835,53.66169],[-2.80925,53.66013],[-2.81648,53.67276],[-2.81699,53.67458],[-2.81883,53.67664],[-2.81868,53.67882],[-2.82069,53.67992],[-2.82357,53.67985],[-2.82445,53.68095],[-2.823,53.68417],[-2.82137,53.68496],[-2.81903,53.68484],[-2.81898,53.68646],[-2.82197,53.68751],[-2.82536,53.68707],[-2.82794,53.68893],[-2.82937,53.69051],[-2.83021,53.69361],[-2.83317,53.69507],[-2.83391,53.6978],[-2.83304,53.70003],[-2.83115,53.70121],[-2.82784,53.70148],[-2.8255,53.70098],[-2.82434,53.70277],[-2.82653,53.71364],[-2.82995,53.71727],[-2.8309,53.71879],[-2.83464,53.7221],[-2.84031,53.72576],[-2.8425,53.72666],[-2.84743,53.72941],[-2.8532,53.73159],[-2.85971,53.73344],[-2.86459,53.73397],[-2.86834,53.73337],[-2.87493,53.7327],[-2.87568,53.73196],[-2.87831,53.73197],[-2.88324,53.73061],[-2.88613,53.72783],[-2.88584,53.72692],[-2.89172,53.72495],[-2.8915,53.72559],[-2.89404,53.72541],[-2.89671,53.72419],[-2.89643,53.72289],[-2.89797,53.72162],[-2.89888,53.71993],[-2.89873,53.71579],[-2.90153,53.71781],[-2.90166,53.71937],[-2.90345,53.71967],[-2.90617,53.72099],[-2.90789,53.72295],[-2.91235,53.72413],[-2.91573,53.72626],[-2.92367,53.72546],[-2.92886,53.72517],[-2.92931,53.72406],[-2.92657,53.72098],[-2.9272,53.7207],[-2.93052,53.72444],[-2.93285,53.72453],[-2.9337,53.72543],[-2.93604,53.7254],[-2.93985,53.72417],[-2.93969,53.72341],[-2.94166,53.7219],[-2.94348,53.7185],[-2.94627,53.71611],[-2.946,53.71512],[-2.94824,53.71406],[-2.94815,53.71154],[-2.94664,53.71023],[-2.94373,53.71028],[-2.94006,53.70826],[-2.93987,53.70698],[-2.9438,53.70814],[-2.94762,53.70639],[-2.95132,53.70602],[-2.95451,53.70509],[-2.95364,53.70238],[-2.95028,53.70031],[-2.95278,53.69978],[-2.95601,53.69852],[-2.95623,53.6975],[-2.95918,53.69578],[-2.96199,53.69591],[-2.9623,53.6938],[-2.96458,53.69347],[-2.9651,53.69599],[-2.96444,53.69741],[-2.96531,53.69823],[-2.96939,53.69832],[-2.97549,53.69713],[-2.97721,53.69648],[-2.97783,53.69292],[-2.97946,53.69011],[-2.98282,53.68932],[-2.98647,53.68963],[-2.9881,53.68814],[-2.98827,53.68613],[-2.98524,53.6857],[-2.98794,53.68464],[-2.98974,53.68266],[-2.99417,53.68042],[-2.99735,53.6797],[-2.99749,53.67879],[-3.00026,53.67851],[-3.0009,53.67725],[-3.00234,53.67695],[-3.00525,53.67743],[-3.00799,53.67894],[-3.01076,53.67877],[-3.01407,53.67915],[-3.01578,53.67575],[-3.0156,53.67292],[-3.01406,53.67],[-3.01107,53.66708],[-3.00631,53.67138],[-3.00351,53.67188],[-3.0032,53.6701],[-3.00403,53.66896],[-3.00467,53.66636],[-3.00566,53.66469],[-3.01121,53.6604],[-3.01449,53.65848],[-3.01779,53.65417],[-3.02218,53.65144],[-3.02645,53.65013],[-3.02707,53.64874],[-3.03047,53.64696],[-3.03198,53.64447],[-3.03749,53.64048],[-3.04004,53.6378],[-3.04091,53.63635],[-3.04295,53.63458],[-3.04424,53.6328],[-3.04587,53.63185],[-3.04737,53.62926],[-3.05107,53.62783],[-3.05387,53.6261],[-3.05745,53.62111],[-3.05879,53.62111],[-3.05994,53.61812],[-3.06093,53.61733],[-3.06792,53.60672],[-3.06861,53.60727],[-3.07478,53.59884],[-3.07814,53.59613],[-3.08541,53.5874],[-3.09047,53.58021],[-3.09557,53.57388],[-3.09835,53.56908],[-3.10236,53.56117],[-3.10438,53.55371],[-3.10479,53.54693],[-3.104,53.54601],[-3.10395,53.54286],[-3.103,53.54187],[-3.1029,53.5389],[-3.10131,53.53638],[-3.09941,53.53642],[-3.09813,53.53559],[-3.09813,53.53437],[-3.09674,53.53226],[-3.09398,53.53162],[-3.08998,53.52928],[-3.08656,53.52601],[-3.08028,53.524],[-3.07731,53.52278],[-3.07276,53.52045],[-3.07011,53.5198],[-3.06724,53.5205],[-3.06805,53.52195],[-3.06603,53.52245],[-3.06415,53.52071],[-3.06315,53.51844],[-3.0639,53.51685],[-3.06525,53.516],[-3.06321,53.51102],[-3.06254,53.50725],[-3.06374,53.50547],[-3.06183,53.5029],[-3.05588,53.49028],[-3.05155,53.48594],[-3.04603,53.4786],[-3.04447,53.47746],[-3.04177,53.47448],[-3.0377,53.46825],[-3.04116,53.46627],[-3.04141,53.4655],[-3.02874,53.45551],[-3.01872,53.4499],[-3.0172,53.44959],[-3.01133,53.44237],[-3.00875,53.43838],[-3.00715,53.43325],[-3.00593,53.42562],[-3.00516,53.41934],[-3.00313,53.41258],[-3.00185,53.41033],[-2.9996,53.40773],[-2.98891,53.39169],[-2.98795,53.38999],[-2.98497,53.3865],[-2.98343,53.38607],[-2.98307,53.38472],[-2.97863,53.3812],[-2.9693,53.3758],[-2.96765,53.37561],[-2.96378,53.37347],[-2.94574,53.36719],[-2.93014,53.3606],[-2.92365,53.35737],[-2.92244,53.35725],[-2.91892,53.35493],[-2.91592,53.35372],[-2.91444,53.35215],[-2.90987,53.34954],[-2.9049,53.34569],[-2.90323,53.34485],[-2.87816,53.3342],[-2.87187,53.33248],[-2.86493,53.33015],[-2.85497,53.32747],[-2.84052,53.3268],[-2.83641,53.32702],[-2.83303,53.32851],[-2.82883,53.33098],[-2.82442,53.33289],[-2.82153,53.33332],[-2.81906,53.33298],[-2.80535,53.3279],[-2.80351,53.32764],[-2.79765,53.32449],[-2.79466,53.32224],[-2.78981,53.32236],[-2.78558,53.32346],[-2.78313,53.32471],[-2.7791,53.32741],[-2.77747,53.33032],[-2.7784,53.33242],[-2.77725,53.33556],[-2.77619,53.33727],[-2.77266,53.34061],[-2.77048,53.344],[-2.76898,53.34556],[-2.76445,53.34812],[-2.75913,53.34961],[-2.75039,53.35055],[-2.74748,53.35064],[-2.74119,53.34971],[-2.73669,53.34784],[-2.73275,53.34808],[-2.73123,53.34997],[-2.73201,53.35229],[-2.72905,53.35309],[-2.72847,53.35452],[-2.72313,53.35566],[-2.71887,53.35528],[-2.71529,53.35646],[-2.70889,53.35966],[-2.70497,53.36112],[-2.70012,53.36233],[-2.69338,53.36182],[-2.68878,53.36052],[-2.67927,53.35703],[-2.67449,53.35676],[-2.67205,53.35843],[-2.6703,53.36217],[-2.66896,53.36373],[-2.66467,53.37002],[-2.66114,53.37331],[-2.6586,53.3747],[-2.6543,53.37582],[-2.65207,53.3756],[-2.647,53.37395],[-2.64557,53.37397],[-2.64215,53.377],[-2.64058,53.37796],[-2.63736,53.37857],[-2.62562,53.37543],[-2.62319,53.37534],[-2.62078,53.37699],[-2.61177,53.38548],[-2.61019,53.38656],[-2.60781,53.38711],[-2.60613,53.38657],[-2.60568,53.38529],[-2.60806,53.38296],[-2.60865,53.38171],[-2.60734,53.37698],[-2.60578,53.37508],[-2.602,53.37406],[-2.59941,53.37457],[-2.59821,53.3755],[-2.59324,53.38326],[-2.59265,53.3832],[-2.59847,53.37458],[-2.60062,53.37359],[-2.6026,53.37353],[-2.60696,53.37513],[-2.60801,53.3767],[-2.6095,53.38107],[-2.60914,53.38279],[-2.6065,53.38554],[-2.60769,53.38674],[-2.61042,53.38576],[-2.61477,53.38065],[-2.61898,53.37664],[-2.62152,53.375],[-2.62467,53.37443],[-2.63284,53.37613],[-2.63819,53.37762],[-2.63884,53.37717],[-2.63987,53.37428],[-2.64233,53.37246],[-2.64691,53.37223],[-2.65207,53.37402],[-2.65466,53.37442],[-2.65677,53.3741],[-2.65933,53.37282],[-2.66398,53.36725],[-2.66519,53.36415],[-2.66476,53.36206],[-2.66614,53.3577],[-2.66905,53.35598],[-2.6752,53.35445],[-2.68034,53.35468],[-2.68518,53.35588],[-2.69304,53.35669],[-2.69952,53.35668],[-2.70466,53.35328],[-2.70866,53.34998],[-2.71293,53.34801],[-2.71401,53.34792],[-2.71866,53.34493],[-2.72198,53.34451],[-2.74335,53.34534],[-2.75377,53.34345],[-2.7559,53.34203],[-2.76,53.3367],[-2.75953,53.33599],[-2.76223,53.33258],[-2.76324,53.33023],[-2.76338,53.32755],[-2.75991,53.3223],[-2.75747,53.31995],[-2.75364,53.31709],[-2.75244,53.31551],[-2.75239,53.3136],[-2.75589,53.31129],[-2.76138,53.31007],[-2.78585,53.29763],[-2.78875,53.29673],[-2.80042,53.29897],[-2.80709,53.30311],[-2.81339,53.3049],[-2.81547,53.30605],[-2.82177,53.30728],[-2.83056,53.30818],[-2.83566,53.3083],[-2.84365,53.30745],[-2.84638,53.30694],[-2.84795,53.30562],[-2.84719,53.30412],[-2.84812,53.3019],[-2.84003,53.29937],[-2.84118,53.29815],[-2.84898,53.2968],[-2.85396,53.29528],[-2.85507,53.29385],[-2.85419,53.29311],[-2.85557,53.29202],[-2.86105,53.29276],[-2.87065,53.29093],[-2.87619,53.29065],[-2.87919,53.29093],[-2.8858,53.29281],[-2.88758,53.29366],[-2.88832,53.29521],[-2.89626,53.29663],[-2.90087,53.29692],[-2.90158,53.29651],[-2.90586,53.30114],[-2.9077,53.30149],[-2.91136,53.30417],[-2.91478,53.30566],[-2.91771,53.30609],[-2.92002,53.30532],[-2.92864,53.3082],[-2.93283,53.31055],[-2.94013,53.31619],[-2.94664,53.32245],[-2.94947,53.32309],[-2.95258,53.32687],[-2.95781,53.33147],[-2.95969,53.3359],[-2.96362,53.34205],[-2.96694,53.34492],[-2.96788,53.34741],[-2.97361,53.35342],[-2.97795,53.35735],[-2.98387,53.36223],[-2.98629,53.36153],[-2.98953,53.36299],[-2.99682,53.36972],[-3.00146,53.37376],[-3.00141,53.37485],[-2.9993,53.37568],[-3.00155,53.37793],[-3.0036,53.37764],[-3.00496,53.3791],[-3.00681,53.38247],[-3.00598,53.38284],[-3.00627,53.38485],[-3.00788,53.38837],[-3.00889,53.39373],[-3.00875,53.39545],[-3.01123,53.39866],[-3.01378,53.40343],[-3.0153,53.40381],[-3.0145,53.40586],[-3.01683,53.41158],[-3.02398,53.41827],[-3.02711,53.42208],[-3.03275,53.43095],[-3.03463,53.43695],[-3.03666,53.43978],[-3.03926,53.44104],[-3.04141,53.4429],[-3.04321,53.44179],[-3.05673,53.4401],[-3.06043,53.43935],[-3.0714,53.43572],[-3.07336,53.43537],[-3.07972,53.4321],[-3.08158,53.43066],[-3.08986,53.42691],[-3.09489,53.42429],[-3.09683,53.42401],[-3.09867,53.42236],[-3.10371,53.42075],[-3.1062,53.42083],[-3.11894,53.41655],[-3.12619,53.41464],[-3.141,53.4119],[-3.14335,53.41089],[-3.17043,53.40234],[-3.17542,53.40015],[-3.17873,53.39911],[-3.17993,53.3975],[-3.19305,53.38917],[-3.19731,53.38728],[-3.20017,53.38748],[-3.20004,53.38576],[-3.20266,53.38487],[-3.20415,53.38293],[-3.20392,53.38119],[-3.20218,53.38059],[-3.20234,53.37691],[-3.19706,53.37447],[-3.19615,53.37314],[-3.19412,53.37235],[-3.19304,53.3702],[-3.18875,53.36697],[-3.18619,53.36439],[-3.18139,53.36384],[-3.17995,53.36238],[-3.17692,53.36138],[-3.16938,53.35377],[-3.16855,53.35349],[-3.16247,53.34836],[-3.15755,53.346],[-3.15447,53.34537],[-3.14994,53.34251],[-3.14813,53.34184],[-3.1379,53.33373],[-3.13465,53.33157],[-3.13087,53.32999],[-3.12358,53.32509],[-3.1261,53.325],[-3.12726,53.32632],[-3.13014,53.32785],[-3.13208,53.32806],[-3.13384,53.3293],[-3.13638,53.32849],[-3.13684,53.32606],[-3.1345,53.32295],[-3.13414,53.32172],[-3.13219,53.32043],[-3.13264,53.3195],[-3.13617,53.31783],[-3.13499,53.31571],[-3.13288,53.31596],[-3.1311,53.31446],[-3.12667,53.31406],[-3.12427,53.31251],[-3.11994,53.31255],[-3.11996,53.31018],[-3.12348,53.30992],[-3.1283,53.30907],[-3.12682,53.30634],[-3.12256,53.304],[-3.12388,53.30299],[-3.12583,53.30471],[-3.12938,53.3066],[-3.13098,53.30532],[-3.13349,53.30785],[-3.1354,53.30662],[-3.13742,53.30616],[-3.14078,53.30612],[-3.13985,53.30438],[-3.13969,53.30266],[-3.1371,53.29972],[-3.13716,53.29788],[-3.13638,53.29676],[-3.13163,53.29659],[-3.13197,53.29529],[-3.13009,53.2945],[-3.12744,53.29435],[-3.12491,53.29583],[-3.122,53.29595],[-3.11854,53.29685],[-3.1138,53.29596],[-3.1141,53.29438],[-3.11693,53.29519],[-3.11908,53.29523],[-3.12129,53.29325],[-3.12392,53.29292],[-3.12569,53.29036],[-3.12302,53.28931],[-3.1229,53.28829],[-3.12027,53.28858],[-3.12009,53.28662],[-3.11777,53.28385],[-3.1147,53.28395],[-3.10961,53.28258],[-3.10856,53.28309],[-3.10815,53.28492],[-3.10556,53.2853],[-3.10745,53.28191],[-3.09863,53.27993],[-3.10294,53.27905],[-3.10507,53.28041],[-3.10859,53.27987],[-3.10827,53.27844],[-3.10444,53.27896],[-3.10128,53.27863],[-3.10049,53.27909],[-3.09702,53.27912],[-3.09204,53.27794],[-3.09513,53.27721],[-3.09744,53.27836],[-3.10094,53.27809],[-3.10412,53.27827],[-3.1047,53.27775],[-3.1101,53.27673],[-3.10947,53.27466],[-3.1083,53.27366],[-3.10471,53.27331],[-3.10189,53.27057],[-3.10613,53.27122],[-3.09744,53.26364],[-3.09314,53.26051],[-3.08596,53.25677],[-3.08385,53.25716],[-3.08311,53.2559],[-3.08052,53.25494],[-3.07442,53.25371],[-3.06914,53.253],[-3.04867,53.25221],[-3.03606,53.25181],[-3.02591,53.24846],[-3.01642,53.24412],[-2.99256,53.23302],[-2.98491,53.22847],[-2.97784,53.22539],[-2.96616,53.21869],[-2.94951,53.21128],[-2.94368,53.20403],[-2.93757,53.19786],[-2.93565,53.19649],[-2.92924,53.19429],[-2.92516,53.19105],[-2.9223,53.18929],[-2.92035,53.18295],[-2.90579,53.19364],[-2.90243,53.19247],[-2.90244,53.18987],[-2.90417,53.18728],[-2.90426,53.18626],[-2.90296,53.18466],[-2.90079,53.18377],[-2.89314,53.18404],[-2.8897,53.18587],[-2.88829,53.18518],[-2.89275,53.1834],[-2.90016,53.18296],[-2.90374,53.18422],[-2.90505,53.18582],[-2.90508,53.18723],[-2.90373,53.18946],[-2.90326,53.19125],[-2.90538,53.19305],[-2.91949,53.18248],[-2.92039,53.18222],[-2.92032,53.17943],[-2.92096,53.17709],[-2.92285,53.17529],[-2.92659,53.17336],[-2.92784,53.17141],[-2.93391,53.16939],[-2.94404,53.16525],[-2.94655,53.16711],[-2.94891,53.16601],[-2.95348,53.16535],[-2.95636,53.16378],[-2.96122,53.16275],[-2.96626,53.15986],[-2.96837,53.16059],[-2.97093,53.16078],[-2.9752,53.15742],[-2.97891,53.15719],[-2.98149,53.15629],[-2.98464,53.1586],[-2.98812,53.15693],[-2.98996,53.15754],[-2.99227,53.15666],[-2.99306,53.15492],[-2.99509,53.1542],[-2.99293,53.15329],[-2.99043,53.15306],[-2.9877,53.1521],[-2.98498,53.14879],[-2.98036,53.14938],[-2.9795,53.15062],[-2.96381,53.13276],[-2.96016,53.13248],[-2.95817,53.13041],[-2.95559,53.12994],[-2.95235,53.12859],[-2.948,53.12781],[-2.94691,53.12727],[-2.94501,53.12319],[-2.94498,53.12228],[-2.94237,53.12139],[-2.9404,53.12239],[-2.93765,53.12085],[-2.93441,53.12149],[-2.93192,53.12009],[-2.92856,53.11983],[-2.92397,53.11858],[-2.91973,53.11607],[-2.91438,53.11433],[-2.91379,53.11367],[-2.91023,53.11264],[-2.90678,53.11281],[-2.90339,53.1118],[-2.89942,53.11405],[-2.897,53.11399],[-2.89518,53.11501],[-2.89512,53.11649],[-2.89206,53.11797],[-2.8917,53.11875],[-2.88803,53.11982],[-2.8865,53.12138],[-2.88524,53.12044],[-2.88212,53.12178],[-2.88094,53.12137],[-2.88162,53.11826],[-2.88403,53.11377],[-2.88388,53.11134],[-2.88659,53.11086],[-2.88781,53.10927],[-2.8899,53.10894],[-2.89172,53.10939],[-2.89163,53.10761],[-2.89308,53.10579],[-2.89338,53.10418],[-2.88795,53.10576],[-2.8873,53.10442],[-2.89035,53.09967],[-2.89349,53.09624],[-2.89679,53.09521],[-2.89756,53.09704],[-2.8953,53.09702],[-2.89395,53.09811],[-2.89714,53.09901],[-2.8994,53.09793],[-2.89915,53.09412],[-2.90216,53.09281],[-2.90094,53.09083],[-2.89579,53.09186],[-2.89358,53.09155],[-2.89191,53.09],[-2.89105,53.08751],[-2.87991,53.08358],[-2.87572,53.08152],[-2.87725,53.0792],[-2.87927,53.07787],[-2.87952,53.07625],[-2.88125,53.07553],[-2.8808,53.07396],[-2.87583,53.07358],[-2.87563,53.07234],[-2.87805,53.07068],[-2.8782,53.06949],[-2.87621,53.06898],[-2.87232,53.07033],[-2.86936,53.06974],[-2.86769,53.06692],[-2.86551,53.06602],[-2.8702,53.0648],[-2.86963,53.06377],[-2.86668,53.06325],[-2.86392,53.06326],[-2.86151,53.06077],[-2.86242,53.06011],[-2.8658,53.06071],[-2.86829,53.05955],[-2.86968,53.05994],[-2.87256,53.05871],[-2.87029,53.05686],[-2.86798,53.0569],[-2.86568,53.05875],[-2.86241,53.05852],[-2.86089,53.05733],[-2.86242,53.05657],[-2.8656,53.05727],[-2.86709,53.05674],[-2.86688,53.05517],[-2.8602,53.05477],[-2.85924,53.05416],[-2.85979,53.05273],[-2.86104,53.05205],[-2.86292,53.05334],[-2.86609,53.05274],[-2.86301,53.05163],[-2.86312,53.04862],[-2.86534,53.04797],[-2.86849,53.04593],[-2.8693,53.04453],[-2.8664,53.04443],[-2.86419,53.04332],[-2.86251,53.0442],[-2.86129,53.04256],[-2.8667,53.04056],[-2.86187,53.0386],[-2.85895,53.03894],[-2.8582,53.03806],[-2.85572,53.03726],[-2.85664,53.03598],[-2.85551,53.03454],[-2.85613,53.03298],[-2.85928,53.03055],[-2.8605,53.02855],[-2.85971,53.02569],[-2.86104,53.02285],[-2.85874,53.02077],[-2.8587,53.0199],[-2.85163,53.01699],[-2.85028,53.01806],[-2.84776,53.01904],[-2.84622,53.01885],[-2.84406,53.01767],[-2.84353,53.0154],[-2.84125,53.01432],[-2.83852,53.01095],[-2.84076,53.01042],[-2.84062,53.00722],[-2.83847,53.00523],[-2.83804,53.00304],[-2.8362,53.00158],[-2.8349,52.99866],[-2.836,52.99715],[-2.8322,52.99655],[-2.82786,52.99437],[-2.82429,52.99336],[-2.82076,52.99443],[-2.81522,52.99312],[-2.81015,52.99276],[-2.81024,52.99176],[-2.80716,52.99189],[-2.80371,52.99146],[-2.8039,52.99],[-2.80104,52.99094],[-2.79814,52.98947],[-2.79723,52.99129],[-2.7945,52.99077],[-2.79236,52.99091],[-2.79203,52.99205],[-2.79425,52.99288],[-2.79097,52.9953],[-2.78932,52.99578],[-2.78614,52.99412],[-2.78195,52.99628],[-2.78159,52.99422],[-2.77974,52.99338],[-2.77842,52.9941],[-2.77353,52.99471],[-2.77261,52.99392],[-2.77043,52.99397],[-2.76686,52.99468],[-2.76441,52.99355],[-2.76101,52.99096],[-2.76169,52.98945],[-2.7616,52.98749],[-2.75853,52.98613],[-2.75372,52.98616],[-2.75078,52.98688],[-2.74817,52.98663],[-2.74374,52.98715],[-2.73727,52.98473],[-2.73338,52.98429],[-2.72891,52.98443],[-2.72684,52.98327],[-2.7251,52.98294],[-2.7203,52.984],[-2.71657,52.98405],[-2.71514,52.98505],[-2.71188,52.98608],[-2.70457,52.99042],[-2.70077,52.99327],[-2.69929,52.99544],[-2.6967,52.99486],[-2.69442,52.99334],[-2.69184,52.9905],[-2.68878,52.98994],[-2.68644,52.98824],[-2.68708,52.98683],[-2.6809,52.98611],[-2.67968,52.98656],[-2.67619,52.9865],[-2.67466,52.98566],[-2.67157,52.98712],[-2.66438,52.98902],[-2.66081,52.99145],[-2.65442,52.99332],[-2.65236,52.99499],[-2.64861,52.99526],[-2.64453,52.99501],[-2.64281,52.99348],[-2.63737,52.99485],[-2.63637,52.99651],[-2.63407,52.99599],[-2.63265,52.99667],[-2.62803,52.99517],[-2.62824,52.99251],[-2.62759,52.99097],[-2.62576,52.98918],[-2.62194,52.98674],[-2.61897,52.98661],[-2.61498,52.98777],[-2.60773,52.98836],[-2.60714,52.98674],[-2.60547,52.98543],[-2.6037,52.9818],[-2.60568,52.9794],[-2.60063,52.97879],[-2.59489,52.97961],[-2.5967,52.97787],[-2.59916,52.9767],[-2.59889,52.97511],[-2.5954,52.97593],[-2.59276,52.97417],[-2.59662,52.97348],[-2.59845,52.97172],[-2.59603,52.96767],[-2.5958,52.96554],[-2.59769,52.96301],[-2.59492,52.96099],[-2.59133,52.96041],[-2.59065,52.95928],[-2.58906,52.95896],[-2.58848,52.95702],[-2.5862,52.95531],[-2.58362,52.95628],[-2.57814,52.95573],[-2.57489,52.95738],[-2.57493,52.95833],[-2.57309,52.95924],[-2.57029,52.95974],[-2.57325,52.96146],[-2.5738,52.96232],[-2.56884,52.96196],[-2.56651,52.96395],[-2.56436,52.96353],[-2.56167,52.96424],[-2.55911,52.96222],[-2.55762,52.96218],[-2.55587,52.95903],[-2.5537,52.95747],[-2.55047,52.95666],[-2.54636,52.95684],[-2.54102,52.95275],[-2.53915,52.95193],[-2.53506,52.94809],[-2.53203,52.94729],[-2.52952,52.94716],[-2.5293,52.94941],[-2.52686,52.95117],[-2.52748,52.9518],[-2.52536,52.95368],[-2.52328,52.95436],[-2.52359,52.9562],[-2.52276,52.95887],[-2.5235,52.96088],[-2.52306,52.96312],[-2.52399,52.96603],[-2.52232,52.96821],[-2.52323,52.97033],[-2.52155,52.97299],[-2.51962,52.97328],[-2.51701,52.97233],[-2.51432,52.97192],[-2.51177,52.96994],[-2.5111,52.96686],[-2.50942,52.96596],[-2.50654,52.96584],[-2.50081,52.96725],[-2.49902,52.96843],[-2.49568,52.96849],[-2.4917,52.96768],[-2.49068,52.9663],[-2.49079,52.96505],[-2.48772,52.96513],[-2.48688,52.96294],[-2.48468,52.96126],[-2.48406,52.96013],[-2.48113,52.95884],[-2.47997,52.96001],[-2.47764,52.9608],[-2.47779,52.96174],[-2.47524,52.96248],[-2.47036,52.96148],[-2.46786,52.96225],[-2.46526,52.96371],[-2.46324,52.9642],[-2.46154,52.96376],[-2.45952,52.96469],[-2.4529,52.96543],[-2.44652,52.96824],[-2.44299,52.97078],[-2.43898,52.96934],[-2.43467,52.96956],[-2.43447,52.9717],[-2.43628,52.97339],[-2.43566,52.97516],[-2.43422,52.97637],[-2.43604,52.97769],[-2.43409,52.97966],[-2.43668,52.9821],[-2.43568,52.98295],[-2.43849,52.98461],[-2.43817,52.98557],[-2.43537,52.98671],[-2.43236,52.98707],[-2.43164,52.98606],[-2.42888,52.98578],[-2.42379,52.98634],[-2.42102,52.98717],[-2.41889,52.98848],[-2.41223,52.98826],[-2.41086,52.98793],[-2.40832,52.98976],[-2.40523,52.9908],[-2.40558,52.99247],[-2.40506,52.99424],[-2.40728,52.99518],[-2.40699,52.99592],[-2.40333,52.9951],[-2.4008,52.99546],[-2.39748,52.995],[-2.3912,52.99648],[-2.38908,52.99617],[-2.38538,52.99667],[-2.3841,52.99796],[-2.38095,52.99816],[-2.37999,53.00081],[-2.38098,53.00405],[-2.38081,53.0052],[-2.38304,53.00779],[-2.381,53.00855],[-2.37841,53.01036],[-2.37471,53.0106],[-2.3733,53.01169],[-2.3728,53.01346],[-2.37042,53.01453],[-2.37752,53.01996],[-2.38144,53.02383],[-2.38423,53.02617],[-2.37979,53.02759],[-2.38131,53.03057],[-2.38426,53.03184],[-2.38612,53.0336],[-2.38429,53.0339],[-2.38384,53.0366],[-2.38455,53.03845],[-2.38387,53.04082],[-2.38254,53.04289],[-2.38216,53.04585],[-2.38358,53.04743],[-2.38328,53.04851],[-2.38073,53.04966],[-2.38219,53.05116],[-2.38148,53.05248],[-2.3762,53.05297],[-2.37506,53.05453],[-2.37362,53.0542],[-2.37029,53.05481],[-2.3666,53.05455],[-2.36172,53.0551],[-2.35758,53.05472],[-2.35668,53.05822],[-2.35374,53.05885],[-2.35165,53.05729],[-2.34759,53.05617],[-2.34448,53.05905],[-2.34145,53.06],[-2.33909,53.06317],[-2.33885,53.06442],[-2.33625,53.06634],[-2.33587,53.06741],[-2.33162,53.06971],[-2.3304,53.07088],[-2.3299,53.07321],[-2.32877,53.0741],[-2.32949,53.07537],[-2.32901,53.07658],[-2.32371,53.07766],[-2.32241,53.07899],[-2.3187,53.08113],[-2.31365,53.08133],[-2.30972,53.08248],[-2.3034,53.083],[-2.30155,53.08128],[-2.29675,53.08106],[-2.29446,53.0783],[-2.29066,53.0789],[-2.28849,53.07976],[-2.28503,53.07973],[-2.2785,53.08091],[-2.27529,53.08219],[-2.2745,53.08385],[-2.27706,53.08591],[-2.27111,53.08673],[-2.26703,53.08811],[-2.26098,53.08901],[-2.2581,53.09022],[-2.2559,53.09067],[-2.25343,53.09307],[-2.25067,53.09309],[-2.24909,53.09164],[-2.24966,53.09072],[-2.24742,53.08987],[-2.24638,53.09161],[-2.24346,53.09383],[-2.24257,53.09515],[-2.24052,53.09656],[-2.23899,53.09827],[-2.23892,53.10002],[-2.23795,53.10105],[-2.234,53.10294],[-2.23035,53.10377],[-2.22702,53.10413],[-2.22307,53.1038],[-2.22243,53.10762],[-2.21697,53.10996],[-2.21706,53.11098],[-2.21131,53.11582],[-2.20265,53.12163],[-2.19351,53.12956],[-2.18653,53.13598],[-2.18009,53.14256],[-2.17658,53.14553],[-2.17167,53.1474],[-2.16806,53.14816],[-2.16386,53.15137],[-2.15954,53.15291],[-2.15858,53.15417],[-2.15564,53.1566],[-2.15463,53.15927],[-2.151,53.15966],[-2.14851,53.15822],[-2.14728,53.15857],[-2.14542,53.15732],[-2.14142,53.15661],[-2.1445,53.17134],[-2.14451,53.17471],[-2.14352,53.17544],[-2.1443,53.17692],[-2.14265,53.17779],[-2.14136,53.17981],[-2.14217,53.18224],[-2.14021,53.1839],[-2.13815,53.18401],[-2.13374,53.18304],[-2.12977,53.17834],[-2.13006,53.17677],[-2.12795,53.17465],[-2.12537,53.17519],[-2.1241,53.1734],[-2.11972,53.17469],[-2.11931,53.17287],[-2.1175,53.17171],[-2.11497,53.17268],[-2.11388,53.1719],[-2.11593,53.17108],[-2.11543,53.16954],[-2.11173,53.16862],[-2.10872,53.16835],[-2.10384,53.16987],[-2.10179,53.16891],[-2.09874,53.17036],[-2.09767,53.17155],[-2.09577,53.17119],[-2.0946,53.17263],[-2.09277,53.17295],[-2.09071,53.17235],[-2.08921,53.17079],[-2.08753,53.17017],[-2.08303,53.17014],[-2.0821,53.17094],[-2.0798,53.17107],[-2.0781,53.17042],[-2.07553,53.17125],[-2.07153,53.17192],[-2.0705,53.17316],[-2.06779,53.17488],[-2.06325,53.17491],[-2.05806,53.17639],[-2.05689,53.17767],[-2.05961,53.17996],[-2.05895,53.18122],[-2.0568,53.18171],[-2.05643,53.1829],[-2.05239,53.18391],[-2.0549,53.18683],[-2.05226,53.18783],[-2.04741,53.19228],[-2.04611,53.19278],[-2.04046,53.19254],[-2.03926,53.19352],[-2.03653,53.19317],[-2.03369,53.1937],[-2.03174,53.19324],[-2.02858,53.19337],[-2.02444,53.1918],[-2.02133,53.18983],[-2.01823,53.18908],[-2.01638,53.18929],[-2.01422,53.19064],[-2.01112,53.19193],[-2.00993,53.19288],[-2.00692,53.19242],[-2.00498,53.19349],[-2.00175,53.19296],[-1.99881,53.1961],[-1.99865,53.19712],[-1.99674,53.19759],[-1.9964,53.19877],[-1.99466,53.19975],[-1.99419,53.20412],[-1.99299,53.20749],[-1.99087,53.20826],[-1.99036,53.20965],[-1.9889,53.20996],[-1.98853,53.21117],[-1.98708,53.21197],[-1.98738,53.2136],[-1.98963,53.21581],[-1.98915,53.21957],[-1.99016,53.22103],[-1.99025,53.22302],[-1.98584,53.22575],[-1.98339,53.2258],[-1.9759,53.22759],[-1.97495,53.22851],[-1.97483,53.23082],[-1.97898,53.23318],[-1.9819,53.23856],[-1.98374,53.23863],[-1.98804,53.24026],[-1.99112,53.24102],[-1.99971,53.24502],[-1.99922,53.24635],[-2.00186,53.24854],[-2.00103,53.25385],[-2.00036,53.2554],[-2.00942,53.26061],[-2.00773,53.26452],[-2.00541,53.26759],[-2.0052,53.26904],[-2.00664,53.27157],[-2.0074,53.27591],[-2.00813,53.27671],[-2.00928,53.28007],[-2.00827,53.28348],[-2.00817,53.28943],[-2.00964,53.28944],[-2.00865,53.29466],[-2.0087,53.30018],[-2.00933,53.30231],[-2.00867,53.30451],[-2.00433,53.31116],[-2.0042,53.31461],[-2.00318,53.31695],[-2.00155,53.31892],[-2.00373,53.32166],[-2.00605,53.32167],[-2.01027,53.3229],[-2.01155,53.32595],[-2.0118,53.3276],[-2.01081,53.32979],[-2.00928,53.33139],[-2.01365,53.33242],[-2.01339,53.33567],[-2.01432,53.34006],[-2.01014,53.3419],[-2.00466,53.34601],[-2.00784,53.34777],[-2.00771,53.34929],[-2.00842,53.3511],[-2.0067,53.35166],[-2.00727,53.35347],[-2.00679,53.35457],[-2.01044,53.35524],[-2.01069,53.35825],[-2.00905,53.36201],[-2.01175,53.36162],[-2.01627,53.36335],[-2.01743,53.36565],[-2.02181,53.36678],[-2.02351,53.36641],[-2.02496,53.3641],[-2.02705,53.36371],[-2.03017,53.36623],[-2.03212,53.36642],[-2.03411,53.3678],[-2.03106,53.37026],[-2.02862,53.37073],[-2.03083,53.37292],[-2.03378,53.37509],[-2.03069,53.37519],[-2.02804,53.37395],[-2.02621,53.37362],[-2.02147,53.37506],[-2.02063,53.37616],[-2.02094,53.3776],[-2.01708,53.37783],[-2.01859,53.38021],[-2.01698,53.3815],[-2.01511,53.38057],[-2.01306,53.3841],[-2.00464,53.38633],[-2.00518,53.39239],[-2.00448,53.39376],[-2.00177,53.39649],[-1.99739,53.40354],[-1.99618,53.40467],[-1.99515,53.40776],[-1.99399,53.40919],[-1.9933,53.41191],[-1.99397,53.41318],[-1.99233,53.41519],[-2.00025,53.41527],[-2.00509,53.41503],[-2.01065,53.41673],[-2.0137,53.41589],[-2.01522,53.41663],[-2.01477,53.41785],[-2.01702,53.41814],[-2.01668,53.4193],[-2.02371,53.42055],[-2.02344,53.42175],[-2.02128,53.42258],[-2.01972,53.42512],[-2.02047,53.42669],[-2.02415,53.42795],[-2.02626,53.42987],[-2.02732,53.43189],[-2.02673,53.43269],[-2.02275,53.4331],[-2.02245,53.43432],[-2.01952,53.43579],[-2.01785,53.43839],[-2.01656,53.4381],[-2.01472,53.43957],[-2.0123,53.43992],[-2.01004,53.43726],[-2.00717,53.4357],[-2.00422,53.43592],[-2.00543,53.43714],[-2.00469,53.43801],[-2.00642,53.44044],[-2.00831,53.44145],[-2.00661,53.44241],[-2.00376,53.4429],[-2.00253,53.44412],[-1.99938,53.44585],[-1.99639,53.44577],[-1.99476,53.44691],[-1.99503,53.4506],[-1.99315,53.4523],[-1.98945,53.45402],[-1.9869,53.45432],[-1.98556,53.45576],[-1.98766,53.45688],[-1.98743,53.4589],[-1.98816,53.4606],[-1.98091,53.46287],[-1.98153,53.46451],[-1.98421,53.46682],[-1.98673,53.46751],[-1.98761,53.46959],[-1.98853,53.47002],[-1.98737,53.47277],[-1.98932,53.47511],[-1.9891,53.47682],[-1.9874,53.48158],[-1.98571,53.48174],[-1.98467,53.48323],[-1.98146,53.48526],[-1.97665,53.48632],[-1.97428,53.48838],[-1.97377,53.4901],[-1.97226,53.49162],[-1.97078,53.49522],[-1.97249,53.49905],[-1.97197,53.5002],[-1.97272,53.50249],[-1.97132,53.50456],[-1.96744,53.50664],[-1.96339,53.50983],[-1.96126,53.50728],[-1.95947,53.50591],[-1.95567,53.50446],[-1.95133,53.5042],[-1.94689,53.50455],[-1.94243,53.50661],[-1.93825,53.5064],[-1.9355,53.50579],[-1.92878,53.50809],[-1.92608,53.50866],[-1.9244,53.50957],[-1.92197,53.50995],[-1.9175,53.51308],[-1.91677,53.5145],[-1.92186,53.51718],[-1.92269,53.51838],[-1.92678,53.52095],[-1.92348,53.52296],[-1.92261,53.52633],[-1.92244,53.53082],[-1.91739,53.5322],[-1.91578,53.53295],[-1.91425,53.53671],[-1.91189,53.53803],[-1.90962,53.53839],[-1.91288,53.55164],[-1.91937,53.55088],[-1.92158,53.553],[-1.92445,53.55255],[-1.9287,53.55558],[-1.94273,53.56164],[-1.94459,53.56869],[-1.9464,53.57151],[-1.95032,53.57417],[-1.95093,53.57364],[-1.95658,53.57757],[-1.96686,53.58002],[-1.97116,53.58416],[-1.97824,53.58679],[-1.98165,53.58934],[-1.99071,53.59948],[-1.99476,53.60339],[-1.99587,53.60512],[-1.99961,53.60794],[-2.00751,53.61253],[-2.00767,53.61438],[-2.00947,53.61678],[-2.01477,53.61535],[-2.01865,53.61597],[-2.02304,53.61584],[-2.02459,53.6174],[-2.02644,53.6208],[-2.02617,53.62242],[-2.02682,53.62417],[-2.03006,53.62778],[-2.03089,53.62924],[-2.02975,53.63084],[-2.02903,53.63422],[-2.03,53.63617],[-2.03693,53.6382],[-2.04114,53.64085],[-2.04158,53.64542],[-2.04071,53.64838],[-2.03968,53.64898],[-2.04053,53.65092],[-2.03659,53.65531],[-2.03569,53.65762],[-2.03571,53.65933],[-2.0371,53.66234],[-2.04483,53.66547],[-2.04852,53.66769],[-2.04962,53.66878],[-2.0522,53.66945],[-2.05439,53.67303],[-2.05486,53.67566],[-2.0535,53.67789],[-2.0489,53.68023],[-2.05124,53.68369],[-2.05555,53.68266],[-2.05622,53.68314],[-2.06183,53.68282],[-2.07133,53.67886],[-2.07335,53.67751],[-2.07742,53.6774],[-2.08045,53.67834],[-2.08409,53.67763],[-2.08373,53.67605],[-2.0844,53.67289],[-2.08643,53.67096],[-2.09289,53.67016],[-2.09607,53.67152],[-2.09702,53.67262],[-2.1141,53.67112],[-2.11809,53.67125],[-2.12539,53.67484],[-2.12672,53.67688],[-2.12688,53.6796],[-2.12768,53.68156],[-2.12986,53.6831],[-2.13285,53.6844],[-2.13413,53.68573],[-2.13599,53.68448],[-2.13972,53.68281],[-2.14109,53.67897],[-2.14226,53.67801],[-2.14464,53.67948],[-2.14633,53.68223],[-2.14818,53.68612],[-2.14727,53.68886],[-2.14525,53.69229],[-2.15089,53.6947],[-2.16115,53.69764],[-2.1626,53.6992],[-2.16205,53.70437],[-2.16333,53.70839],[-2.16576,53.7102],[-2.16683,53.71351],[-2.16928,53.71574],[-2.172,53.71717],[-2.17134,53.71884],[-2.16973,53.71942],[-2.17329,53.72301],[-2.17142,53.72519],[-2.16723,53.72734],[-2.16624,53.729],[-2.16391,53.73128],[-2.1569,53.73319],[-2.156,53.73533],[-2.15313,53.73442],[-2.15211,53.73531],[-2.14847,53.73423],[-2.14794,53.73533],[-2.14531,53.73606],[-2.14384,53.73733],[-2.14485,53.73896],[-2.14311,53.7391],[-2.14094,53.74187],[-2.14189,53.7439],[-2.14172,53.74574],[-2.13884,53.7475],[-2.13451,53.74894],[-2.1313,53.75138],[-2.12952,53.75459],[-2.13159,53.75807],[-2.13007,53.76309],[-2.13078,53.76516],[-2.13007,53.76828],[-2.13046,53.77239],[-2.13134,53.77441],[-2.13503,53.77684],[-2.13636,53.7801],[-2.13546,53.78125],[-2.13217,53.78341],[-2.13048,53.78514],[-2.12732,53.78611],[-2.12482,53.78806],[-2.1257,53.78965],[-2.12922,53.79092],[-2.12972,53.79163],[-2.12901,53.79367],[-2.12786,53.79466],[-2.1278,53.79827],[-2.12627,53.79948],[-2.11228,53.80571],[-2.1023,53.80949],[-2.09702,53.8122],[-2.09174,53.81424],[-2.08498,53.81852],[-2.06122,53.82562],[-2.04692,53.82951],[-2.04508,53.8389],[-2.04613,53.85014],[-2.06229,53.85908],[-2.06476,53.85888],[-2.06641,53.85963],[-2.06897,53.85973],[-2.07137,53.8611],[-2.07485,53.86237],[-2.07596,53.86361],[-2.07672,53.86684],[-2.08119,53.86997],[-2.0845,53.87007],[-2.08612,53.86966],[-2.08835,53.87006],[-2.08425,53.87223],[-2.08145,53.87568],[-2.08246,53.87755],[-2.08371,53.87793],[-2.08625,53.88075],[-2.09068,53.88281],[-2.09386,53.88509],[-2.09573,53.88816],[-2.10302,53.89094],[-2.10342,53.89189],[-2.11318,53.90461],[-2.10747,53.90804],[-2.10979,53.90909],[-2.11182,53.91193],[-2.11469,53.91375],[-2.11309,53.91544],[-2.11669,53.91729],[-2.11829,53.91765],[-2.12176,53.91733],[-2.12463,53.92192],[-2.12435,53.9232],[-2.12707,53.92367],[-2.13016,53.92348],[-2.13255,53.92555],[-2.13222,53.92651],[-2.13779,53.92804],[-2.13998,53.92833],[-2.1418,53.92567],[-2.14496,53.92651],[-2.14943,53.92603],[-2.14811,53.92783],[-2.15172,53.92948],[-2.15518,53.92757],[-2.15689,53.92702],[-2.15782,53.92827],[-2.15966,53.92865],[-2.16288,53.92727],[-2.16379,53.93029],[-2.16157,53.93191],[-2.16427,53.9347],[-2.1716,53.93766],[-2.17433,53.93671],[-2.17593,53.93427],[-2.17918,53.93548],[-2.18226,53.93541],[-2.18439,53.93713],[-2.18564,53.94045],[-2.18549,53.94189],[-2.18371,53.9437],[-2.18384,53.94522],[-2.17947,53.94599],[-2.18071,53.948],[-2.18368,53.94934],[-2.18353,53.95144],[-2.18815,53.95521],[-2.19129,53.95808],[-2.19362,53.9614],[-2.19559,53.96634],[-2.19602,53.96958],[-2.20064,53.97013],[-2.20167,53.96785],[-2.20317,53.96779],[-2.20666,53.9664],[-2.20704,53.96519],[-2.20964,53.9629],[-2.21299,53.96336],[-2.21449,53.96511],[-2.22061,53.96355],[-2.22567,53.96112],[-2.22594,53.9628],[-2.22532,53.96503],[-2.22592,53.96728],[-2.22875,53.96706],[-2.22915,53.96853],[-2.23099,53.97081],[-2.2321,53.97122],[-2.22764,53.97496],[-2.22353,53.97621],[-2.22111,53.9779],[-2.22409,53.9787],[-2.22726,53.97846],[-2.22817,53.97999],[-2.23038,53.98156],[-2.23286,53.98097],[-2.23467,53.98143],[-2.23698,53.98096],[-2.24517,53.98069],[-2.24581,53.97928],[-2.24726,53.97881],[-2.28415,53.97404],[-2.29225,53.97501],[-2.2955,53.97521],[-2.29895,53.97655],[-2.29869,53.97754],[-2.29684,53.97928],[-2.29688,53.98058],[-2.30009,53.98145],[-2.30527,53.98386],[-2.3045,53.98458],[-2.30944,53.98746],[-2.31427,53.98862],[-2.31559,53.99034],[-2.31839,53.99209],[-2.31918,53.99382],[-2.32501,53.99406],[-2.32698,53.9938],[-2.33373,53.99043],[-2.33594,53.99166],[-2.33836,53.99123],[-2.34,53.98948],[-2.34587,53.9924],[-2.35218,53.99461],[-2.35337,53.99991],[-2.35356,54.00364],[-2.35228,54.01055],[-2.35025,54.01218],[-2.34791,54.00997],[-2.34282,54.0088],[-2.34079,54.00749],[-2.33956,54.00932],[-2.34327,54.01602],[-2.3436,54.01733],[-2.34565,54.0182],[-2.34939,54.0177],[-2.35015,54.01862],[-2.35732,54.01912],[-2.35654,54.02147],[-2.36035,54.02432],[-2.35951,54.02639],[-2.36173,54.02723],[-2.36193,54.02924],[-2.35926,54.03175],[-2.36266,54.03445],[-2.36185,54.03795],[-2.36418,54.04009],[-2.362,54.04067],[-2.37407,54.04909],[-2.38442,54.04761],[-2.38716,54.04522],[-2.38966,54.04425],[-2.39474,54.04332],[-2.39706,54.04422],[-2.40046,54.04349],[-2.40383,54.04348],[-2.40554,54.04257],[-2.41444,54.04203],[-2.42252,54.04057],[-2.42583,54.03809],[-2.43273,54.04159],[-2.44036,54.04184],[-2.44239,54.04227],[-2.44532,54.04216],[-2.45076,54.04066],[-2.45663,54.04017],[-2.45877,54.0405],[-2.46468,54.0432],[-2.46955,54.04621],[-2.47055,54.05085],[-2.46902,54.05488],[-2.46399,54.06108],[-2.46561,54.07173],[-2.46435,54.07528],[-2.47072,54.07656],[-2.48075,54.08538],[-2.48638,54.08485],[-2.4884,54.08673],[-2.49157,54.08732],[-2.49257,54.08988],[-2.49421,54.0898],[-2.50631,54.09147],[-2.50875,54.09242],[-2.50855,54.09423],[-2.50953,54.09543],[-2.51724,54.09497],[-2.52052,54.09554],[-2.52401,54.09462],[-2.52559,54.09603],[-2.52639,54.09918],[-2.52449,54.10031],[-2.52411,54.10213],[-2.52631,54.10195],[-2.5275,54.1026],[-2.53153,54.10328],[-2.53443,54.10342],[-2.53677,54.1041],[-2.53813,54.10567],[-2.5362,54.10863],[-2.53909,54.10992],[-2.54179,54.11187],[-2.54468,54.11322],[-2.54584,54.11437],[-2.54476,54.11713],[-2.55308,54.12054],[-2.55687,54.12061],[-2.55921,54.12109],[-2.56077,54.12237],[-2.56333,54.12271],[-2.56321,54.12538],[-2.56473,54.12691],[-2.56139,54.1299],[-2.56249,54.13174],[-2.56222,54.13518],[-2.56341,54.14041],[-2.56095,54.14284],[-2.55787,54.14336],[-2.5582,54.14742],[-2.55738,54.14998],[-2.56151,54.15053],[-2.5605,54.15305],[-2.55767,54.15349],[-2.55229,54.15366],[-2.54732,54.15332],[-2.54483,54.15572],[-2.54368,54.1576],[-2.54133,54.15772],[-2.53673,54.15651],[-2.53398,54.15769],[-2.53314,54.15856],[-2.533,54.16086],[-2.53156,54.16095],[-2.52891,54.16424],[-2.53022,54.16652],[-2.52937,54.1671],[-2.52876,54.16948],[-2.5268,54.17039],[-2.52318,54.17128],[-2.52364,54.17242],[-2.5223,54.17391],[-2.51532,54.17796],[-2.51174,54.17882],[-2.47994,54.20233],[-2.47963,54.20463],[-2.47705,54.2089],[-2.47569,54.2103],[-2.47477,54.21375],[-2.4737,54.21528],[-2.46902,54.2189],[-2.46561,54.22072],[-2.46397,54.22211],[-2.46086,54.22672],[-2.44142,54.22574],[-2.43765,54.2242],[-2.43543,54.22288],[-2.43194,54.2242],[-2.42942,54.22357],[-2.42649,54.22371],[-2.42405,54.22445],[-2.41479,54.22596],[-2.41197,54.22669],[-2.40921,54.22663],[-2.40645,54.22593],[-2.40563,54.22492],[-2.40363,54.22558],[-2.40138,54.23042],[-2.40093,54.23404],[-2.39678,54.23938],[-2.38509,54.23915],[-2.37302,54.2401],[-2.37233,54.24823],[-2.36232,54.24975],[-2.36041,54.24665],[-2.35055,54.24137],[-2.34805,54.23781],[-2.34251,54.23747],[-2.33766,54.2376],[-2.33581,54.23806],[-2.33131,54.2406],[-2.32827,54.24189],[-2.32565,54.24144],[-2.32547,54.2428],[-2.32266,54.24546],[-2.32325,54.24699],[-2.32254,54.24815],[-2.32265,54.25291],[-2.32209,54.25502],[-2.3191,54.25716],[-2.32082,54.25993],[-2.31806,54.26359],[-2.31829,54.2659],[-2.31611,54.26785],[-2.31551,54.27028],[-2.3194,54.27447],[-2.32118,54.27512],[-2.32175,54.27735],[-2.32413,54.28018],[-2.32112,54.28223],[-2.32166,54.28313],[-2.31908,54.28382],[-2.31792,54.28671],[-2.31719,54.28717],[-2.31986,54.28897],[-2.32417,54.29361],[-2.32229,54.2952],[-2.32039,54.29904],[-2.32044,54.29999],[-2.32435,54.30078],[-2.32452,54.30318],[-2.32125,54.30541],[-2.3204,54.30677],[-2.32303,54.31108],[-2.32015,54.31209],[-2.31867,54.31129],[-2.31498,54.31359],[-2.30984,54.32431],[-2.31246,54.32492],[-2.31499,54.32712],[-2.31805,54.3281],[-2.3202,54.33175],[-2.32247,54.33153],[-2.32816,54.33215],[-2.33475,54.33494],[-2.33521,54.33585],[-2.33451,54.33788],[-2.33577,54.34043],[-2.34023,54.34271],[-2.34792,54.34514],[-2.34814,54.34678],[-2.35324,54.34842],[-2.35734,54.34935],[-2.35967,54.35027],[-2.36156,54.35243],[-2.36716,54.35493],[-2.36075,54.35495],[-2.35644,54.35593],[-2.35573,54.35721],[-2.35288,54.35833],[-2.34465,54.35963],[-2.34271,54.36165],[-2.33825,54.36383],[-2.33456,54.36382],[-2.33288,54.36455],[-2.32996,54.36713],[-2.32433,54.36917],[-2.32237,54.37088],[-2.31704,54.37631],[-2.29744,54.3769],[-2.29209,54.38417],[-2.29322,54.38681],[-2.2917,54.39063],[-2.29217,54.39151],[-2.29618,54.39275],[-2.29887,54.3948],[-2.30166,54.3962],[-2.30545,54.39709],[-2.30621,54.39901],[-2.30512,54.40204],[-2.30741,54.4043],[-2.30568,54.40758],[-2.30632,54.41126],[-2.30785,54.41429],[-2.30815,54.41979],[-2.30788,54.42082],[-2.30546,54.42262],[-2.30337,54.42628],[-2.29944,54.42704],[-2.29453,54.43127],[-2.29185,54.43146],[-2.29235,54.43267],[-2.29149,54.43606],[-2.29254,54.43751],[-2.29287,54.43931],[-2.28431,54.43844],[-2.28042,54.43894],[-2.27498,54.44066],[-2.27135,54.44092],[-2.27033,54.44191],[-2.26538,54.44293],[-2.2679,54.44723],[-2.26272,54.44866],[-2.25986,54.44852],[-2.25677,54.45017],[-2.2535,54.45054],[-2.24954,54.45194],[-2.24624,54.45178],[-2.24412,54.45007],[-2.23873,54.44988],[-2.23562,54.44823],[-2.19242,54.44861],[-2.18932,54.44898],[-2.18616,54.45204],[-2.18358,54.45582],[-2.18219,54.4573],[-2.17991,54.45846],[-2.17751,54.46163],[-2.17058,54.46114],[-2.17193,54.45947],[-2.17021,54.4582],[-2.1617,54.46473],[-2.159,54.47203],[-2.16647,54.48991],[-2.16239,54.50394],[-2.1687,54.51965],[-2.17449,54.52173],[-2.17403,54.52441],[-2.17117,54.529],[-2.1724,54.53244],[-2.18229,54.53586],[-2.19753,54.5327],[-2.21014,54.54366],[-2.20949,54.55171],[-2.24596,54.56506],[-2.26228,54.57423],[-2.27094,54.5822],[-2.30451,54.5962],[-2.30876,54.61188],[-2.32494,54.63165],[-2.32381,54.632],[-2.31997,54.63444],[-2.31706,54.63541],[-2.31419,54.63701],[-2.31115,54.63763],[-2.30692,54.64228],[-2.30286,54.64278],[-2.29681,54.64682],[-2.29409,54.64939],[-2.2929,54.64985],[-2.28798,54.65048],[-2.28931,54.65165],[-2.28997,54.65498],[-2.2921,54.65587],[-2.29134,54.65836],[-2.29277,54.66116],[-2.29287,54.66389],[-2.2982,54.66552],[-2.30222,54.66625],[-2.30383,54.66751],[-2.30275,54.66906],[-2.30615,54.67015],[-2.30836,54.66951],[-2.31344,54.66934],[-2.31636,54.66877],[-2.31898,54.66943],[-2.3225,54.66902],[-2.32757,54.67087],[-2.32641,54.67269],[-2.32926,54.6747],[-2.33052,54.67457],[-2.33562,54.67533],[-2.33986,54.67813],[-2.34166,54.67885],[-2.34351,54.68222],[-2.3468,54.68394],[-2.34908,54.68396],[-2.3502,54.68541],[-2.35159,54.68574],[-2.35178,54.68747],[-2.35048,54.69003],[-2.3539,54.69143],[-2.35417,54.69288],[-2.35226,54.69449],[-2.35548,54.69792],[-2.35347,54.69794],[-2.35226,54.69994],[-2.34956,54.70118],[-2.34636,54.70086],[-2.34438,54.70177],[-2.34277,54.70519],[-2.34146,54.706],[-2.34402,54.70769],[-2.34503,54.70918],[-2.34115,54.71062],[-2.34221,54.71553],[-2.34139,54.71667],[-2.33904,54.71656],[-2.33745,54.71725],[-2.33757,54.71956],[-2.33442,54.72049],[-2.33021,54.72313],[-2.32575,54.72663],[-2.32961,54.72755],[-2.33066,54.72899],[-2.33064,54.73035],[-2.33195,54.73128],[-2.33192,54.73346],[-2.33093,54.73516],[-2.32946,54.73568],[-2.32859,54.73701],[-2.32689,54.73791],[-2.32788,54.73906],[-2.3264,54.74098],[-2.3276,54.74328],[-2.32671,54.74542],[-2.32693,54.7473],[-2.32281,54.75207],[-2.32259,54.7533],[-2.32082,54.755],[-2.32113,54.75666],[-2.32243,54.75781],[-2.32322,54.7598],[-2.32248,54.76397],[-2.32091,54.76568],[-2.31756,54.76811],[-2.31757,54.76874],[-2.31467,54.77036],[-2.3099,54.77191],[-2.30849,54.77354],[-2.30893,54.77449],[-2.31168,54.77542],[-2.31168,54.77807],[-2.31392,54.78111],[-2.313,54.78259],[-2.31401,54.78517],[-2.31299,54.78734],[-2.31367,54.79022],[-2.31209,54.79102],[-2.31481,54.79258],[-2.31845,54.79319],[-2.32328,54.79501],[-2.32339,54.79675],[-2.32738,54.803],[-2.32739,54.80533],[-2.33162,54.80464],[-2.334,54.80492],[-2.33656,54.80637],[-2.34168,54.8069],[-2.34361,54.80621],[-2.34843,54.80708],[-2.34857,54.80835],[-2.35165,54.81059],[-2.35261,54.8107],[-2.35579,54.8139],[-2.35993,54.81669],[-2.36983,54.82097],[-2.36914,54.82184],[-2.37135,54.82506],[-2.374,54.82604],[-2.37267,54.82738],[-2.38233,54.83066],[-2.38674,54.83163],[-2.3896,54.83195],[-2.39273,54.83452],[-2.3983,54.84416],[-2.40162,54.85148],[-2.41166,54.85645],[-2.41474,54.85068],[-2.4171,54.84913],[-2.41755,54.8477],[-2.41989,54.84582],[-2.42053,54.84454],[-2.42268,54.84287],[-2.43001,54.84018],[-2.43369,54.83964],[-2.43827,54.83787],[-2.4419,54.83565],[-2.44697,54.8351],[-2.44901,54.83424],[-2.45046,54.83271],[-2.45224,54.83201],[-2.45595,54.83148],[-2.45799,54.83321],[-2.4606,54.83417],[-2.46124,54.8329],[-2.46331,54.83173],[-2.46318,54.83055],[-2.46508,54.82965],[-2.46877,54.82611],[-2.47335,54.82377],[-2.47415,54.82246],[-2.47592,54.82183],[-2.47895,54.81921],[-2.48147,54.81801],[-2.48196,54.81697],[-2.48816,54.81441],[-2.49536,54.81034],[-2.49828,54.81003],[-2.50215,54.8106],[-2.50766,54.80972],[-2.51098,54.80871],[-2.51497,54.80864],[-2.51947,54.80785],[-2.52344,54.80605],[-2.53065,54.806],[-2.53622,54.80767],[-2.54327,54.81212],[-2.55831,54.81672],[-2.56785,54.82357],[-2.57259,54.83144],[-2.57795,54.83645],[-2.58267,54.84587],[-2.58178,54.84789],[-2.57335,54.85355],[-2.57584,54.85667],[-2.57743,54.85957],[-2.5812,54.86424],[-2.58363,54.86559],[-2.5886,54.86954],[-2.59037,54.87291],[-2.59025,54.87378],[-2.59316,54.87527],[-2.59896,54.87986],[-2.60545,54.88431],[-2.60455,54.88545],[-2.59439,54.88774],[-2.59253,54.88896],[-2.59117,54.889],[-2.58817,54.89113],[-2.58507,54.89221],[-2.58191,54.89421],[-2.57969,54.89486],[-2.57641,54.89672],[-2.5748,54.89842],[-2.57486,54.89974],[-2.56757,54.909],[-2.5666,54.9137],[-2.56622,54.91924],[-2.55984,54.92012],[-2.5581,54.9213],[-2.55941,54.92443],[-2.55359,54.92462],[-2.55166,54.92556],[-2.54761,54.92622],[-2.54625,54.92716],[-2.54527,54.92917],[-2.54608,54.9305],[-2.5483,54.92983],[-2.55037,54.92998],[-2.55199,54.93207],[-2.55441,54.93356],[-2.56019,54.9341],[-2.56344,54.93744],[-2.56494,54.94033],[-2.56765,54.94086],[-2.57129,54.94837],[-2.56843,54.95829],[-2.57143,54.96002],[-2.57842,54.96081],[-2.58653,54.96306],[-2.58884,54.96291],[-2.59557,54.96348],[-2.59908,54.96685],[-2.59888,54.96776],[-2.60143,54.97134],[-2.60035,54.97366],[-2.59424,54.97363],[-2.59159,54.97415],[-2.58857,54.98019],[-2.58577,54.98239],[-2.58194,54.98228],[-2.57856,54.98341],[-2.57578,54.98492],[-2.57331,54.98764],[-2.57303,54.99034],[-2.57443,54.99167],[-2.57286,54.99287],[-2.57197,54.99561],[-2.57048,54.99695],[-2.57047,54.99874],[-2.56862,54.99993],[-2.56909,55.00124],[-2.56771,55.00275],[-2.5702,55.00393],[-2.57294,55.00328],[-2.5735,55.00477],[-2.57081,55.00585],[-2.57347,55.00729],[-2.57187,55.00839],[-2.57397,55.00963],[-2.57481,55.01117],[-2.57178,55.01423],[-2.57319,55.01611],[-2.5714,55.01705],[-2.5679,55.01725],[-2.56818,55.01835],[-2.56504,55.02011],[-2.55875,55.02089],[-2.55698,55.01966],[-2.55475,55.0209],[-2.55262,55.02104],[-2.55043,55.02223],[-2.54669,55.02357],[-2.54637,55.02524],[-2.54448,55.02681],[-2.5409,55.02732],[-2.53957,55.02888],[-2.53406,55.02827],[-2.53198,55.03037],[-2.52919,55.02896],[-2.52708,55.03026],[-2.52771,55.03228],[-2.5245,55.03293],[-2.52166,55.03252],[-2.51579,55.03359],[-2.51472,55.0345],[-2.51256,55.03379],[-2.51076,55.03488],[-2.51099,55.0359],[-2.50863,55.03601],[-2.50892,55.03442],[-2.50448,55.03319],[-2.50383,55.03427],[-2.50655,55.0356],[-2.50567,55.03675],[-2.50304,55.03709],[-2.49707,55.03688],[-2.49344,55.03717],[-2.48305,55.04002],[-2.48234,55.04149],[-2.48296,55.0437],[-2.48489,55.04516],[-2.48812,55.04622],[-2.48757,55.04786],[-2.49434,55.05071],[-2.49315,55.05212],[-2.49085,55.05338],[-2.49219,55.0542],[-2.49485,55.05446],[-2.49783,55.05663],[-2.49975,55.05615],[-2.50202,55.05773],[-2.50227,55.06128],[-2.50347,55.06314],[-2.50075,55.06429],[-2.49788,55.06473],[-2.49759,55.06566],[-2.4938,55.06596],[-2.4922,55.06815],[-2.49326,55.06906],[-2.49403,55.07166],[-2.49924,55.0735],[-2.50123,55.07522],[-2.49948,55.07677],[-2.49705,55.07742],[-2.49631,55.08031],[-2.49473,55.08182],[-2.4911,55.08227],[-2.49012,55.08078],[-2.48664,55.0811],[-2.48634,55.08305],[-2.4897,55.08415],[-2.4907,55.08586],[-2.49533,55.08647],[-2.49905,55.0878],[-2.50063,55.09019],[-2.50225,55.09072],[-2.50489,55.09038],[-2.50693,55.08915],[-2.50896,55.08972],[-2.51157,55.08887],[-2.51647,55.08912],[-2.51677,55.08605],[-2.51809,55.08496],[-2.52495,55.08548],[-2.52717,55.08507],[-2.53047,55.08519],[-2.53226,55.08276],[-2.53686,55.08294],[-2.54017,55.0843],[-2.54403,55.08339],[-2.54577,55.08378],[-2.55046,55.0817],[-2.55265,55.08126],[-2.55519,55.08276],[-2.55697,55.08212],[-2.55879,55.08378],[-2.56279,55.08438],[-2.5589,55.0874],[-2.55829,55.08881],[-2.56075,55.08944],[-2.56118,55.0903],[-2.5634,55.09127],[-2.56671,55.09197],[-2.56678,55.0937],[-2.56897,55.09439],[-2.56843,55.09626],[-2.5702,55.09723],[-2.57246,55.09763],[-2.57668,55.09585],[-2.57744,55.09674],[-2.58066,55.09669],[-2.58333,55.09903],[-2.58263,55.10052],[-2.58334,55.10168],[-2.58542,55.10274],[-2.58934,55.10396],[-2.59209,55.10424],[-2.5923,55.10605],[-2.59432,55.10762],[-2.59328,55.11005],[-2.59426,55.11086],[-2.59344,55.11283],[-2.59483,55.11407],[-2.59961,55.11568],[-2.60047,55.11716],[-2.60159,55.12261],[-2.60093,55.12379],[-2.60615,55.12615],[-2.61564,55.1275],[-2.62127,55.12922],[-2.62435,55.12897],[-2.62569,55.12754],[-2.63264,55.12776],[-2.63571,55.12961],[-2.64537,55.13105],[-2.64712,55.13106],[-2.64862,55.13239],[-2.65545,55.13569],[-2.65694,55.13613],[-2.65977,55.14211],[-2.65991,55.14429],[-2.66259,55.14699],[-2.66639,55.14746],[-2.66858,55.14731],[-2.67127,55.15053],[-2.67326,55.15178],[-2.67489,55.15547],[-2.67732,55.15549],[-2.67777,55.15658],[-2.6761,55.15841],[-2.68325,55.16663],[-2.68292,55.16749],[-2.67992,55.16886],[-2.67736,55.17125],[-2.67644,55.17304],[-2.67427,55.17371],[-2.67456,55.17589],[-2.67738,55.17772],[-2.68979,55.18898]]],[[[-3.2244,53.38003],[-3.22393,53.38031],[-3.22844,53.38377],[-3.22828,53.38225],[-3.22624,53.38052],[-3.2244,53.38003]]],[[[-2.90474,53.72707],[-2.90594,53.72605],[-2.90543,53.72436],[-2.9039,53.72391],[-2.90292,53.72258],[-2.89905,53.7215],[-2.89692,53.72279],[-2.89753,53.72496],[-2.90054,53.72545],[-2.90174,53.72627],[-2.90474,53.72707]]],[[[-2.90508,53.7272],[-2.90806,53.72832],[-2.91288,53.72702],[-2.91202,53.72479],[-2.90669,53.72351],[-2.90625,53.72187],[-2.90273,53.72017],[-2.89902,53.72019],[-2.89873,53.72112],[-2.90297,53.72254],[-2.90533,53.72413],[-2.90621,53.72602],[-2.90508,53.7272]]],[[[-2.90395,53.72776],[-2.90473,53.72907],[-2.90752,53.72844],[-2.90477,53.72725],[-2.90395,53.72776]]],[[[-2.89502,53.72979],[-2.90317,53.72916],[-2.90363,53.72689],[-2.90142,53.72636],[-2.89612,53.72842],[-2.89502,53.72979]]],[[[-2.88949,53.73069],[-2.89456,53.7301],[-2.89584,53.72778],[-2.90028,53.72667],[-2.89988,53.7257],[-2.89705,53.72539],[-2.89592,53.72476],[-2.89497,53.72511],[-2.89361,53.72576],[-2.89365,53.72549],[-2.89133,53.72563],[-2.89122,53.72702],[-2.89076,53.72851],[-2.89018,53.72998],[-2.88949,53.73069]]],[[[-2.88769,53.72983],[-2.88993,53.72991],[-2.89053,53.72893],[-2.89052,53.72802],[-2.89107,53.72746],[-2.8912,53.72567],[-2.88816,53.72667],[-2.88841,53.72821],[-2.88769,53.72983]]],[[[-2.94221,53.85118],[-2.93807,53.85309],[-2.94014,53.85393],[-2.94373,53.85217],[-2.94221,53.85118]]],[[[-2.88344,53.94465],[-2.88319,53.9458],[-2.884,53.94665],[-2.88756,53.94514],[-2.88869,53.94413],[-2.8862,53.94332],[-2.88344,53.94465]]],[[[-2.8873,53.94618],[-2.88542,53.94833],[-2.88831,53.94892],[-2.88953,53.94811],[-2.88882,53.94633],[-2.8873,53.94618]]],[[[-2.89348,53.98891],[-2.89333,53.98958],[-2.8972,53.99054],[-2.90006,53.99056],[-2.90126,53.98903],[-2.9002,53.98781],[-2.89829,53.98779],[-2.89348,53.98891]]],[[[-2.83744,54.02208],[-2.83706,54.02298],[-2.84012,54.02297],[-2.84133,54.02224],[-2.84109,54.02147],[-2.83758,54.02003],[-2.83643,54.01718],[-2.83465,54.01764],[-2.8341,54.02244],[-2.83635,54.02281],[-2.83744,54.02208]]],[[[-3.17268,54.06225],[-3.17229,54.0643],[-3.17409,54.06584],[-3.17586,54.0655],[-3.17689,54.06351],[-3.17373,54.06186],[-3.17268,54.06225]]],[[[-3.25215,54.15049],[-3.25202,54.15138],[-3.25527,54.15286],[-3.25721,54.15273],[-3.26233,54.15043],[-3.26825,54.14937],[-3.27141,54.14809],[-3.27601,54.14363],[-3.27665,54.14202],[-3.27553,54.13163],[-3.2748,54.12902],[-3.27227,54.12369],[-3.27092,54.1173],[-3.26943,54.11547],[-3.26846,54.11229],[-3.26943,54.11114],[-3.26838,54.10914],[-3.26855,54.10737],[-3.26744,54.10674],[-3.264,54.10258],[-3.25522,54.09104],[-3.24709,54.08203],[-3.23495,54.07091],[-3.23221,54.06972],[-3.22506,54.0633],[-3.20991,54.04767],[-3.1987,54.04481],[-3.19555,54.04427],[-3.19234,54.04518],[-3.18719,54.04591],[-3.17316,54.04708],[-3.17138,54.04925],[-3.17154,54.05258],[-3.1707,54.0541],[-3.17283,54.05524],[-3.17424,54.05414],[-3.17276,54.05137],[-3.17358,54.04896],[-3.17573,54.04908],[-3.17432,54.0509],[-3.17498,54.05223],[-3.17859,54.05526],[-3.18031,54.05387],[-3.18503,54.05164],[-3.19602,54.04874],[-3.19872,54.04904],[-3.20549,54.05204],[-3.20676,54.05352],[-3.20812,54.05631],[-3.20745,54.05894],[-3.21073,54.0616],[-3.21103,54.06347],[-3.21027,54.0652],[-3.21338,54.06631],[-3.21702,54.06639],[-3.21902,54.06555],[-3.22579,54.0703],[-3.22713,54.07305],[-3.22627,54.07605],[-3.22647,54.07805],[-3.22464,54.07888],[-3.22351,54.0803],[-3.22683,54.08355],[-3.22966,54.08328],[-3.23275,54.08368],[-3.23253,54.08488],[-3.23049,54.0848],[-3.22902,54.08592],[-3.22989,54.08844],[-3.23218,54.08863],[-3.23476,54.08666],[-3.23921,54.08764],[-3.23973,54.0902],[-3.24191,54.0911],[-3.24182,54.09232],[-3.24488,54.09398],[-3.24278,54.09499],[-3.24299,54.09672],[-3.24409,54.09736],[-3.24748,54.09733],[-3.24907,54.09857],[-3.24435,54.09816],[-3.24294,54.09894],[-3.243,54.10033],[-3.24457,54.10183],[-3.24518,54.10345],[-3.24619,54.10846],[-3.24549,54.10922],[-3.24669,54.11156],[-3.24973,54.11359],[-3.25085,54.11595],[-3.24996,54.12077],[-3.25083,54.12585],[-3.2543,54.13048],[-3.25457,54.13179],[-3.25626,54.13448],[-3.25595,54.13493],[-3.25884,54.13693],[-3.26116,54.13797],[-3.26441,54.14104],[-3.26422,54.14292],[-3.26499,54.14658],[-3.26445,54.14775],[-3.26056,54.14869],[-3.25653,54.15007],[-3.25215,54.15049]]],[[[-3.03412,54.20886],[-3.03244,54.21132],[-3.0327,54.21241],[-3.03678,54.21],[-3.03707,54.2086],[-3.03927,54.20828],[-3.03969,54.20653],[-3.0378,54.20627],[-3.03412,54.20886]]]]}},{"type":"Feature","properties":{"countryCode":"GB","code":"E12000003","nom":"Yorkshire-et-Humber","outreMer":false},"geometry":{"type":"MultiPolygon","coordinates":[[[[-2.17021,54.4582],[-2.17193,54.45947],[-2.17058,54.46114],[-2.17751,54.46163],[-2.17991,54.45846],[-2.18219,54.4573],[-2.18358,54.45582],[-2.18616,54.45204],[-2.18932,54.44898],[-2.19242,54.44861],[-2.23562,54.44823],[-2.23873,54.44988],[-2.24412,54.45007],[-2.24624,54.45178],[-2.24954,54.45194],[-2.2535,54.45054],[-2.25677,54.45017],[-2.25986,54.44852],[-2.26272,54.44866],[-2.2679,54.44723],[-2.26538,54.44293],[-2.27033,54.44191],[-2.27135,54.44092],[-2.27498,54.44066],[-2.28042,54.43894],[-2.28431,54.43844],[-2.29287,54.43931],[-2.29254,54.43751],[-2.29149,54.43606],[-2.29235,54.43267],[-2.29185,54.43146],[-2.29453,54.43127],[-2.29944,54.42704],[-2.30337,54.42628],[-2.30546,54.42262],[-2.30788,54.42082],[-2.30815,54.41979],[-2.30785,54.41429],[-2.30632,54.41126],[-2.30568,54.40758],[-2.30741,54.4043],[-2.30512,54.40204],[-2.30621,54.39901],[-2.30545,54.39709],[-2.30166,54.3962],[-2.29887,54.3948],[-2.29618,54.39275],[-2.29217,54.39151],[-2.2917,54.39063],[-2.29322,54.38681],[-2.29209,54.38417],[-2.29744,54.3769],[-2.31704,54.37631],[-2.32237,54.37088],[-2.32433,54.36917],[-2.32996,54.36713],[-2.33288,54.36455],[-2.33456,54.36382],[-2.33825,54.36383],[-2.34271,54.36165],[-2.34465,54.35963],[-2.35288,54.35833],[-2.35573,54.35721],[-2.35644,54.35593],[-2.36075,54.35495],[-2.36716,54.35493],[-2.36156,54.35243],[-2.35967,54.35027],[-2.35734,54.34935],[-2.35324,54.34842],[-2.34814,54.34678],[-2.34792,54.34514],[-2.34023,54.34271],[-2.33577,54.34043],[-2.33451,54.33788],[-2.33521,54.33585],[-2.33475,54.33494],[-2.32816,54.33215],[-2.32247,54.33153],[-2.3202,54.33175],[-2.31805,54.3281],[-2.31499,54.32712],[-2.31246,54.32492],[-2.30984,54.32431],[-2.31498,54.31359],[-2.31867,54.31129],[-2.32015,54.31209],[-2.32303,54.31108],[-2.3204,54.30677],[-2.32125,54.30541],[-2.32452,54.30318],[-2.32435,54.30078],[-2.32044,54.29999],[-2.32039,54.29904],[-2.32229,54.2952],[-2.32417,54.29361],[-2.31986,54.28897],[-2.31719,54.28717],[-2.31792,54.28671],[-2.31908,54.28382],[-2.32166,54.28313],[-2.32112,54.28223],[-2.32413,54.28018],[-2.32175,54.27735],[-2.32118,54.27512],[-2.3194,54.27447],[-2.31551,54.27028],[-2.31611,54.26785],[-2.31829,54.2659],[-2.31806,54.26359],[-2.32082,54.25993],[-2.3191,54.25716],[-2.32209,54.25502],[-2.32265,54.25291],[-2.32254,54.24815],[-2.32325,54.24699],[-2.32266,54.24546],[-2.32547,54.2428],[-2.32565,54.24144],[-2.32827,54.24189],[-2.33131,54.2406],[-2.33581,54.23806],[-2.33766,54.2376],[-2.34251,54.23747],[-2.34805,54.23781],[-2.35055,54.24137],[-2.36041,54.24665],[-2.36232,54.24975],[-2.37233,54.24823],[-2.37302,54.2401],[-2.38509,54.23915],[-2.39678,54.23938],[-2.40093,54.23404],[-2.40138,54.23042],[-2.40363,54.22558],[-2.40563,54.22492],[-2.40645,54.22593],[-2.40921,54.22663],[-2.41197,54.22669],[-2.41479,54.22596],[-2.42405,54.22445],[-2.42649,54.22371],[-2.42942,54.22357],[-2.43194,54.2242],[-2.43543,54.22288],[-2.43765,54.2242],[-2.44142,54.22574],[-2.46086,54.22672],[-2.46397,54.22211],[-2.46561,54.22072],[-2.46902,54.2189],[-2.4737,54.21528],[-2.47477,54.21375],[-2.47569,54.2103],[-2.47705,54.2089],[-2.47963,54.20463],[-2.47994,54.20233],[-2.51174,54.17882],[-2.51532,54.17796],[-2.5223,54.17391],[-2.52364,54.17242],[-2.52318,54.17128],[-2.5268,54.17039],[-2.52876,54.16948],[-2.52937,54.1671],[-2.53022,54.16652],[-2.52891,54.16424],[-2.53156,54.16095],[-2.533,54.16086],[-2.53314,54.15856],[-2.53398,54.15769],[-2.53673,54.15651],[-2.54133,54.15772],[-2.54368,54.1576],[-2.54483,54.15572],[-2.54732,54.15332],[-2.55229,54.15366],[-2.55767,54.15349],[-2.5605,54.15305],[-2.56151,54.15053],[-2.55738,54.14998],[-2.5582,54.14742],[-2.55787,54.14336],[-2.56095,54.14284],[-2.56341,54.14041],[-2.56222,54.13518],[-2.56249,54.13174],[-2.56139,54.1299],[-2.56473,54.12691],[-2.56321,54.12538],[-2.56333,54.12271],[-2.56077,54.12237],[-2.55921,54.12109],[-2.55687,54.12061],[-2.55308,54.12054],[-2.54476,54.11713],[-2.54584,54.11437],[-2.54468,54.11322],[-2.54179,54.11187],[-2.53909,54.10992],[-2.5362,54.10863],[-2.53813,54.10567],[-2.53677,54.1041],[-2.53443,54.10342],[-2.53153,54.10328],[-2.5275,54.1026],[-2.52631,54.10195],[-2.52411,54.10213],[-2.52449,54.10031],[-2.52639,54.09918],[-2.52559,54.09603],[-2.52401,54.09462],[-2.52052,54.09554],[-2.51724,54.09497],[-2.50953,54.09543],[-2.50855,54.09423],[-2.50875,54.09242],[-2.50631,54.09147],[-2.49421,54.0898],[-2.49257,54.08988],[-2.49157,54.08732],[-2.4884,54.08673],[-2.48638,54.08485],[-2.48075,54.08538],[-2.47072,54.07656],[-2.46435,54.07528],[-2.46561,54.07173],[-2.46399,54.06108],[-2.46902,54.05488],[-2.47055,54.05085],[-2.46955,54.04621],[-2.46468,54.0432],[-2.45877,54.0405],[-2.45663,54.04017],[-2.45076,54.04066],[-2.44532,54.04216],[-2.44239,54.04227],[-2.44036,54.04184],[-2.43273,54.04159],[-2.42583,54.03809],[-2.42252,54.04057],[-2.41444,54.04203],[-2.40554,54.04257],[-2.40383,54.04348],[-2.40046,54.04349],[-2.39706,54.04422],[-2.39474,54.04332],[-2.38966,54.04425],[-2.38716,54.04522],[-2.38442,54.04761],[-2.37407,54.04909],[-2.362,54.04067],[-2.36418,54.04009],[-2.36185,54.03795],[-2.36266,54.03445],[-2.35926,54.03175],[-2.36193,54.02924],[-2.36173,54.02723],[-2.35951,54.02639],[-2.36035,54.02432],[-2.35654,54.02147],[-2.35732,54.01912],[-2.35015,54.01862],[-2.34939,54.0177],[-2.34565,54.0182],[-2.3436,54.01733],[-2.34327,54.01602],[-2.33956,54.00932],[-2.34079,54.00749],[-2.34282,54.0088],[-2.34791,54.00997],[-2.35025,54.01218],[-2.35228,54.01055],[-2.35356,54.00364],[-2.35337,53.99991],[-2.35218,53.99461],[-2.34587,53.9924],[-2.34,53.98948],[-2.33836,53.99123],[-2.33594,53.99166],[-2.33373,53.99043],[-2.32698,53.9938],[-2.32501,53.99406],[-2.31918,53.99382],[-2.31839,53.99209],[-2.31559,53.99034],[-2.31427,53.98862],[-2.30944,53.98746],[-2.3045,53.98458],[-2.30527,53.98386],[-2.30009,53.98145],[-2.29688,53.98058],[-2.29684,53.97928],[-2.29869,53.97754],[-2.29895,53.97655],[-2.2955,53.97521],[-2.29225,53.97501],[-2.28415,53.97404],[-2.24726,53.97881],[-2.24581,53.97928],[-2.24517,53.98069],[-2.23698,53.98096],[-2.23467,53.98143],[-2.23286,53.98097],[-2.23038,53.98156],[-2.22817,53.97999],[-2.22726,53.97846],[-2.22409,53.9787],[-2.22111,53.9779],[-2.22353,53.97621],[-2.22764,53.97496],[-2.2321,53.97122],[-2.23099,53.97081],[-2.22915,53.96853],[-2.22875,53.96706],[-2.22592,53.96728],[-2.22532,53.96503],[-2.22594,53.9628],[-2.22567,53.96112],[-2.22061,53.96355],[-2.21449,53.96511],[-2.21299,53.96336],[-2.20964,53.9629],[-2.20704,53.96519],[-2.20666,53.9664],[-2.20317,53.96779],[-2.20167,53.96785],[-2.20064,53.97013],[-2.19602,53.96958],[-2.19559,53.96634],[-2.19362,53.9614],[-2.19129,53.95808],[-2.18815,53.95521],[-2.18353,53.95144],[-2.18368,53.94934],[-2.18071,53.948],[-2.17947,53.94599],[-2.18384,53.94522],[-2.18371,53.9437],[-2.18549,53.94189],[-2.18564,53.94045],[-2.18439,53.93713],[-2.18226,53.93541],[-2.17918,53.93548],[-2.17593,53.93427],[-2.17433,53.93671],[-2.1716,53.93766],[-2.16427,53.9347],[-2.16157,53.93191],[-2.16379,53.93029],[-2.16288,53.92727],[-2.15966,53.92865],[-2.15782,53.92827],[-2.15689,53.92702],[-2.15518,53.92757],[-2.15172,53.92948],[-2.14811,53.92783],[-2.14943,53.92603],[-2.14496,53.92651],[-2.1418,53.92567],[-2.13998,53.92833],[-2.13779,53.92804],[-2.13222,53.92651],[-2.13255,53.92555],[-2.13016,53.92348],[-2.12707,53.92367],[-2.12435,53.9232],[-2.12463,53.92192],[-2.12176,53.91733],[-2.11829,53.91765],[-2.11669,53.91729],[-2.11309,53.91544],[-2.11469,53.91375],[-2.11182,53.91193],[-2.10979,53.90909],[-2.10747,53.90804],[-2.11318,53.90461],[-2.10342,53.89189],[-2.10302,53.89094],[-2.09573,53.88816],[-2.09386,53.88509],[-2.09068,53.88281],[-2.08625,53.88075],[-2.08371,53.87793],[-2.08246,53.87755],[-2.08145,53.87568],[-2.08425,53.87223],[-2.08835,53.87006],[-2.08612,53.86966],[-2.0845,53.87007],[-2.08119,53.86997],[-2.07672,53.86684],[-2.07596,53.86361],[-2.07485,53.86237],[-2.07137,53.8611],[-2.06897,53.85973],[-2.06641,53.85963],[-2.06476,53.85888],[-2.06229,53.85908],[-2.04613,53.85014],[-2.04508,53.8389],[-2.04692,53.82951],[-2.06122,53.82562],[-2.08498,53.81852],[-2.09174,53.81424],[-2.09702,53.8122],[-2.1023,53.80949],[-2.11228,53.80571],[-2.12627,53.79948],[-2.1278,53.79827],[-2.12786,53.79466],[-2.12901,53.79367],[-2.12972,53.79163],[-2.12922,53.79092],[-2.1257,53.78965],[-2.12482,53.78806],[-2.12732,53.78611],[-2.13048,53.78514],[-2.13217,53.78341],[-2.13546,53.78125],[-2.13636,53.7801],[-2.13503,53.77684],[-2.13134,53.77441],[-2.13046,53.77239],[-2.13007,53.76828],[-2.13078,53.76516],[-2.13007,53.76309],[-2.13159,53.75807],[-2.12952,53.75459],[-2.1313,53.75138],[-2.13451,53.74894],[-2.13884,53.7475],[-2.14172,53.74574],[-2.14189,53.7439],[-2.14094,53.74187],[-2.14311,53.7391],[-2.14485,53.73896],[-2.14384,53.73733],[-2.14531,53.73606],[-2.14794,53.73533],[-2.14847,53.73423],[-2.15211,53.73531],[-2.15313,53.73442],[-2.156,53.73533],[-2.1569,53.73319],[-2.16391,53.73128],[-2.16624,53.729],[-2.16723,53.72734],[-2.17142,53.72519],[-2.17329,53.72301],[-2.16973,53.71942],[-2.17134,53.71884],[-2.172,53.71717],[-2.16928,53.71574],[-2.16683,53.71351],[-2.16576,53.7102],[-2.16333,53.70839],[-2.16205,53.70437],[-2.1626,53.6992],[-2.16115,53.69764],[-2.15089,53.6947],[-2.14525,53.69229],[-2.14727,53.68886],[-2.14818,53.68612],[-2.14633,53.68223],[-2.14464,53.67948],[-2.14226,53.67801],[-2.14109,53.67897],[-2.13972,53.68281],[-2.13599,53.68448],[-2.13413,53.68573],[-2.13285,53.6844],[-2.12986,53.6831],[-2.12768,53.68156],[-2.12688,53.6796],[-2.12672,53.67688],[-2.12539,53.67484],[-2.11809,53.67125],[-2.1141,53.67112],[-2.09702,53.67262],[-2.09607,53.67152],[-2.09289,53.67016],[-2.08643,53.67096],[-2.0844,53.67289],[-2.08373,53.67605],[-2.08409,53.67763],[-2.08045,53.67834],[-2.07742,53.6774],[-2.07335,53.67751],[-2.07133,53.67886],[-2.06183,53.68282],[-2.05622,53.68314],[-2.05555,53.68266],[-2.05124,53.68369],[-2.0489,53.68023],[-2.0535,53.67789],[-2.05486,53.67566],[-2.05439,53.67303],[-2.0522,53.66945],[-2.04962,53.66878],[-2.04852,53.66769],[-2.04483,53.66547],[-2.0371,53.66234],[-2.03571,53.65933],[-2.03569,53.65762],[-2.03659,53.65531],[-2.04053,53.65092],[-2.03968,53.64898],[-2.04071,53.64838],[-2.04158,53.64542],[-2.04114,53.64085],[-2.03693,53.6382],[-2.03,53.63617],[-2.02903,53.63422],[-2.02975,53.63084],[-2.03089,53.62924],[-2.03006,53.62778],[-2.02682,53.62417],[-2.02617,53.62242],[-2.02644,53.6208],[-2.02459,53.6174],[-2.02304,53.61584],[-2.01865,53.61597],[-2.01477,53.61535],[-2.00947,53.61678],[-2.00767,53.61438],[-2.00751,53.61253],[-1.99961,53.60794],[-1.99587,53.60512],[-1.99476,53.60339],[-1.99071,53.59948],[-1.98165,53.58934],[-1.97824,53.58679],[-1.97116,53.58416],[-1.96686,53.58002],[-1.95658,53.57757],[-1.95093,53.57364],[-1.95032,53.57417],[-1.9464,53.57151],[-1.94459,53.56869],[-1.94273,53.56164],[-1.9287,53.55558],[-1.92445,53.55255],[-1.92158,53.553],[-1.91937,53.55088],[-1.91288,53.55164],[-1.90962,53.53839],[-1.90889,53.53873],[-1.90211,53.53864],[-1.89836,53.5378],[-1.89411,53.53361],[-1.88705,53.53587],[-1.88269,53.53915],[-1.87585,53.54041],[-1.87349,53.54043],[-1.87065,53.53928],[-1.86343,53.53496],[-1.85954,53.53365],[-1.85665,53.53002],[-1.85062,53.52622],[-1.84704,53.52543],[-1.84568,53.52473],[-1.84399,53.52256],[-1.84424,53.52178],[-1.84182,53.51991],[-1.83953,53.51982],[-1.83527,53.52059],[-1.82893,53.52318],[-1.82715,53.52351],[-1.82275,53.52191],[-1.82259,53.52002],[-1.82079,53.51851],[-1.81952,53.51343],[-1.8136,53.5121],[-1.80993,53.51189],[-1.80687,53.51209],[-1.80078,53.51138],[-1.8104,53.50634],[-1.80776,53.5061],[-1.80395,53.50507],[-1.79903,53.50467],[-1.79629,53.50315],[-1.79587,53.49949],[-1.79508,53.49819],[-1.795,53.49592],[-1.79585,53.49429],[-1.79817,53.49335],[-1.80026,53.49336],[-1.80025,53.48811],[-1.80186,53.48655],[-1.80147,53.48099],[-1.79833,53.47867],[-1.79532,53.4784],[-1.79432,53.47726],[-1.79071,53.47569],[-1.78645,53.47535],[-1.7857,53.47572],[-1.78081,53.47497],[-1.77906,53.47422],[-1.77797,53.47248],[-1.77804,53.47045],[-1.7762,53.46833],[-1.77272,53.46702],[-1.7705,53.46693],[-1.76844,53.46477],[-1.76469,53.46395],[-1.7594,53.46356],[-1.75571,53.46392],[-1.75215,53.46492],[-1.74783,53.46406],[-1.74526,53.46199],[-1.74649,53.46071],[-1.74708,53.45794],[-1.74817,53.45733],[-1.74666,53.4555],[-1.74713,53.45428],[-1.74621,53.45207],[-1.74657,53.45127],[-1.74428,53.44845],[-1.74466,53.44731],[-1.74367,53.44501],[-1.74711,53.441],[-1.74973,53.43912],[-1.74856,53.4356],[-1.7449,53.43242],[-1.74412,53.42957],[-1.74626,53.42778],[-1.74672,53.42616],[-1.74501,53.42529],[-1.73976,53.42099],[-1.73508,53.41969],[-1.7324,53.41718],[-1.72995,53.41599],[-1.72515,53.41764],[-1.72335,53.41892],[-1.71832,53.41943],[-1.71402,53.41907],[-1.71088,53.41751],[-1.70853,53.41734],[-1.70395,53.41491],[-1.70323,53.41372],[-1.70385,53.41263],[-1.703,53.41066],[-1.70413,53.40829],[-1.70397,53.40581],[-1.70497,53.40506],[-1.69452,53.40116],[-1.68183,53.40178],[-1.67298,53.39694],[-1.66809,53.39307],[-1.66511,53.39353],[-1.65901,53.3935],[-1.65472,53.39303],[-1.65382,53.39191],[-1.65353,53.38485],[-1.65602,53.38171],[-1.66178,53.37629],[-1.66329,53.37425],[-1.66271,53.37316],[-1.66391,53.36933],[-1.66395,53.36689],[-1.65788,53.36418],[-1.63059,53.35616],[-1.62835,53.3538],[-1.6256,53.35206],[-1.61563,53.35085],[-1.59055,53.34592],[-1.59146,53.34495],[-1.60158,53.34261],[-1.60425,53.34241],[-1.60764,53.34271],[-1.60881,53.3433],[-1.6123,53.34322],[-1.61214,53.34162],[-1.6168,53.33638],[-1.61951,53.33538],[-1.62211,53.33367],[-1.62209,53.33168],[-1.62358,53.33046],[-1.62726,53.32855],[-1.62792,53.32585],[-1.62684,53.32537],[-1.63273,53.32084],[-1.62828,53.31638],[-1.62506,53.31653],[-1.61943,53.31826],[-1.6092,53.32266],[-1.60389,53.31914],[-1.60153,53.31821],[-1.60067,53.31567],[-1.5992,53.31461],[-1.59909,53.31132],[-1.59038,53.3183],[-1.58677,53.31993],[-1.5869,53.3214],[-1.5849,53.32159],[-1.57892,53.3167],[-1.583,53.31572],[-1.58124,53.31431],[-1.58053,53.31174],[-1.57316,53.31277],[-1.57391,53.31338],[-1.57049,53.31437],[-1.5675,53.31476],[-1.56609,53.31357],[-1.56409,53.31363],[-1.56226,53.3158],[-1.56136,53.31582],[-1.56018,53.3137],[-1.55849,53.31372],[-1.55655,53.31144],[-1.55912,53.30974],[-1.55969,53.30824],[-1.56183,53.3066],[-1.55685,53.30547],[-1.55479,53.30609],[-1.5504,53.30623],[-1.54908,53.30698],[-1.54686,53.30665],[-1.5426,53.30529],[-1.54166,53.30467],[-1.53677,53.30475],[-1.53312,53.30622],[-1.53341,53.30765],[-1.53184,53.30875],[-1.53201,53.3099],[-1.52941,53.31092],[-1.52619,53.3104],[-1.52579,53.3121],[-1.52418,53.31246],[-1.52163,53.31174],[-1.5212,53.31286],[-1.51734,53.31221],[-1.5159,53.31341],[-1.51049,53.31605],[-1.50213,53.31758],[-1.50071,53.3159],[-1.4931,53.31673],[-1.49107,53.31738],[-1.48472,53.31875],[-1.47969,53.31872],[-1.47692,53.31928],[-1.46962,53.31719],[-1.46167,53.32021],[-1.45973,53.31973],[-1.45726,53.32071],[-1.45728,53.32177],[-1.45522,53.32187],[-1.45582,53.32347],[-1.45431,53.32428],[-1.45637,53.32511],[-1.45659,53.3263],[-1.46024,53.32725],[-1.4617,53.32845],[-1.45994,53.3297],[-1.45828,53.32873],[-1.45664,53.32939],[-1.45988,53.33069],[-1.45394,53.33072],[-1.4508,53.33157],[-1.44303,53.33726],[-1.44087,53.33637],[-1.43674,53.33745],[-1.43361,53.33769],[-1.42779,53.33615],[-1.42349,53.33594],[-1.42087,53.33457],[-1.41611,53.33701],[-1.41303,53.33962],[-1.41103,53.34199],[-1.40875,53.34197],[-1.40679,53.34085],[-1.4064,53.3394],[-1.3907,53.33598],[-1.38892,53.33623],[-1.38792,53.33452],[-1.38873,53.33318],[-1.39072,53.33164],[-1.39034,53.33102],[-1.3912,53.32829],[-1.39043,53.32608],[-1.392,53.32265],[-1.38993,53.31851],[-1.38674,53.31763],[-1.38366,53.31783],[-1.38062,53.31699],[-1.37704,53.31742],[-1.37413,53.31725],[-1.37165,53.31608],[-1.36545,53.31588],[-1.36262,53.31504],[-1.36192,53.31577],[-1.36295,53.31757],[-1.36178,53.31849],[-1.35347,53.31911],[-1.34724,53.31887],[-1.34305,53.3179],[-1.34089,53.31699],[-1.34026,53.31553],[-1.33767,53.31587],[-1.33655,53.3166],[-1.33658,53.31796],[-1.33452,53.32033],[-1.33456,53.32102],[-1.33231,53.32206],[-1.33242,53.3235],[-1.32816,53.32681],[-1.32877,53.3277],[-1.32766,53.32913],[-1.32467,53.32881],[-1.32476,53.32709],[-1.3223,53.32753],[-1.32161,53.3255],[-1.31837,53.32601],[-1.31368,53.32732],[-1.31301,53.32936],[-1.31144,53.33025],[-1.3115,53.33211],[-1.3123,53.33416],[-1.30597,53.33377],[-1.30221,53.33253],[-1.29907,53.33253],[-1.2971,53.33065],[-1.29123,53.32798],[-1.28859,53.32623],[-1.29011,53.32314],[-1.29395,53.32278],[-1.29516,53.32179],[-1.29569,53.31971],[-1.29473,53.31527],[-1.29366,53.31398],[-1.28531,53.31161],[-1.28201,53.30946],[-1.27643,53.30921],[-1.27411,53.31052],[-1.27155,53.30931],[-1.26964,53.3091],[-1.26945,53.30786],[-1.26781,53.30582],[-1.26415,53.3054],[-1.26131,53.30394],[-1.25818,53.30341],[-1.25429,53.30175],[-1.25103,53.30189],[-1.24788,53.30269],[-1.24494,53.30169],[-1.24333,53.30165],[-1.23873,53.30445],[-1.2372,53.30611],[-1.2323,53.30828],[-1.23044,53.30856],[-1.21874,53.30405],[-1.2125,53.30545],[-1.20981,53.30532],[-1.20571,53.30429],[-1.20324,53.30422],[-1.20211,53.30606],[-1.20303,53.30723],[-1.1972,53.31467],[-1.19437,53.31487],[-1.19242,53.31899],[-1.19011,53.3195],[-1.18661,53.31959],[-1.18042,53.32105],[-1.17448,53.32139],[-1.17405,53.32359],[-1.17531,53.32451],[-1.17511,53.32568],[-1.17148,53.32652],[-1.1689,53.32824],[-1.16388,53.32928],[-1.16087,53.33112],[-1.15938,53.33351],[-1.14862,53.33851],[-1.14542,53.34073],[-1.14091,53.34097],[-1.13872,53.34138],[-1.13936,53.34473],[-1.14029,53.34653],[-1.14155,53.3468],[-1.14491,53.3457],[-1.14957,53.34531],[-1.15267,53.34468],[-1.15684,53.34497],[-1.15815,53.3477],[-1.1601,53.34894],[-1.15987,53.34997],[-1.16242,53.35161],[-1.16162,53.3557],[-1.16262,53.35674],[-1.16195,53.35791],[-1.15169,53.35449],[-1.1491,53.35435],[-1.14528,53.35486],[-1.14495,53.35533],[-1.13854,53.35591],[-1.13924,53.35986],[-1.13898,53.36139],[-1.14055,53.36406],[-1.14518,53.36338],[-1.14642,53.36395],[-1.14644,53.36573],[-1.14423,53.36738],[-1.14421,53.36827],[-1.14603,53.36904],[-1.14492,53.37125],[-1.1428,53.37127],[-1.14074,53.37202],[-1.13822,53.37225],[-1.13414,53.37323],[-1.13366,53.37487],[-1.13054,53.37557],[-1.13,53.37757],[-1.1305,53.37889],[-1.13305,53.38159],[-1.13245,53.38398],[-1.13095,53.38556],[-1.13131,53.38956],[-1.13469,53.38977],[-1.13151,53.39394],[-1.12921,53.3936],[-1.12281,53.39831],[-1.11592,53.39802],[-1.11514,53.40186],[-1.11604,53.40735],[-1.11163,53.40607],[-1.10823,53.40588],[-1.10504,53.40967],[-1.09874,53.41873],[-1.09292,53.42155],[-1.08705,53.42554],[-1.08487,53.42486],[-1.08333,53.42299],[-1.07912,53.42281],[-1.08044,53.42687],[-1.07467,53.42731],[-1.07327,53.42806],[-1.06786,53.42772],[-1.05705,53.42536],[-1.05489,53.42546],[-1.04459,53.42809],[-1.04026,53.42976],[-1.03653,53.43053],[-1.03095,53.43098],[-1.03071,53.42992],[-1.02884,53.42929],[-1.03052,53.4252],[-1.02317,53.42451],[-1.02243,53.42631],[-1.01818,53.42676],[-1.01436,53.4263],[-1.0143,53.42728],[-1.01253,53.43072],[-1.01246,53.4328],[-1.00989,53.43283],[-1.00868,53.4339],[-1.0051,53.4338],[-1.00296,53.43473],[-1.00038,53.435],[-0.99567,53.43693],[-0.99592,53.43786],[-0.99848,53.43884],[-0.99713,53.44248],[-0.99752,53.44366],[-0.99482,53.4471],[-0.99431,53.44894],[-0.99118,53.45172],[-0.99365,53.45296],[-0.98555,53.46135],[-0.9833,53.46804],[-0.98598,53.47167],[-0.98163,53.47472],[-0.97687,53.47518],[-0.95326,53.48442],[-0.93556,53.50252],[-0.90047,53.47516],[-0.90218,53.47373],[-0.91209,53.46995],[-0.92025,53.46551],[-0.92046,53.46448],[-0.91625,53.4603],[-0.91482,53.46087],[-0.91265,53.46046],[-0.91004,53.46104],[-0.90061,53.46105],[-0.89659,53.46189],[-0.88999,53.46181],[-0.88635,53.46214],[-0.87374,53.46148],[-0.87192,53.46631],[-0.81845,53.45956],[-0.81354,53.45846],[-0.80544,53.4572],[-0.79811,53.45523],[-0.79429,53.45716],[-0.78743,53.46139],[-0.78511,53.46333],[-0.78476,53.46442],[-0.78621,53.47327],[-0.78574,53.4753],[-0.78452,53.47699],[-0.78071,53.4786],[-0.77715,53.47897],[-0.77355,53.47879],[-0.77208,53.47943],[-0.77172,53.48104],[-0.77308,53.48407],[-0.77524,53.4858],[-0.77624,53.48873],[-0.77449,53.4912],[-0.76926,53.49443],[-0.76921,53.49797],[-0.76833,53.49944],[-0.76572,53.50075],[-0.76254,53.50128],[-0.75379,53.5007],[-0.75289,53.50084],[-0.74901,53.50559],[-0.74513,53.509],[-0.74345,53.51123],[-0.74173,53.51722],[-0.73919,53.5231],[-0.73858,53.52621],[-0.73954,53.5286],[-0.74285,53.53311],[-0.74363,53.53538],[-0.7435,53.53725],[-0.74226,53.53953],[-0.73954,53.54281],[-0.73885,53.54622],[-0.74004,53.54911],[-0.74482,53.55337],[-0.74716,53.55627],[-0.74829,53.55899],[-0.74898,53.56322],[-0.74849,53.56785],[-0.74735,53.57121],[-0.74633,53.57278],[-0.7439,53.5748],[-0.74027,53.57636],[-0.73507,53.57932],[-0.73322,53.58101],[-0.73161,53.58412],[-0.73209,53.58613],[-0.73711,53.58967],[-0.73976,53.59265],[-0.73802,53.59901],[-0.73319,53.60484],[-0.72851,53.60818],[-0.72513,53.60925],[-0.72297,53.60922],[-0.71679,53.60817],[-0.71277,53.60779],[-0.70853,53.60816],[-0.70359,53.61023],[-0.70084,53.61308],[-0.7009,53.6151],[-0.70299,53.6173],[-0.70934,53.62074],[-0.71254,53.62371],[-0.71466,53.62762],[-0.71504,53.63322],[-0.71457,53.642],[-0.71291,53.64509],[-0.71169,53.64652],[-0.70922,53.64825],[-0.70078,53.65214],[-0.69723,53.65621],[-0.69514,53.66086],[-0.69516,53.66224],[-0.69354,53.66453],[-0.68975,53.67304],[-0.68954,53.67715],[-0.69105,53.67834],[-0.69557,53.68059],[-0.69849,53.68461],[-0.70016,53.68743],[-0.70074,53.69003],[-0.70033,53.69504],[-0.6985,53.69765],[-0.69998,53.69887],[-0.70494,53.70081],[-0.70814,53.70127],[-0.71249,53.70233],[-0.71965,53.70346],[-0.72651,53.70416],[-0.73059,53.70433],[-0.73802,53.70408],[-0.74626,53.70332],[-0.74927,53.70248],[-0.75389,53.70027],[-0.76686,53.696],[-0.77166,53.69486],[-0.77504,53.6947],[-0.78127,53.69532],[-0.78437,53.69605],[-0.79066,53.69878],[-0.79365,53.70056],[-0.79901,53.70292],[-0.80594,53.7044],[-0.81189,53.70435],[-0.81951,53.70238],[-0.82509,53.70018],[-0.82918,53.69773],[-0.83387,53.69346],[-0.83749,53.69077],[-0.84638,53.68558],[-0.85034,53.68478],[-0.85297,53.68483],[-0.85643,53.68577],[-0.8583,53.68707],[-0.86351,53.69233],[-0.8656,53.69533],[-0.86854,53.69654],[-0.88545,53.69438],[-0.94608,53.67934],[-0.99101,53.67358],[-0.98998,53.65898],[-0.99192,53.65571],[-0.9916,53.65451],[-0.9899,53.65291],[-0.99074,53.65047],[-0.98867,53.64786],[-0.9885,53.64475],[-0.98416,53.63799],[-0.98395,53.63346],[-0.98332,53.63223],[-0.98304,53.62937],[-0.98202,53.62779],[-0.98233,53.62567],[-0.98155,53.62437],[-0.98221,53.6218],[-0.98642,53.61695],[-0.98851,53.61538],[-0.99238,53.61328],[-0.99584,53.61183],[-1.01805,53.60674],[-1.02081,53.60534],[-1.02856,53.60409],[-1.03347,53.60145],[-1.03561,53.60136],[-1.04063,53.6018],[-1.05163,53.60146],[-1.05384,53.60075],[-1.06391,53.59622],[-1.07121,53.59443],[-1.07265,53.59436],[-1.07574,53.59553],[-1.08623,53.59471],[-1.09086,53.59207],[-1.09036,53.59018],[-1.08606,53.58723],[-1.08485,53.58502],[-1.08266,53.58351],[-1.08089,53.57247],[-1.08135,53.57189],[-1.08297,53.58346],[-1.08536,53.58519],[-1.08634,53.58714],[-1.08833,53.58825],[-1.09118,53.59082],[-1.09113,53.5922],[-1.08718,53.59477],[-1.08055,53.59554],[-1.07564,53.59588],[-1.0716,53.59466],[-1.06471,53.59628],[-1.05401,53.60105],[-1.05157,53.60175],[-1.03984,53.6021],[-1.03513,53.60156],[-1.03316,53.60178],[-1.02917,53.60419],[-1.02111,53.60558],[-1.01869,53.60675],[-1.01057,53.60876],[-0.99562,53.61216],[-0.99156,53.614],[-0.98684,53.61706],[-0.98326,53.6208],[-0.98195,53.62342],[-0.98283,53.62584],[-0.98252,53.62777],[-0.98367,53.62967],[-0.98449,53.63344],[-0.98457,53.63768],[-0.98924,53.64516],[-0.98918,53.64768],[-0.99142,53.6508],[-0.99051,53.65292],[-0.99219,53.65429],[-0.99223,53.6566],[-0.99061,53.65857],[-0.991,53.66119],[-0.99167,53.67137],[-0.99224,53.67275],[-0.99161,53.67399],[-0.94611,53.67984],[-0.89412,53.69277],[-0.88592,53.69469],[-0.8696,53.69708],[-0.86693,53.69781],[-0.86659,53.70129],[-0.86408,53.7038],[-0.85948,53.70577],[-0.8512,53.70732],[-0.84718,53.70859],[-0.84493,53.7102],[-0.84411,53.71171],[-0.84413,53.71675],[-0.84486,53.71979],[-0.84698,53.72532],[-0.85023,53.7289],[-0.85422,53.73071],[-0.85763,53.73018],[-0.8579,53.72904],[-0.85713,53.72648],[-0.85759,53.72435],[-0.86074,53.72216],[-0.86608,53.72172],[-0.87784,53.7228],[-0.88415,53.72551],[-0.88798,53.72651],[-0.89367,53.7269],[-0.89799,53.72637],[-0.90514,53.72709],[-0.90574,53.72636],[-0.90342,53.72218],[-0.903,53.71957],[-0.9037,53.71789],[-0.90544,53.71669],[-0.9074,53.71664],[-0.91035,53.71798],[-0.91276,53.71843],[-0.91942,53.71864],[-0.92362,53.71846],[-0.92864,53.71718],[-0.93465,53.71621],[-0.94044,53.71322],[-0.94422,53.71234],[-0.94928,53.71267],[-0.95429,53.71447],[-0.95737,53.71471],[-0.95849,53.71381],[-0.95855,53.71004],[-0.96089,53.70779],[-0.96022,53.70689],[-0.95747,53.70556],[-0.95823,53.70439],[-0.96098,53.70395],[-0.96227,53.70302],[-0.96203,53.70127],[-0.96404,53.70026],[-0.96848,53.70097],[-0.97042,53.70217],[-0.97031,53.70312],[-0.9677,53.70374],[-0.96666,53.70567],[-0.96795,53.70654],[-0.97473,53.70593],[-0.98042,53.70483],[-0.98232,53.70402],[-0.98309,53.70276],[-0.98202,53.69913],[-0.97962,53.69746],[-0.98058,53.69671],[-0.98594,53.6974],[-0.99454,53.69724],[-0.99881,53.69861],[-1.00253,53.69838],[-1.00403,53.69621],[-1.00683,53.69511],[-1.01154,53.69679],[-1.01378,53.69683],[-1.01893,53.69781],[-1.02212,53.69788],[-1.03393,53.69628],[-1.03405,53.69663],[-1.02136,53.69825],[-1.01699,53.69795],[-1.01101,53.69707],[-1.00689,53.69555],[-1.00435,53.69663],[-1.00314,53.69863],[-0.99867,53.69897],[-0.99449,53.69763],[-0.98595,53.6978],[-0.98029,53.69712],[-0.98272,53.69914],[-0.98373,53.70257],[-0.98291,53.70427],[-0.98093,53.70517],[-0.97446,53.70632],[-0.96799,53.70699],[-0.96625,53.70596],[-0.96603,53.7046],[-0.9696,53.70228],[-0.96658,53.7008],[-0.96278,53.70097],[-0.96321,53.70273],[-0.96172,53.70427],[-0.95808,53.70507],[-0.96088,53.70672],[-0.96165,53.70766],[-0.95937,53.70992],[-0.95897,53.71101],[-0.95926,53.71366],[-0.9588,53.71452],[-0.95652,53.71515],[-0.9542,53.71486],[-0.94972,53.71307],[-0.94416,53.71271],[-0.9405,53.71357],[-0.93527,53.71643],[-0.92356,53.71888],[-0.92044,53.71907],[-0.91241,53.7189],[-0.91032,53.71852],[-0.90702,53.71719],[-0.90591,53.71718],[-0.90393,53.71863],[-0.90393,53.72119],[-0.90604,53.72538],[-0.90879,53.72669],[-0.91099,53.72716],[-0.91257,53.72889],[-0.91133,53.73152],[-0.91168,53.73234],[-0.91683,53.7324],[-0.92434,53.73135],[-0.93091,53.73114],[-0.93633,53.73134],[-0.94452,53.73247],[-0.95261,53.73536],[-0.95838,53.7351],[-0.96153,53.73566],[-0.96303,53.73713],[-0.96205,53.74112],[-0.96299,53.74508],[-0.96391,53.74653],[-0.9671,53.74813],[-0.97455,53.74969],[-0.97981,53.75176],[-0.98207,53.75324],[-0.98638,53.75734],[-0.98875,53.76095],[-0.98861,53.7621],[-0.987,53.76422],[-0.98872,53.76461],[-0.99538,53.76445],[-0.99955,53.76564],[-1.00096,53.76835],[-1.00276,53.7682],[-1.01103,53.7636],[-1.02132,53.75988],[-1.02455,53.75952],[-1.02718,53.76035],[-1.03277,53.76353],[-1.03406,53.76474],[-1.03397,53.7661],[-1.02969,53.77083],[-1.02574,53.77159],[-1.02286,53.77108],[-1.02179,53.77168],[-1.02237,53.77373],[-1.02472,53.7759],[-1.02787,53.77709],[-1.03349,53.77668],[-1.03759,53.77732],[-1.04518,53.77918],[-1.04939,53.78077],[-1.05725,53.78244],[-1.06236,53.78389],[-1.06477,53.78489],[-1.06707,53.78659],[-1.06645,53.78788],[-1.05416,53.78932],[-1.04952,53.78938],[-1.0471,53.79006],[-1.04657,53.79133],[-1.04865,53.79585],[-1.0484,53.80359],[-1.04694,53.80703],[-1.04344,53.80971],[-1.04454,53.8107],[-1.05145,53.81094],[-1.05415,53.81138],[-1.06293,53.81395],[-1.06711,53.81692],[-1.06936,53.81805],[-1.07438,53.81924],[-1.07935,53.81933],[-1.08359,53.82135],[-1.08473,53.82282],[-1.08469,53.82449],[-1.08034,53.82811],[-1.07664,53.83252],[-1.07603,53.8346],[-1.07663,53.83563],[-1.07839,53.83581],[-1.0846,53.83388],[-1.08746,53.83175],[-1.08965,53.8315],[-1.09292,53.83357],[-1.09892,53.83635],[-1.10411,53.8371],[-1.11616,53.83678],[-1.12014,53.83577],[-1.12514,53.83286],[-1.12868,53.83335],[-1.12992,53.8353],[-1.13068,53.83853],[-1.13446,53.84269],[-1.13358,53.84391],[-1.12993,53.8448],[-1.12934,53.84409],[-1.12655,53.84404],[-1.12521,53.84471],[-1.12405,53.84651],[-1.12458,53.84861],[-1.12411,53.84986],[-1.12008,53.85302],[-1.1196,53.85273],[-1.12356,53.84979],[-1.12355,53.84592],[-1.12416,53.84496],[-1.12707,53.84353],[-1.13274,53.84365],[-1.13364,53.84264],[-1.12978,53.83834],[-1.12925,53.8355],[-1.12774,53.83378],[-1.12626,53.83319],[-1.12401,53.83399],[-1.12032,53.83633],[-1.11814,53.83695],[-1.11461,53.8373],[-1.1048,53.83759],[-1.10003,53.83711],[-1.0929,53.83421],[-1.08953,53.83213],[-1.08847,53.83193],[-1.08361,53.83489],[-1.0787,53.83623],[-1.07637,53.83615],[-1.07554,53.83541],[-1.0753,53.83287],[-1.0794,53.82819],[-1.08366,53.82479],[-1.08386,53.82257],[-1.08156,53.82085],[-1.07938,53.81986],[-1.07437,53.8197],[-1.06984,53.81881],[-1.06713,53.81763],[-1.06365,53.81513],[-1.06141,53.81396],[-1.05273,53.81165],[-1.0492,53.81126],[-1.04419,53.81125],[-1.04226,53.81061],[-1.04251,53.80948],[-1.04481,53.80818],[-1.04622,53.80679],[-1.04755,53.80387],[-1.04775,53.79605],[-1.04623,53.7927],[-1.04579,53.79084],[-1.04766,53.78919],[-1.04996,53.78883],[-1.05454,53.78876],[-1.06455,53.78755],[-1.06583,53.78652],[-1.06239,53.78435],[-1.05113,53.78174],[-1.04475,53.77961],[-1.03649,53.77767],[-1.0327,53.77714],[-1.02678,53.77751],[-1.02405,53.77611],[-1.02134,53.77359],[-1.02076,53.77204],[-1.02274,53.77055],[-1.02689,53.77096],[-1.0284,53.77068],[-1.03018,53.76935],[-1.03328,53.76553],[-1.03241,53.76426],[-1.02585,53.76056],[-1.02414,53.76016],[-1.02104,53.76063],[-1.01796,53.76207],[-1.01082,53.76456],[-1.00318,53.76917],[-1.00169,53.76969],[-1.00004,53.7691],[-0.99907,53.76637],[-0.99775,53.76559],[-0.99465,53.76504],[-0.98767,53.76561],[-0.98618,53.76523],[-0.98543,53.76374],[-0.98739,53.76181],[-0.9876,53.7609],[-0.98497,53.75708],[-0.98003,53.7528],[-0.97613,53.75095],[-0.9733,53.75019],[-0.96606,53.74869],[-0.96255,53.74674],[-0.96092,53.74293],[-0.96107,53.73671],[-0.9527,53.73653],[-0.94534,53.73386],[-0.93587,53.7325],[-0.92581,53.73241],[-0.91578,53.7337],[-0.9112,53.73339],[-0.90988,53.73281],[-0.90902,53.73103],[-0.91097,53.72845],[-0.90798,53.72781],[-0.9032,53.72829],[-0.894,53.72786],[-0.89162,53.72825],[-0.88716,53.72828],[-0.87228,53.72401],[-0.86848,53.72627],[-0.86261,53.73047],[-0.85825,53.73211],[-0.85598,53.73245],[-0.85282,53.73214],[-0.84884,53.73089],[-0.84821,53.72993],[-0.84559,53.72835],[-0.84485,53.72674],[-0.84356,53.72592],[-0.84174,53.72352],[-0.84015,53.71582],[-0.84086,53.71172],[-0.84275,53.70841],[-0.848,53.70547],[-0.85025,53.70478],[-0.85744,53.70366],[-0.86131,53.70262],[-0.86311,53.7017],[-0.86375,53.6989],[-0.86272,53.69627],[-0.85909,53.69151],[-0.85616,53.68858],[-0.85421,53.68721],[-0.85169,53.68645],[-0.84857,53.68716],[-0.84357,53.69003],[-0.83807,53.69401],[-0.83187,53.69943],[-0.82556,53.70294],[-0.82497,53.70356],[-0.81972,53.70539],[-0.81619,53.70574],[-0.81316,53.70676],[-0.80967,53.7072],[-0.80521,53.70704],[-0.80218,53.70611],[-0.79971,53.70597],[-0.79489,53.70462],[-0.78695,53.70004],[-0.78076,53.69755],[-0.77492,53.69768],[-0.7712,53.69852],[-0.76416,53.70075],[-0.75897,53.7027],[-0.75699,53.70311],[-0.74868,53.70605],[-0.7426,53.70676],[-0.73299,53.70741],[-0.72843,53.70739],[-0.72181,53.70669],[-0.71601,53.70652],[-0.70226,53.70387],[-0.70012,53.70376],[-0.69598,53.70436],[-0.69187,53.70555],[-0.68728,53.70788],[-0.68162,53.7132],[-0.68055,53.71374],[-0.67952,53.71593],[-0.67553,53.71978],[-0.673,53.72134],[-0.67057,53.72211],[-0.65294,53.72467],[-0.64674,53.72572],[-0.62729,53.72964],[-0.6184,53.73059],[-0.61665,53.73118],[-0.60167,53.7299],[-0.5895,53.72801],[-0.58373,53.72549],[-0.58279,53.72401],[-0.57509,53.7194],[-0.57362,53.71802],[-0.5683,53.71504],[-0.5592,53.71164],[-0.55655,53.71037],[-0.55316,53.70955],[-0.54544,53.70878],[-0.53529,53.70915],[-0.52589,53.7103],[-0.51482,53.71225],[-0.48675,53.71648],[-0.47339,53.71728],[-0.46322,53.71693],[-0.4586,53.71618],[-0.4509,53.71418],[-0.44764,53.71391],[-0.43184,53.71671],[-0.41921,53.71958],[-0.41605,53.71992],[-0.41441,53.72061],[-0.3973,53.72314],[-0.3962,53.72221],[-0.38462,53.72434],[-0.36599,53.72865],[-0.33973,53.73585],[-0.33696,53.73797],[-0.33494,53.73779],[-0.33263,53.73829],[-0.33104,53.73987],[-0.33079,53.74158],[-0.32863,53.74477],[-0.32896,53.74614],[-0.33251,53.74999],[-0.3332,53.75177],[-0.33238,53.7524],[-0.32902,53.75329],[-0.3296,53.75586],[-0.33106,53.75674],[-0.33444,53.75713],[-0.33662,53.75932],[-0.3364,53.76027],[-0.3341,53.76319],[-0.33251,53.76448],[-0.32953,53.76446],[-0.32834,53.76601],[-0.33055,53.76792],[-0.331,53.76962],[-0.33318,53.77079],[-0.3373,53.77033],[-0.34022,53.77098],[-0.34218,53.77271],[-0.34158,53.77469],[-0.34409,53.77543],[-0.34698,53.77499],[-0.34841,53.77545],[-0.34966,53.77844],[-0.34777,53.78028],[-0.34849,53.78184],[-0.35177,53.78307],[-0.35127,53.7846],[-0.34841,53.78555],[-0.3481,53.78697],[-0.35074,53.78845],[-0.35379,53.7889],[-0.35644,53.78997],[-0.35965,53.79204],[-0.35912,53.79398],[-0.36047,53.79504],[-0.36338,53.79546],[-0.36534,53.79863],[-0.36594,53.80263],[-0.36567,53.80336],[-0.36198,53.80515],[-0.35777,53.80548],[-0.35509,53.80697],[-0.35378,53.80899],[-0.35382,53.81158],[-0.35454,53.81454],[-0.35847,53.8175],[-0.362,53.81773],[-0.36402,53.81855],[-0.36917,53.8243],[-0.37049,53.82464],[-0.37689,53.82497],[-0.38173,53.8273],[-0.38197,53.82906],[-0.38056,53.83162],[-0.38119,53.83465],[-0.38336,53.83624],[-0.38389,53.83802],[-0.38662,53.83956],[-0.39027,53.83943],[-0.39471,53.8398],[-0.39973,53.8434],[-0.39971,53.84558],[-0.3963,53.84844],[-0.39577,53.85022],[-0.3932,53.85422],[-0.39351,53.85637],[-0.39603,53.85935],[-0.4001,53.86649],[-0.39942,53.86958],[-0.39947,53.8719],[-0.39853,53.87374],[-0.39947,53.87582],[-0.39943,53.87777],[-0.40187,53.8785],[-0.40364,53.88011],[-0.40603,53.88056],[-0.4081,53.88215],[-0.4073,53.8847],[-0.40272,53.88406],[-0.39747,53.88448],[-0.39542,53.88525],[-0.39438,53.88795],[-0.39631,53.89206],[-0.39586,53.8958],[-0.39393,53.89856],[-0.39245,53.8995],[-0.38508,53.90095],[-0.3826,53.90185],[-0.38172,53.90379],[-0.38452,53.90601],[-0.38485,53.9093],[-0.38029,53.91213],[-0.37611,53.9137],[-0.37284,53.91315],[-0.37069,53.91228],[-0.36698,53.91357],[-0.36687,53.91421],[-0.36868,53.91772],[-0.36811,53.91784],[-0.36649,53.91388],[-0.36694,53.91333],[-0.37108,53.91209],[-0.37294,53.91296],[-0.37607,53.91345],[-0.38019,53.91192],[-0.38425,53.90915],[-0.38421,53.90608],[-0.38143,53.90393],[-0.38255,53.90148],[-0.39229,53.89935],[-0.39367,53.89852],[-0.39545,53.89609],[-0.39603,53.89199],[-0.39411,53.88813],[-0.395,53.88532],[-0.39742,53.88432],[-0.40326,53.88391],[-0.40706,53.88458],[-0.40788,53.88243],[-0.40608,53.88075],[-0.40349,53.88025],[-0.40175,53.87865],[-0.39917,53.87782],[-0.39914,53.87579],[-0.39825,53.8737],[-0.3992,53.87188],[-0.39913,53.86935],[-0.39986,53.8665],[-0.39688,53.86095],[-0.3933,53.85639],[-0.39302,53.85389],[-0.39541,53.85042],[-0.39613,53.84828],[-0.39925,53.84573],[-0.39959,53.84366],[-0.3942,53.83993],[-0.39067,53.83959],[-0.3862,53.83971],[-0.38352,53.83788],[-0.38319,53.83636],[-0.38093,53.83479],[-0.38028,53.83158],[-0.38178,53.82843],[-0.38136,53.82732],[-0.37695,53.82518],[-0.37002,53.82476],[-0.36793,53.82366],[-0.36639,53.82126],[-0.3639,53.8187],[-0.36212,53.81793],[-0.35798,53.81745],[-0.35416,53.81443],[-0.35352,53.81157],[-0.35366,53.80853],[-0.35492,53.80677],[-0.35847,53.80516],[-0.36182,53.80498],[-0.36519,53.80337],[-0.36554,53.80229],[-0.36494,53.79848],[-0.36334,53.7958],[-0.3605,53.79531],[-0.35902,53.79453],[-0.35932,53.7921],[-0.35469,53.78942],[-0.35053,53.78861],[-0.34779,53.78695],[-0.34807,53.78553],[-0.35098,53.78453],[-0.35099,53.7829],[-0.34804,53.78186],[-0.34731,53.78058],[-0.34928,53.77858],[-0.34812,53.77558],[-0.34708,53.77522],[-0.34368,53.77565],[-0.34125,53.77456],[-0.34191,53.77335],[-0.34094,53.77176],[-0.33904,53.7708],[-0.33643,53.77051],[-0.33335,53.77096],[-0.33044,53.76949],[-0.32996,53.76771],[-0.32801,53.76607],[-0.32882,53.76432],[-0.33282,53.76409],[-0.33612,53.75988],[-0.336,53.75889],[-0.33413,53.75738],[-0.33083,53.75686],[-0.32894,53.75549],[-0.32855,53.75379],[-0.32915,53.75285],[-0.33233,53.75211],[-0.33218,53.75008],[-0.32846,53.74661],[-0.32787,53.74484],[-0.32951,53.74215],[-0.33122,53.73831],[-0.31961,53.74005],[-0.31765,53.74058],[-0.30597,53.74205],[-0.30583,53.74083],[-0.29946,53.74102],[-0.29724,53.74285],[-0.29512,53.74244],[-0.28719,53.74217],[-0.27849,53.741],[-0.27318,53.7409],[-0.27325,53.74006],[-0.26572,53.73806],[-0.25983,53.73613],[-0.252,53.73277],[-0.24874,53.73342],[-0.24508,53.73522],[-0.24307,53.72946],[-0.23625,53.72838],[-0.23341,53.72945],[-0.23191,53.72881],[-0.23461,53.72732],[-0.23693,53.7266],[-0.23477,53.72349],[-0.23574,53.71996],[-0.23325,53.71732],[-0.22973,53.7111],[-0.22735,53.70951],[-0.22663,53.71123],[-0.22449,53.7112],[-0.22196,53.71288],[-0.21402,53.70887],[-0.21472,53.70712],[-0.20641,53.70369],[-0.20223,53.70099],[-0.19894,53.69734],[-0.20152,53.69702],[-0.20091,53.69551],[-0.19924,53.69399],[-0.1935,53.69064],[-0.18482,53.68686],[-0.18077,53.68402],[-0.17702,53.68236],[-0.17264,53.67943],[-0.16959,53.67658],[-0.16849,53.67644],[-0.16785,53.67463],[-0.16176,53.67145],[-0.15139,53.66336],[-0.14683,53.65998],[-0.13784,53.65431],[-0.13372,53.65138],[-0.1324,53.65125],[-0.1299,53.64898],[-0.12462,53.64589],[-0.11633,53.64179],[-0.11349,53.63946],[-0.10343,53.63529],[-0.0947,53.6333],[-0.08749,53.63251],[-0.08287,53.63149],[-0.07871,53.63091],[-0.06511,53.6298],[-0.0589,53.6296],[-0.0539,53.62908],[-0.05247,53.63064],[-0.04966,53.63211],[-0.04274,53.63318],[-0.03211,53.63571],[-0.03044,53.63641],[-0.01526,53.63937],[-0.01298,53.64021],[-0.00837,53.64122],[0.00135,53.64282],[0.01602,53.64444],[0.01951,53.64522],[0.02177,53.64706],[0.02276,53.6471],[0.03004,53.64926],[0.03501,53.64916],[0.04144,53.64752],[0.05684,53.64506],[0.06468,53.64423],[0.06651,53.64362],[0.07115,53.64305],[0.07954,53.64101],[0.08945,53.63783],[0.095,53.63547],[0.09815,53.63472],[0.10553,53.63217],[0.11436,53.62774],[0.12123,53.6236],[0.125,53.62328],[0.1295,53.61967],[0.13264,53.61786],[0.13468,53.61598],[0.13628,53.61559],[0.14057,53.61331],[0.14564,53.60777],[0.14584,53.60103],[0.14412,53.59815],[0.1396,53.59359],[0.13501,53.59046],[0.13261,53.59055],[0.13047,53.58885],[0.12662,53.58675],[0.12534,53.58506],[0.12339,53.58415],[0.12078,53.58161],[0.11906,53.58089],[0.11653,53.57868],[0.11449,53.57759],[0.11034,53.57661],[0.10638,53.57412],[0.10644,53.5719],[0.1094,53.57138],[0.11082,53.57204],[0.11684,53.57687],[0.12629,53.58333],[0.13718,53.58989],[0.1403,53.59255],[0.14617,53.59947],[0.14668,53.60045],[0.14688,53.60408],[0.14661,53.60859],[0.14168,53.61983],[0.14125,53.62268],[0.13447,53.63213],[0.12893,53.64559],[0.12418,53.65301],[0.1176,53.66119],[0.09422,53.6821],[0.07712,53.69468],[0.06593,53.70339],[0.06352,53.70567],[0.04587,53.71921],[0.04307,53.72405],[0.04112,53.72625],[0.03187,53.73419],[0.02636,53.73864],[0.01379,53.74746],[0.00004,53.75851],[-0.01667,53.77265],[-0.0307,53.78342],[-0.04432,53.79499],[-0.05216,53.80268],[-0.06348,53.81217],[-0.06664,53.81557],[-0.07769,53.82495],[-0.0809,53.82832],[-0.0923,53.83815],[-0.0974,53.84305],[-0.10853,53.85182],[-0.11768,53.85995],[-0.13039,53.87213],[-0.13313,53.87537],[-0.13291,53.87705],[-0.14406,53.88756],[-0.15365,53.89837],[-0.15709,53.90356],[-0.15602,53.90487],[-0.15643,53.90656],[-0.15961,53.91171],[-0.16079,53.91534],[-0.16259,53.91814],[-0.16291,53.91941],[-0.1727,53.93134],[-0.17568,53.93716],[-0.18329,53.94942],[-0.18912,53.96006],[-0.20546,53.99006],[-0.20673,53.99377],[-0.21088,54.00201],[-0.21365,54.00935],[-0.21295,54.01053],[-0.21499,54.01605],[-0.21417,54.01719],[-0.21567,54.02179],[-0.21643,54.02782],[-0.21584,54.03849],[-0.21308,54.05429],[-0.20889,54.06391],[-0.20511,54.06943],[-0.19988,54.0748],[-0.19734,54.07847],[-0.19114,54.08134],[-0.18728,54.08114],[-0.18473,54.0846],[-0.17328,54.09495],[-0.16923,54.09766],[-0.16491,54.09957],[-0.16218,54.10019],[-0.15348,54.10131],[-0.14977,54.10228],[-0.14676,54.10258],[-0.14043,54.10432],[-0.13748,54.10401],[-0.13042,54.10409],[-0.1216,54.10363],[-0.11695,54.10455],[-0.1148,54.10352],[-0.11283,54.10333],[-0.10478,54.10409],[-0.1005,54.10557],[-0.09516,54.10651],[-0.09185,54.10741],[-0.08551,54.10982],[-0.08182,54.11078],[-0.07888,54.11227],[-0.07722,54.11425],[-0.07628,54.11624],[-0.07693,54.11715],[-0.07999,54.11767],[-0.08232,54.11758],[-0.0833,54.11982],[-0.08323,54.12256],[-0.08554,54.12362],[-0.0878,54.12389],[-0.09602,54.12726],[-0.09862,54.12881],[-0.0996,54.1301],[-0.10153,54.13017],[-0.10289,54.13122],[-0.1046,54.13101],[-0.10608,54.12952],[-0.10768,54.13206],[-0.11037,54.13254],[-0.11295,54.13102],[-0.11507,54.13172],[-0.11576,54.13276],[-0.119,54.13359],[-0.12139,54.13308],[-0.12264,54.13404],[-0.12932,54.13533],[-0.13687,54.13787],[-0.13874,54.13903],[-0.1443,54.14109],[-0.14812,54.14298],[-0.15172,54.14395],[-0.15671,54.14444],[-0.15724,54.14577],[-0.15988,54.14566],[-0.16168,54.14626],[-0.16414,54.14835],[-0.16817,54.1496],[-0.17065,54.15095],[-0.17368,54.15161],[-0.1789,54.15229],[-0.18125,54.15307],[-0.18713,54.15403],[-0.18991,54.15489],[-0.19535,54.15523],[-0.2024,54.15648],[-0.21251,54.15769],[-0.21625,54.15767],[-0.22719,54.15991],[-0.23382,54.16201],[-0.24536,54.16655],[-0.26339,54.17587],[-0.27153,54.18115],[-0.27727,54.18656],[-0.28054,54.19074],[-0.28314,54.19501],[-0.28545,54.20284],[-0.28473,54.20354],[-0.28435,54.20784],[-0.28339,54.21067],[-0.28105,54.21415],[-0.27748,54.21719],[-0.27537,54.21774],[-0.271,54.21691],[-0.26627,54.21648],[-0.26903,54.21833],[-0.27312,54.21845],[-0.27744,54.22009],[-0.28251,54.22126],[-0.28642,54.22315],[-0.28983,54.2238],[-0.29365,54.22517],[-0.29674,54.22508],[-0.29916,54.22645],[-0.3026,54.22715],[-0.3129,54.22856],[-0.31318,54.23064],[-0.31516,54.23245],[-0.3175,54.2329],[-0.31878,54.23387],[-0.3243,54.23555],[-0.32835,54.23634],[-0.3346,54.23813],[-0.33725,54.23965],[-0.33759,54.24165],[-0.33921,54.24258],[-0.3454,54.24201],[-0.34657,54.24119],[-0.35105,54.24088],[-0.3566,54.243],[-0.36305,54.24449],[-0.36554,54.24597],[-0.36965,54.24945],[-0.36995,54.25051],[-0.36781,54.25361],[-0.37154,54.25698],[-0.37528,54.25942],[-0.37551,54.26141],[-0.37649,54.26264],[-0.38144,54.26308],[-0.38383,54.26399],[-0.38847,54.26666],[-0.38926,54.26873],[-0.3914,54.26909],[-0.39256,54.27141],[-0.39458,54.27237],[-0.39668,54.2745],[-0.39767,54.27754],[-0.39715,54.27943],[-0.39573,54.28165],[-0.39221,54.28384],[-0.38638,54.28355],[-0.38435,54.28584],[-0.38469,54.28813],[-0.38664,54.29028],[-0.38889,54.29065],[-0.39492,54.28814],[-0.39665,54.28801],[-0.39994,54.28888],[-0.4063,54.29239],[-0.40749,54.29355],[-0.41038,54.29957],[-0.40896,54.30136],[-0.40982,54.30234],[-0.40751,54.30451],[-0.4077,54.30525],[-0.41134,54.30591],[-0.4141,54.30709],[-0.41763,54.31059],[-0.41806,54.31482],[-0.41919,54.31705],[-0.41883,54.31988],[-0.41717,54.32046],[-0.41946,54.32161],[-0.4212,54.3237],[-0.42166,54.32582],[-0.41962,54.32812],[-0.41819,54.33058],[-0.41708,54.33144],[-0.42075,54.3328],[-0.42163,54.33609],[-0.42336,54.33906],[-0.42855,54.34021],[-0.43114,54.33991],[-0.43278,54.34068],[-0.43097,54.34509],[-0.43134,54.34682],[-0.43281,54.3489],[-0.43326,54.35054],[-0.43604,54.35275],[-0.43919,54.35663],[-0.44473,54.35762],[-0.44626,54.35848],[-0.44685,54.36014],[-0.44583,54.36212],[-0.44593,54.36361],[-0.44733,54.36546],[-0.44705,54.3674],[-0.44981,54.37242],[-0.45461,54.37596],[-0.45772,54.38144],[-0.4611,54.38489],[-0.46322,54.38855],[-0.46877,54.39324],[-0.47169,54.397],[-0.47524,54.39888],[-0.47865,54.39903],[-0.48223,54.40172],[-0.48454,54.40286],[-0.48688,54.40506],[-0.49014,54.40646],[-0.49156,54.40793],[-0.49442,54.40674],[-0.50021,54.40683],[-0.5042,54.40762],[-0.50798,54.4099],[-0.5134,54.41157],[-0.51783,54.41422],[-0.52291,54.41622],[-0.52529,54.41836],[-0.53088,54.42499],[-0.53229,54.42861],[-0.53236,54.43127],[-0.53169,54.43197],[-0.5327,54.43353],[-0.53151,54.43474],[-0.53134,54.43661],[-0.52636,54.43842],[-0.52358,54.43996],[-0.52219,54.44123],[-0.52118,54.44403],[-0.52145,54.44692],[-0.52624,54.44946],[-0.52874,54.45016],[-0.53095,54.45023],[-0.5333,54.45134],[-0.53466,54.45289],[-0.53399,54.45372],[-0.53715,54.45472],[-0.53872,54.45591],[-0.54029,54.458],[-0.54251,54.45942],[-0.54481,54.45983],[-0.5473,54.4613],[-0.55014,54.462],[-0.55366,54.46356],[-0.55483,54.46471],[-0.55687,54.46504],[-0.55745,54.46678],[-0.55937,54.46796],[-0.55957,54.46989],[-0.56143,54.47106],[-0.56203,54.47298],[-0.56401,54.47594],[-0.56629,54.47769],[-0.57077,54.47988],[-0.57261,54.48116],[-0.57748,54.48261],[-0.58385,54.48335],[-0.58814,54.48569],[-0.58963,54.48829],[-0.59283,54.48766],[-0.59489,54.48863],[-0.59681,54.48852],[-0.59841,54.48942],[-0.60038,54.48911],[-0.60534,54.49016],[-0.60976,54.49059],[-0.61232,54.48916],[-0.61272,54.48707],[-0.61148,54.48648],[-0.60984,54.48362],[-0.61177,54.48371],[-0.61464,54.48867],[-0.61416,54.49089],[-0.62562,54.49175],[-0.63177,54.49373],[-0.63993,54.49558],[-0.6445,54.49579],[-0.65479,54.49751],[-0.66914,54.50169],[-0.67503,54.50604],[-0.67431,54.50717],[-0.67396,54.51018],[-0.67268,54.51095],[-0.67263,54.51251],[-0.67579,54.51315],[-0.67849,54.51475],[-0.67838,54.51615],[-0.68106,54.51794],[-0.68235,54.51973],[-0.68781,54.52046],[-0.68861,54.52098],[-0.69229,54.5202],[-0.6947,54.52169],[-0.69742,54.52268],[-0.6998,54.52555],[-0.70384,54.52662],[-0.70531,54.52871],[-0.70575,54.53043],[-0.70825,54.53167],[-0.70994,54.53179],[-0.71302,54.53369],[-0.7146,54.53356],[-0.71839,54.53091],[-0.72183,54.53023],[-0.72658,54.53057],[-0.72872,54.52979],[-0.73071,54.52811],[-0.73459,54.5275],[-0.7419,54.52785],[-0.74458,54.52858],[-0.7488,54.53136],[-0.7495,54.53346],[-0.74696,54.5356],[-0.74782,54.53711],[-0.74922,54.53792],[-0.74973,54.54009],[-0.75108,54.54197],[-0.75331,54.54239],[-0.75448,54.54335],[-0.75824,54.54385],[-0.76187,54.54373],[-0.76723,54.5463],[-0.76763,54.54768],[-0.76584,54.54869],[-0.76784,54.55125],[-0.76959,54.5521],[-0.77164,54.55203],[-0.77425,54.55326],[-0.77539,54.55474],[-0.77449,54.55739],[-0.77625,54.55695],[-0.77897,54.55713],[-0.78157,54.55799],[-0.78375,54.55933],[-0.78563,54.55877],[-0.78973,54.55859],[-0.79221,54.55947],[-0.79397,54.55859],[-0.79426,54.5575],[-0.7961,54.55661],[-0.79555,54.55487],[-0.79725,54.55415],[-0.80058,54.55184],[-0.80492,54.55089],[-0.80646,54.55143],[-0.81053,54.55122],[-0.81568,54.55251],[-0.81892,54.5507],[-0.8204,54.54936],[-0.82511,54.54908],[-0.82708,54.54852],[-0.8309,54.54547],[-0.83259,54.54515],[-0.83484,54.54329],[-0.83655,54.54262],[-0.83867,54.5398],[-0.84162,54.53767],[-0.84215,54.53602],[-0.8439,54.5348],[-0.8446,54.53348],[-0.84865,54.53],[-0.8507,54.52634],[-0.84993,54.52497],[-0.85065,54.52343],[-0.84995,54.51995],[-0.85224,54.51761],[-0.85129,54.51368],[-0.85021,54.51146],[-0.85233,54.51038],[-0.85235,54.50563],[-0.85332,54.50271],[-0.84861,54.49553],[-0.84506,54.49264],[-0.84394,54.49122],[-0.84414,54.48955],[-0.84853,54.48797],[-0.85626,54.48785],[-0.86349,54.48908],[-0.86698,54.48924],[-0.87578,54.49116],[-0.87717,54.49496],[-0.88064,54.49647],[-0.88083,54.49705],[-0.89421,54.49691],[-0.89579,54.4956],[-0.90142,54.4942],[-0.91637,54.49222],[-0.92295,54.49102],[-0.92904,54.49164],[-0.93261,54.49145],[-0.94399,54.48869],[-0.95295,54.48804],[-0.96783,54.49727],[-0.98739,54.50086],[-1.0034,54.50301],[-1.0238,54.50205],[-1.03685,54.49404],[-1.03949,54.49512],[-1.04211,54.49525],[-1.04451,54.49599],[-1.05101,54.49641],[-1.05767,54.49899],[-1.06002,54.50036],[-1.0648,54.49852],[-1.06793,54.50045],[-1.07381,54.50262],[-1.0782,54.50382],[-1.08734,54.50335],[-1.09474,54.5067],[-1.10393,54.50571],[-1.10619,54.5057],[-1.11178,54.50437],[-1.11164,54.50204],[-1.11227,54.5008],[-1.11432,54.49896],[-1.11838,54.4982],[-1.12281,54.49899],[-1.12665,54.49872],[-1.13085,54.50004],[-1.1462,54.50282],[-1.14669,54.50137],[-1.14806,54.50113],[-1.15267,54.50191],[-1.1583,54.50237],[-1.16311,54.50354],[-1.16603,54.50311],[-1.16897,54.50353],[-1.17065,54.50235],[-1.17273,54.50288],[-1.17938,54.506],[-1.18116,54.50577],[-1.18509,54.50729],[-1.18973,54.50629],[-1.19548,54.50663],[-1.19668,54.50619],[-1.20215,54.50695],[-1.20379,54.50689],[-1.20845,54.50888],[-1.21384,54.51001],[-1.21907,54.51017],[-1.22014,54.51094],[-1.22761,54.512],[-1.2306,54.51188],[-1.23487,54.51032],[-1.23438,54.50614],[-1.23851,54.50623],[-1.24232,54.50166],[-1.2447,54.50135],[-1.24568,54.50219],[-1.24853,54.50119],[-1.25249,54.5014],[-1.25667,54.50111],[-1.25518,54.49947],[-1.25372,54.4988],[-1.25333,54.49728],[-1.25455,54.49661],[-1.25478,54.49525],[-1.25723,54.49321],[-1.25667,54.49117],[-1.2574,54.48732],[-1.26019,54.4878],[-1.26424,54.48757],[-1.27095,54.48914],[-1.2744,54.49107],[-1.2777,54.48975],[-1.28109,54.49057],[-1.28421,54.48913],[-1.28535,54.48787],[-1.28936,54.48733],[-1.28783,54.48636],[-1.28671,54.48273],[-1.28861,54.4818],[-1.29105,54.48218],[-1.29354,54.47961],[-1.29695,54.4795],[-1.29909,54.47663],[-1.30043,54.47582],[-1.30315,54.47593],[-1.30217,54.47803],[-1.30469,54.47832],[-1.30686,54.47769],[-1.30882,54.47644],[-1.31096,54.47757],[-1.31312,54.47728],[-1.31553,54.47529],[-1.31704,54.47275],[-1.31834,54.47209],[-1.32352,54.47143],[-1.32413,54.47093],[-1.34363,54.46416],[-1.34375,54.46823],[-1.3449,54.47011],[-1.34383,54.47106],[-1.34635,54.47267],[-1.34981,54.47273],[-1.35092,54.47342],[-1.35305,54.47242],[-1.35649,54.47293],[-1.35734,54.47142],[-1.36126,54.46871],[-1.36442,54.46595],[-1.36895,54.46995],[-1.37256,54.47231],[-1.37385,54.47444],[-1.37494,54.47953],[-1.37438,54.48423],[-1.37193,54.48482],[-1.3703,54.48614],[-1.37198,54.488],[-1.37373,54.48838],[-1.37576,54.49064],[-1.37975,54.49262],[-1.38101,54.49403],[-1.38297,54.49159],[-1.3821,54.48858],[-1.38307,54.48729],[-1.38457,54.48685],[-1.38986,54.4867],[-1.39505,54.48568],[-1.39727,54.48654],[-1.3984,54.48763],[-1.39794,54.4911],[-1.39922,54.49289],[-1.40237,54.49427],[-1.40506,54.49416],[-1.40709,54.49353],[-1.40935,54.49151],[-1.41019,54.48969],[-1.40885,54.48728],[-1.40811,54.48462],[-1.40833,54.4814],[-1.40997,54.47833],[-1.41279,54.4772],[-1.41789,54.47709],[-1.42314,54.47888],[-1.43065,54.47916],[-1.43312,54.4801],[-1.4332,54.48094],[-1.42816,54.48288],[-1.42683,54.484],[-1.42699,54.48523],[-1.43225,54.48652],[-1.44289,54.49091],[-1.44651,54.49443],[-1.4519,54.49736],[-1.4565,54.50281],[-1.45998,54.50427],[-1.46211,54.50425],[-1.46735,54.50253],[-1.47284,54.50156],[-1.47519,54.49991],[-1.47556,54.49811],[-1.47292,54.49602],[-1.46569,54.49659],[-1.46224,54.49629],[-1.45957,54.49483],[-1.45847,54.49284],[-1.45841,54.49125],[-1.46125,54.48762],[-1.46183,54.48595],[-1.46134,54.48471],[-1.45781,54.48206],[-1.4576,54.48136],[-1.4615,54.47821],[-1.46385,54.47376],[-1.4633,54.47295],[-1.46011,54.47122],[-1.45941,54.46885],[-1.45508,54.46726],[-1.45391,54.46616],[-1.4553,54.46484],[-1.4618,54.463],[-1.46275,54.46112],[-1.4613,54.45901],[-1.45747,54.45727],[-1.45477,54.4546],[-1.45472,54.4536],[-1.45711,54.45201],[-1.46036,54.45119],[-1.46373,54.4516],[-1.46699,54.45329],[-1.47073,54.45456],[-1.47205,54.4556],[-1.47221,54.45746],[-1.46885,54.45935],[-1.46784,54.46084],[-1.46798,54.46315],[-1.47289,54.46659],[-1.47396,54.46789],[-1.47459,54.47279],[-1.47537,54.47385],[-1.47909,54.47532],[-1.48393,54.47343],[-1.48703,54.47299],[-1.49071,54.47397],[-1.49461,54.47403],[-1.49835,54.47499],[-1.49959,54.47716],[-1.49935,54.4781],[-1.49324,54.48142],[-1.49132,54.48328],[-1.49048,54.48482],[-1.49152,54.48609],[-1.49431,54.48635],[-1.49689,54.48583],[-1.50135,54.48433],[-1.50525,54.48242],[-1.50623,54.48157],[-1.50687,54.47849],[-1.50974,54.47555],[-1.51313,54.47535],[-1.51431,54.47657],[-1.51437,54.47791],[-1.5122,54.48014],[-1.51293,54.48293],[-1.51594,54.48457],[-1.51807,54.48504],[-1.52367,54.48491],[-1.52641,54.48522],[-1.52884,54.48481],[-1.53061,54.48353],[-1.53129,54.48072],[-1.53027,54.4778],[-1.53015,54.47575],[-1.5286,54.47478],[-1.52447,54.47464],[-1.52055,54.47347],[-1.51936,54.4722],[-1.51969,54.47112],[-1.52242,54.47019],[-1.5274,54.46997],[-1.53272,54.46915],[-1.53447,54.4693],[-1.54275,54.47116],[-1.54567,54.47124],[-1.55113,54.4745],[-1.5541,54.4796],[-1.55444,54.4839],[-1.55666,54.48559],[-1.56304,54.48681],[-1.56777,54.48857],[-1.5733,54.49016],[-1.57501,54.49263],[-1.577,54.4944],[-1.5803,54.49631],[-1.58298,54.4971],[-1.58344,54.49806],[-1.58,54.50094],[-1.57874,54.50388],[-1.57921,54.50519],[-1.58113,54.50533],[-1.58887,54.50363],[-1.59162,54.504],[-1.59136,54.50585],[-1.58751,54.50677],[-1.58131,54.50949],[-1.57956,54.51109],[-1.58107,54.51285],[-1.58359,54.51306],[-1.58972,54.51207],[-1.59566,54.51222],[-1.6011,54.51056],[-1.6027,54.51054],[-1.60369,54.51205],[-1.60106,54.51481],[-1.60062,54.5171],[-1.60396,54.51937],[-1.61211,54.51999],[-1.6143,54.51954],[-1.61953,54.516],[-1.62387,54.51456],[-1.62825,54.51378],[-1.63344,54.51411],[-1.63916,54.51631],[-1.63901,54.51781],[-1.63499,54.51752],[-1.63293,54.5187],[-1.63268,54.5207],[-1.63172,54.52288],[-1.63377,54.52536],[-1.63599,54.5259],[-1.6394,54.52581],[-1.64532,54.5244],[-1.65297,54.5242],[-1.65633,54.52553],[-1.65692,54.52821],[-1.6551,54.53004],[-1.65558,54.53298],[-1.65794,54.53459],[-1.66064,54.5352],[-1.66528,54.53559],[-1.67221,54.5354],[-1.67741,54.53449],[-1.67929,54.53364],[-1.68363,54.53348],[-1.68953,54.53539],[-1.69693,54.53601],[-1.70521,54.5369],[-1.71467,54.53949],[-1.71788,54.54096],[-1.71942,54.54224],[-1.72131,54.5423],[-1.72285,54.54097],[-1.72283,54.53969],[-1.72448,54.53777],[-1.7248,54.536],[-1.7273,54.53049],[-1.73137,54.53068],[-1.73256,54.52946],[-1.73309,54.52774],[-1.739,54.52844],[-1.74313,54.52976],[-1.74754,54.52929],[-1.75083,54.52963],[-1.75174,54.53017],[-1.75401,54.52865],[-1.76121,54.52895],[-1.76461,54.52983],[-1.76721,54.53229],[-1.76972,54.53284],[-1.77329,54.53282],[-1.7797,54.53187],[-1.78032,54.52882],[-1.78156,54.52683],[-1.77686,54.52536],[-1.77635,54.51911],[-1.77735,54.51938],[-1.77759,54.51568],[-1.77613,54.50673],[-1.77788,54.50641],[-1.78218,54.50701],[-1.78249,54.5058],[-1.78391,54.50504],[-1.78393,54.50338],[-1.78513,54.5028],[-1.78506,54.50139],[-1.78718,54.50104],[-1.78689,54.49889],[-1.79027,54.4929],[-1.78902,54.49179],[-1.79109,54.48943],[-1.79298,54.48449],[-1.80157,54.48768],[-1.80273,54.48784],[-1.81308,54.49141],[-1.81752,54.49364],[-1.82244,54.49518],[-1.82272,54.49636],[-1.82455,54.4979],[-1.82439,54.50015],[-1.82645,54.50067],[-1.82779,54.50293],[-1.83185,54.50265],[-1.8323,54.50517],[-1.83647,54.50802],[-1.83943,54.50844],[-1.84428,54.5051],[-1.84822,54.50366],[-1.85277,54.50399],[-1.8578,54.50354],[-1.85867,54.49903],[-1.8586,54.49665],[-1.85772,54.49366],[-1.85932,54.49264],[-1.85922,54.48908],[-1.86083,54.48638],[-1.85853,54.48279],[-1.85913,54.48186],[-1.86726,54.48212],[-1.8776,54.47805],[-1.88547,54.4729],[-1.89343,54.4669],[-1.91318,54.46199],[-1.92833,54.45649],[-1.93402,54.45732],[-1.94254,54.4534],[-1.947,54.45431],[-1.94923,54.45427],[-1.95162,54.45344],[-1.95542,54.45386],[-1.9605,54.45216],[-1.96597,54.45162],[-1.97006,54.45152],[-1.97175,54.45397],[-1.97111,54.45481],[-1.97613,54.45973],[-1.98005,54.46021],[-1.98554,54.45993],[-1.98654,54.46156],[-1.99676,54.4669],[-2.01465,54.47156],[-2.02957,54.47296],[-2.03696,54.47429],[-2.04473,54.47519],[-2.0432,54.4836],[-2.04861,54.48259],[-2.05047,54.4814],[-2.05307,54.48071],[-2.05921,54.48116],[-2.0631,54.47961],[-2.06318,54.47888],[-2.06771,54.47705],[-2.07117,54.47426],[-2.07574,54.47314],[-2.08162,54.46987],[-2.0864,54.46839],[-2.09475,54.4673],[-2.1018,54.46536],[-2.10859,54.46437],[-2.1143,54.46419],[-2.1166,54.46226],[-2.12301,54.46152],[-2.12656,54.4621],[-2.13605,54.46145],[-2.13889,54.46165],[-2.14149,54.46093],[-2.15012,54.45996],[-2.15537,54.45701],[-2.15927,54.45548],[-2.15987,54.45651],[-2.16479,54.45652],[-2.16733,54.4577],[-2.17021,54.4582]]],[[[-0.55549,53.69052],[-0.55794,53.69022],[-0.5586,53.68949],[-0.55705,53.68831],[-0.54713,53.68455],[-0.54713,53.68388],[-0.54357,53.68288],[-0.53674,53.68199],[-0.53583,53.68127],[-0.53044,53.68127],[-0.53012,53.68215],[-0.52333,53.68357],[-0.52277,53.6849],[-0.53441,53.68704],[-0.5359,53.68834],[-0.53927,53.68836],[-0.54641,53.68993],[-0.55549,53.69052]]],[[[0.01762,53.52551],[0.01603,53.52759],[0.01689,53.52841],[0.01325,53.53056],[0.00882,53.53484],[0.00724,53.53765],[0.00289,53.54226],[0.00339,53.54328],[0.00071,53.54558],[-0.00546,53.55275],[-0.00845,53.55561],[-0.0092,53.55488],[-0.00726,53.54951],[-0.0101,53.55035],[-0.01235,53.55197],[-0.01504,53.55151],[-0.02201,53.55621],[-0.0222,53.55682],[-0.02774,53.5619],[-0.02992,53.56431],[-0.03431,53.56736],[-0.03626,53.56756],[-0.04261,53.57049],[-0.04441,53.572],[-0.06121,53.58219],[-0.06329,53.58279],[-0.06683,53.58269],[-0.06751,53.58361],[-0.07066,53.5832],[-0.07223,53.5838],[-0.07927,53.57696],[-0.08121,53.57913],[-0.08331,53.58033],[-0.08882,53.58127],[-0.09327,53.58105],[-0.09521,53.58292],[-0.09952,53.58423],[-0.11153,53.59003],[-0.1268,53.59959],[-0.12867,53.60065],[-0.13063,53.60058],[-0.13417,53.60448],[-0.13823,53.6072],[-0.14343,53.60882],[-0.15196,53.6145],[-0.15279,53.61542],[-0.16128,53.6191],[-0.16367,53.6198],[-0.16508,53.62136],[-0.17104,53.62349],[-0.17439,53.62444],[-0.17523,53.62527],[-0.20184,53.63712],[-0.20221,53.6381],[-0.20039,53.6394],[-0.20317,53.64203],[-0.20545,53.64335],[-0.20768,53.64386],[-0.21091,53.64321],[-0.21884,53.64886],[-0.21961,53.64993],[-0.22532,53.65446],[-0.22729,53.65706],[-0.23103,53.6608],[-0.23244,53.66319],[-0.23418,53.66422],[-0.23659,53.66647],[-0.23852,53.66654],[-0.24178,53.66813],[-0.2443,53.67006],[-0.24809,53.67389],[-0.25245,53.67754],[-0.26315,53.69052],[-0.26648,53.69543],[-0.26707,53.6956],[-0.27315,53.70258],[-0.27559,53.70512],[-0.2822,53.71013],[-0.28933,53.71319],[-0.29415,53.71414],[-0.29578,53.71385],[-0.2998,53.7144],[-0.3063,53.71359],[-0.30723,53.71307],[-0.31165,53.71252],[-0.3205,53.71214],[-0.32722,53.71144],[-0.33103,53.71152],[-0.35273,53.70717],[-0.35686,53.70681],[-0.36614,53.70447],[-0.37283,53.70321],[-0.38381,53.70202],[-0.38707,53.7019],[-0.38853,53.70136],[-0.39436,53.70031],[-0.40653,53.69851],[-0.41458,53.69813],[-0.44257,53.69733],[-0.47058,53.69823],[-0.47527,53.69712],[-0.48104,53.69317],[-0.49074,53.68892],[-0.49735,53.68383],[-0.5034,53.68086],[-0.50902,53.67959],[-0.51765,53.67843],[-0.52579,53.67825],[-0.53062,53.6787],[-0.53624,53.67833],[-0.54279,53.67854],[-0.54871,53.67962],[-0.55788,53.68262],[-0.56095,53.68407],[-0.56612,53.68794],[-0.5686,53.68826],[-0.575,53.69078],[-0.5772,53.69196],[-0.57856,53.69337],[-0.57988,53.69362],[-0.5835,53.6954],[-0.58433,53.69618],[-0.58767,53.69695],[-0.59221,53.69944],[-0.59563,53.70212],[-0.60051,53.70704],[-0.60129,53.70726],[-0.60585,53.71201],[-0.61142,53.7146],[-0.6184,53.71381],[-0.6315,53.71115],[-0.6395,53.71017],[-0.64672,53.70774],[-0.65393,53.70603],[-0.65839,53.70417],[-0.67053,53.70199],[-0.68623,53.69835],[-0.6914,53.69678],[-0.69389,53.69544],[-0.69516,53.69373],[-0.69494,53.69232],[-0.69314,53.6895],[-0.68751,53.68386],[-0.68523,53.6798],[-0.68457,53.6752],[-0.68511,53.67224],[-0.68956,53.66328],[-0.69106,53.65872],[-0.69234,53.65744],[-0.69504,53.65307],[-0.69668,53.65146],[-0.69977,53.64935],[-0.70805,53.6453],[-0.71031,53.64334],[-0.71164,53.64087],[-0.71116,53.62881],[-0.71031,53.62565],[-0.7076,53.62269],[-0.70065,53.61834],[-0.69853,53.61587],[-0.69811,53.61419],[-0.69923,53.61046],[-0.7018,53.6086],[-0.70576,53.60689],[-0.71466,53.60609],[-0.72312,53.60754],[-0.72628,53.60737],[-0.72936,53.60536],[-0.73525,53.59846],[-0.73673,53.59602],[-0.73711,53.593],[-0.73593,53.59116],[-0.73125,53.588],[-0.72926,53.58465],[-0.73017,53.58165],[-0.73247,53.57907],[-0.73488,53.57737],[-0.74205,53.57397],[-0.74512,53.57118],[-0.74613,53.56663],[-0.74612,53.56047],[-0.74513,53.5571],[-0.74243,53.55384],[-0.73955,53.55123],[-0.73822,53.54935],[-0.73693,53.54541],[-0.73749,53.5425],[-0.74095,53.53853],[-0.7418,53.53647],[-0.7412,53.53357],[-0.738,53.52933],[-0.73691,53.52716],[-0.73727,53.52359],[-0.73857,53.51988],[-0.73012,53.51943],[-0.72636,53.51894],[-0.71389,53.51685],[-0.70158,53.51418],[-0.69772,53.51615],[-0.69544,53.51629],[-0.68888,53.51576],[-0.68646,53.51601],[-0.68471,53.51412],[-0.68167,53.51459],[-0.68075,53.51354],[-0.67865,53.51371],[-0.67571,53.51253],[-0.65835,53.51386],[-0.64425,53.51325],[-0.62449,53.51284],[-0.62819,53.50682],[-0.62577,53.49867],[-0.62573,53.49558],[-0.62864,53.49077],[-0.62845,53.48878],[-0.63129,53.48831],[-0.63013,53.48599],[-0.63406,53.4854],[-0.63199,53.48135],[-0.63241,53.48011],[-0.63434,53.48001],[-0.6326,53.4754],[-0.63255,53.47383],[-0.6348,53.47239],[-0.63335,53.4704],[-0.63481,53.46955],[-0.62903,53.46505],[-0.62665,53.46206],[-0.62716,53.4604],[-0.62975,53.45822],[-0.62167,53.45782],[-0.6134,53.45695],[-0.59948,53.4564],[-0.59717,53.45674],[-0.58448,53.45686],[-0.56605,53.45813],[-0.55179,53.45952],[-0.55171,53.46081],[-0.52971,53.46382],[-0.5127,53.46778],[-0.50878,53.46776],[-0.50532,53.46819],[-0.50003,53.46962],[-0.48355,53.47242],[-0.47175,53.47487],[-0.47356,53.47664],[-0.48151,53.47837],[-0.48616,53.47991],[-0.48864,53.48509],[-0.48745,53.48606],[-0.48722,53.48875],[-0.48501,53.49035],[-0.48318,53.49345],[-0.48069,53.49625],[-0.4824,53.50039],[-0.48515,53.50359],[-0.48836,53.50484],[-0.48132,53.50697],[-0.47856,53.50839],[-0.47584,53.50898],[-0.47069,53.50912],[-0.46697,53.50972],[-0.46156,53.50998],[-0.45237,53.50871],[-0.44997,53.50867],[-0.44404,53.50939],[-0.43901,53.51092],[-0.42732,53.51225],[-0.42501,53.51273],[-0.4216,53.51404],[-0.41767,53.5147],[-0.41553,53.51469],[-0.41348,53.51552],[-0.40507,53.51762],[-0.40686,53.52017],[-0.40583,53.52224],[-0.40617,53.5245],[-0.40851,53.52729],[-0.40949,53.52912],[-0.40782,53.53011],[-0.40815,53.53211],[-0.4144,53.53584],[-0.41829,53.53481],[-0.42186,53.53445],[-0.4274,53.54095],[-0.42769,53.54426],[-0.43066,53.54634],[-0.43373,53.54586],[-0.43704,53.54596],[-0.43932,53.54643],[-0.44259,53.54624],[-0.44641,53.54457],[-0.45034,53.54404],[-0.45068,53.54315],[-0.45418,53.54296],[-0.46342,53.54085],[-0.47393,53.53909],[-0.48137,53.53825],[-0.50034,53.53747],[-0.50056,53.53842],[-0.49658,53.54011],[-0.49407,53.5418],[-0.49187,53.54396],[-0.49091,53.54587],[-0.48364,53.54528],[-0.4811,53.54583],[-0.47653,53.54591],[-0.47486,53.54814],[-0.47304,53.54882],[-0.46702,53.54896],[-0.46671,53.54973],[-0.46716,53.55369],[-0.46567,53.55602],[-0.46273,53.55596],[-0.46086,53.55805],[-0.45766,53.55887],[-0.45238,53.55944],[-0.45078,53.55797],[-0.44942,53.56128],[-0.44767,53.56269],[-0.44509,53.56384],[-0.44253,53.56626],[-0.44196,53.56763],[-0.44035,53.56878],[-0.43941,53.57029],[-0.43409,53.57282],[-0.429,53.57452],[-0.42819,53.5726],[-0.42433,53.56965],[-0.41967,53.56377],[-0.40884,53.56212],[-0.40011,53.56142],[-0.38835,53.55975],[-0.37323,53.55896],[-0.36837,53.55898],[-0.3628,53.55862],[-0.35989,53.55783],[-0.35632,53.55605],[-0.34938,53.55581],[-0.34793,53.55606],[-0.34586,53.55796],[-0.34866,53.55951],[-0.33594,53.55863],[-0.32681,53.57114],[-0.32283,53.57535],[-0.32361,53.57604],[-0.32001,53.57896],[-0.32095,53.57957],[-0.31762,53.58096],[-0.31429,53.58395],[-0.3144,53.58558],[-0.31244,53.58576],[-0.31287,53.58707],[-0.31033,53.58834],[-0.31087,53.59015],[-0.30698,53.59026],[-0.30342,53.59079],[-0.30458,53.59386],[-0.30075,53.59554],[-0.30405,53.60055],[-0.30313,53.60289],[-0.30509,53.60473],[-0.30501,53.60582],[-0.30619,53.60739],[-0.30856,53.61433],[-0.3063,53.61406],[-0.30093,53.61639],[-0.29824,53.61256],[-0.29229,53.61354],[-0.29042,53.61063],[-0.28708,53.6118],[-0.28548,53.60928],[-0.28119,53.60626],[-0.28304,53.6045],[-0.2786,53.60349],[-0.27523,53.60233],[-0.26981,53.59862],[-0.2683,53.59941],[-0.26159,53.59573],[-0.25936,53.59697],[-0.25447,53.59249],[-0.25072,53.59384],[-0.24848,53.59366],[-0.24887,53.59198],[-0.25043,53.59073],[-0.24996,53.58988],[-0.25115,53.58828],[-0.24904,53.5869],[-0.25208,53.58501],[-0.25048,53.58447],[-0.24719,53.58684],[-0.24333,53.58578],[-0.24085,53.58665],[-0.23916,53.58816],[-0.23523,53.58557],[-0.2334,53.58289],[-0.23135,53.58109],[-0.23148,53.57958],[-0.22724,53.57614],[-0.22715,53.57475],[-0.22834,53.5735],[-0.22397,53.57218],[-0.2251,53.57028],[-0.22256,53.56802],[-0.21987,53.56945],[-0.21749,53.56845],[-0.21327,53.57009],[-0.21071,53.56945],[-0.20752,53.57084],[-0.2063,53.57023],[-0.20464,53.57161],[-0.20294,53.57146],[-0.20079,53.57039],[-0.1985,53.57012],[-0.19519,53.57162],[-0.19169,53.56847],[-0.18753,53.56361],[-0.18975,53.56272],[-0.18988,53.56101],[-0.19487,53.55751],[-0.20272,53.54988],[-0.20457,53.54791],[-0.2085,53.54444],[-0.2092,53.54319],[-0.21214,53.54105],[-0.21988,53.53261],[-0.21537,53.53237],[-0.21059,53.53171],[-0.21098,53.53049],[-0.21362,53.52748],[-0.21362,53.52636],[-0.21139,53.52167],[-0.21003,53.52067],[-0.20685,53.51671],[-0.20674,53.51557],[-0.20532,53.51416],[-0.20409,53.51177],[-0.20429,53.5065],[-0.20548,53.50477],[-0.20751,53.50293],[-0.20599,53.50112],[-0.20527,53.49705],[-0.20647,53.49677],[-0.20754,53.49497],[-0.20823,53.49194],[-0.2106,53.48629],[-0.2024,53.48665],[-0.19693,53.48517],[-0.19433,53.48378],[-0.19111,53.48392],[-0.18935,53.48478],[-0.18859,53.48295],[-0.18693,53.48204],[-0.18781,53.48042],[-0.18443,53.47933],[-0.18516,53.47718],[-0.1825,53.47613],[-0.18229,53.47168],[-0.18328,53.46938],[-0.1818,53.46865],[-0.17752,53.46867],[-0.17698,53.46803],[-0.16874,53.46742],[-0.16638,53.46683],[-0.15947,53.46802],[-0.15804,53.46512],[-0.15368,53.46568],[-0.15721,53.46293],[-0.15606,53.46173],[-0.15685,53.46097],[-0.15646,53.45746],[-0.15506,53.45721],[-0.15461,53.45573],[-0.14923,53.4467],[-0.1445,53.4409],[-0.13903,53.4415],[-0.13792,53.43996],[-0.13425,53.44074],[-0.13402,53.43903],[-0.13184,53.43593],[-0.12765,53.43577],[-0.12279,53.43735],[-0.12078,53.43566],[-0.12034,53.43356],[-0.11208,53.43795],[-0.11057,53.44002],[-0.09171,53.44701],[-0.08975,53.4471],[-0.08695,53.44964],[-0.08221,53.45115],[-0.08298,53.45277],[-0.08583,53.45554],[-0.09498,53.46136],[-0.10292,53.46566],[-0.10782,53.46986],[-0.0898,53.47768],[-0.09271,53.47965],[-0.09413,53.48127],[-0.0922,53.48285],[-0.09549,53.48599],[-0.09291,53.48603],[-0.08982,53.4853],[-0.08737,53.4859],[-0.0827,53.48818],[-0.0819,53.48777],[-0.07907,53.48942],[-0.07526,53.48934],[-0.07339,53.4953],[-0.07299,53.49853],[-0.06867,53.5114],[-0.06841,53.51332],[-0.06749,53.51412],[-0.06763,53.51596],[-0.06505,53.51874],[-0.06054,53.51975],[-0.05804,53.51998],[-0.05043,53.51985],[-0.04892,53.51948],[-0.04661,53.5201],[-0.04386,53.51839],[-0.04163,53.51623],[-0.0396,53.51312],[-0.03793,53.51393],[-0.03544,53.51422],[-0.03311,53.51539],[-0.03278,53.5165],[-0.02864,53.51734],[-0.02479,53.51709],[-0.01955,53.51798],[-0.01743,53.51507],[-0.01458,53.51541],[-0.01351,53.51662],[-0.00743,53.5168],[0.00537,53.51967],[0.00762,53.52074],[0.00947,53.52096],[0.01195,53.52207],[0.01245,53.52337],[0.01762,53.52551]]],[[[-0.8607,53.72376],[-0.85931,53.7253],[-0.86174,53.72626],[-0.86431,53.72352],[-0.8607,53.72376]]]]}},{"type":"Feature","properties":{"countryCode":"GB","code":"E12000004","nom":"Midlands de l'Est","outreMer":false},"geometry":{"type":"MultiPolygon","coordinates":[[[[-1.98738,53.2136],[-1.98384,53.21455],[-1.98069,53.2164],[-1.97811,53.21688],[-1.97627,53.21873],[-1.97077,53.22094],[-1.96236,53.22624],[-1.96103,53.21943],[-1.95671,53.21375],[-1.95083,53.21196],[-1.94891,53.21171],[-1.93917,53.21208],[-1.93673,53.2115],[-1.93344,53.20944],[-1.93048,53.20856],[-1.92976,53.20737],[-1.92506,53.20551],[-1.92297,53.20325],[-1.92172,53.20292],[-1.91825,53.20346],[-1.91531,53.20295],[-1.91134,53.19995],[-1.90918,53.19881],[-1.90173,53.19902],[-1.90089,53.19986],[-1.89552,53.19986],[-1.89464,53.19924],[-1.89004,53.19901],[-1.88707,53.19832],[-1.88459,53.19674],[-1.88253,53.19613],[-1.87586,53.19552],[-1.87178,53.1939],[-1.87101,53.19217],[-1.86854,53.19085],[-1.86749,53.19093],[-1.86388,53.18879],[-1.86081,53.18846],[-1.85915,53.18662],[-1.85602,53.18557],[-1.8544,53.1844],[-1.85249,53.18389],[-1.8518,53.18284],[-1.84972,53.18212],[-1.84638,53.17977],[-1.84615,53.17857],[-1.84308,53.17813],[-1.84078,53.17693],[-1.83934,53.17693],[-1.83638,53.17523],[-1.83598,53.17436],[-1.83206,53.17284],[-1.83301,53.17054],[-1.83012,53.16763],[-1.8264,53.1653],[-1.8248,53.16484],[-1.82225,53.16221],[-1.81999,53.16125],[-1.81915,53.15989],[-1.81618,53.15873],[-1.8165,53.15797],[-1.81508,53.15628],[-1.8154,53.15516],[-1.81265,53.15444],[-1.81208,53.15273],[-1.81268,53.1517],[-1.81666,53.14998],[-1.81681,53.14656],[-1.81776,53.14445],[-1.81767,53.14302],[-1.81985,53.14244],[-1.82122,53.14144],[-1.82066,53.14049],[-1.82196,53.1395],[-1.82216,53.13798],[-1.82084,53.13681],[-1.82144,53.13582],[-1.81977,53.13395],[-1.81533,53.133],[-1.81254,53.13028],[-1.81088,53.13013],[-1.80934,53.12695],[-1.80992,53.12577],[-1.80965,53.1238],[-1.80574,53.12241],[-1.80548,53.12167],[-1.80188,53.11818],[-1.80093,53.11516],[-1.79781,53.11405],[-1.79536,53.11264],[-1.79379,53.11049],[-1.78908,53.10949],[-1.78699,53.1087],[-1.7859,53.10731],[-1.78803,53.1055],[-1.78523,53.10451],[-1.78369,53.10296],[-1.78633,53.09982],[-1.78241,53.09662],[-1.78549,53.09502],[-1.78321,53.09379],[-1.78356,53.09274],[-1.78861,53.09139],[-1.79079,53.09178],[-1.79286,53.09103],[-1.79288,53.08983],[-1.79424,53.08839],[-1.79313,53.08666],[-1.79113,53.08644],[-1.79198,53.0837],[-1.7886,53.08091],[-1.78858,53.07925],[-1.79136,53.0782],[-1.78887,53.07335],[-1.78603,53.07052],[-1.78564,53.06823],[-1.7842,53.06681],[-1.78411,53.06533],[-1.78555,53.06311],[-1.78312,53.06142],[-1.77782,53.06032],[-1.77565,53.05935],[-1.77701,53.05822],[-1.7793,53.05763],[-1.78415,53.05471],[-1.78421,53.05189],[-1.78336,53.05063],[-1.7847,53.04993],[-1.78118,53.04827],[-1.77997,53.04708],[-1.77899,53.04492],[-1.77873,53.04301],[-1.77443,53.04346],[-1.77229,53.04424],[-1.76819,53.04404],[-1.766,53.04111],[-1.76005,53.03892],[-1.75886,53.03688],[-1.75937,53.03469],[-1.76158,53.03333],[-1.75938,53.03281],[-1.75703,53.0313],[-1.75719,53.0288],[-1.75898,53.02698],[-1.76271,53.02516],[-1.76373,53.02143],[-1.76294,53.02057],[-1.75831,53.01824],[-1.75772,53.01714],[-1.75915,53.01459],[-1.76213,53.01513],[-1.76419,53.01046],[-1.76607,53.00924],[-1.76624,53.007],[-1.76571,53.00496],[-1.76452,53.00414],[-1.76442,53.00177],[-1.76265,53.0006],[-1.76331,52.9995],[-1.76782,52.99953],[-1.77105,52.99586],[-1.77391,52.99633],[-1.77762,52.99638],[-1.78044,52.99483],[-1.78445,52.99478],[-1.786,52.9936],[-1.79,52.99247],[-1.79026,52.99178],[-1.78709,52.99131],[-1.78815,52.99001],[-1.79163,52.98829],[-1.79341,52.98902],[-1.79561,52.98695],[-1.7966,52.98515],[-1.79882,52.98635],[-1.80473,52.98462],[-1.80153,52.98308],[-1.803,52.98147],[-1.8059,52.98041],[-1.81537,52.97946],[-1.82073,52.97855],[-1.82362,52.97873],[-1.82678,52.97709],[-1.82856,52.97516],[-1.82844,52.97389],[-1.82962,52.97317],[-1.83023,52.97147],[-1.82943,52.96823],[-1.82763,52.96638],[-1.82836,52.96397],[-1.82581,52.96244],[-1.82649,52.96047],[-1.82852,52.96095],[-1.8292,52.95797],[-1.83126,52.95592],[-1.83449,52.95487],[-1.83221,52.95212],[-1.83074,52.95157],[-1.82873,52.94848],[-1.83,52.94548],[-1.83265,52.94598],[-1.83566,52.94524],[-1.83646,52.94349],[-1.83537,52.94246],[-1.83235,52.94321],[-1.83309,52.94128],[-1.83552,52.94072],[-1.8381,52.94159],[-1.83937,52.94142],[-1.84033,52.93964],[-1.84296,52.93959],[-1.84695,52.93595],[-1.84942,52.93554],[-1.85074,52.93338],[-1.84885,52.93229],[-1.8496,52.93106],[-1.85216,52.93188],[-1.85422,52.93067],[-1.85274,52.92894],[-1.85317,52.92749],[-1.8557,52.92715],[-1.85459,52.92531],[-1.85486,52.92396],[-1.8565,52.9236],[-1.85592,52.92157],[-1.8543,52.91989],[-1.85002,52.92108],[-1.84787,52.92031],[-1.84807,52.91742],[-1.84882,52.91603],[-1.84712,52.91534],[-1.8478,52.91288],[-1.84502,52.91342],[-1.84265,52.91304],[-1.84294,52.91056],[-1.84645,52.91071],[-1.84814,52.90998],[-1.84716,52.90873],[-1.84531,52.90822],[-1.84101,52.90504],[-1.83818,52.90532],[-1.83599,52.90412],[-1.83624,52.90198],[-1.8334,52.90208],[-1.83259,52.89926],[-1.82991,52.89643],[-1.83328,52.89608],[-1.83404,52.89458],[-1.83392,52.89293],[-1.83521,52.89139],[-1.83282,52.89065],[-1.8341,52.88957],[-1.83211,52.88822],[-1.83259,52.88686],[-1.82985,52.88733],[-1.82754,52.8866],[-1.82835,52.88459],[-1.82586,52.88408],[-1.82355,52.88607],[-1.82175,52.88542],[-1.82362,52.88288],[-1.82284,52.88251],[-1.81848,52.88261],[-1.81581,52.88208],[-1.81354,52.88247],[-1.81105,52.88065],[-1.80416,52.88301],[-1.803,52.88391],[-1.80291,52.88576],[-1.80142,52.88613],[-1.79447,52.88385],[-1.79249,52.88071],[-1.78815,52.88002],[-1.78698,52.88081],[-1.78562,52.88293],[-1.78298,52.884],[-1.78027,52.88241],[-1.77722,52.88381],[-1.77532,52.88226],[-1.77622,52.88056],[-1.77423,52.87926],[-1.77069,52.87898],[-1.76884,52.87803],[-1.76461,52.87857],[-1.75858,52.87722],[-1.756,52.87517],[-1.75159,52.87425],[-1.75051,52.87269],[-1.75228,52.87108],[-1.75227,52.86881],[-1.75065,52.86893],[-1.74759,52.87058],[-1.74567,52.86918],[-1.74956,52.86677],[-1.74678,52.86596],[-1.74453,52.86593],[-1.73998,52.86771],[-1.73933,52.86488],[-1.73563,52.86511],[-1.73482,52.86382],[-1.72987,52.86271],[-1.72729,52.86315],[-1.72583,52.8616],[-1.72738,52.86039],[-1.72529,52.85967],[-1.7226,52.86055],[-1.72096,52.86305],[-1.71988,52.86189],[-1.71767,52.86194],[-1.71768,52.86453],[-1.71484,52.86597],[-1.71206,52.86592],[-1.71048,52.86652],[-1.70839,52.86612],[-1.70578,52.86675],[-1.70333,52.8664],[-1.70076,52.86448],[-1.69994,52.8633],[-1.70347,52.86125],[-1.70061,52.86058],[-1.69883,52.86081],[-1.69923,52.86223],[-1.69759,52.86294],[-1.69417,52.86287],[-1.69173,52.8642],[-1.69,52.86452],[-1.68749,52.86373],[-1.68645,52.86245],[-1.68273,52.86281],[-1.67944,52.86154],[-1.67462,52.86116],[-1.67008,52.86123],[-1.66817,52.85989],[-1.66489,52.85844],[-1.65904,52.85686],[-1.65404,52.857],[-1.64577,52.85585],[-1.64263,52.85633],[-1.6399,52.85543],[-1.63692,52.85328],[-1.63061,52.85277],[-1.62954,52.85382],[-1.62653,52.85438],[-1.62612,52.85266],[-1.62808,52.85172],[-1.62613,52.85002],[-1.6226,52.84947],[-1.62269,52.84793],[-1.62046,52.84731],[-1.61758,52.84476],[-1.61396,52.84498],[-1.60875,52.84271],[-1.6065,52.8431],[-1.60434,52.8421],[-1.60294,52.84083],[-1.60189,52.83725],[-1.59942,52.83787],[-1.59752,52.83734],[-1.59418,52.83518],[-1.59244,52.83639],[-1.59111,52.83544],[-1.59195,52.83461],[-1.5919,52.83227],[-1.58922,52.83093],[-1.58796,52.83161],[-1.58587,52.83067],[-1.58878,52.82888],[-1.59402,52.82875],[-1.59754,52.82841],[-1.60023,52.82762],[-1.60301,52.82619],[-1.60555,52.82315],[-1.6071,52.822],[-1.6076,52.81956],[-1.61025,52.81711],[-1.61034,52.8156],[-1.6077,52.81483],[-1.60502,52.81468],[-1.60078,52.81275],[-1.59891,52.81147],[-1.59675,52.81101],[-1.59315,52.80901],[-1.59169,52.80929],[-1.58988,52.80636],[-1.59091,52.80249],[-1.58931,52.80211],[-1.59002,52.80078],[-1.58895,52.79982],[-1.5957,52.79712],[-1.59785,52.79834],[-1.60355,52.79546],[-1.60085,52.79419],[-1.60147,52.79284],[-1.60413,52.79127],[-1.61196,52.78981],[-1.61435,52.78827],[-1.61239,52.78752],[-1.61372,52.78615],[-1.60942,52.78445],[-1.61246,52.78122],[-1.61774,52.78387],[-1.61929,52.78517],[-1.62291,52.78213],[-1.62375,52.78245],[-1.62696,52.77977],[-1.63824,52.78673],[-1.64193,52.78459],[-1.64432,52.7825],[-1.64848,52.77985],[-1.64993,52.77948],[-1.65324,52.77972],[-1.65683,52.78106],[-1.65876,52.78349],[-1.66227,52.78515],[-1.6656,52.78516],[-1.66969,52.78234],[-1.67074,52.78107],[-1.66973,52.77782],[-1.67005,52.77359],[-1.67202,52.77242],[-1.67834,52.7721],[-1.68208,52.77022],[-1.68307,52.76818],[-1.68487,52.76708],[-1.685,52.76532],[-1.68317,52.76427],[-1.68396,52.7617],[-1.68618,52.75886],[-1.68794,52.75749],[-1.69106,52.75697],[-1.69289,52.75623],[-1.69689,52.75299],[-1.69682,52.75211],[-1.69389,52.7509],[-1.69581,52.74917],[-1.69613,52.74795],[-1.69517,52.74665],[-1.69251,52.7448],[-1.69333,52.74381],[-1.69633,52.74425],[-1.69789,52.74256],[-1.69717,52.7403],[-1.69987,52.73817],[-1.69787,52.73539],[-1.70121,52.73315],[-1.70416,52.73208],[-1.70446,52.73107],[-1.70316,52.72948],[-1.70132,52.72846],[-1.69695,52.72719],[-1.69402,52.72687],[-1.68782,52.72729],[-1.68209,52.72702],[-1.67794,52.7275],[-1.67543,52.72686],[-1.67556,52.7249],[-1.67131,52.7243],[-1.66917,52.72358],[-1.66302,52.72364],[-1.66261,52.72301],[-1.65661,52.72175],[-1.65593,52.71984],[-1.65621,52.7178],[-1.65568,52.71595],[-1.65929,52.71408],[-1.65821,52.71261],[-1.65773,52.71058],[-1.65591,52.71046],[-1.65634,52.70857],[-1.6543,52.70821],[-1.65415,52.70306],[-1.65505,52.70198],[-1.65442,52.69998],[-1.65257,52.69956],[-1.64934,52.69966],[-1.64806,52.6984],[-1.64473,52.69934],[-1.64235,52.70044],[-1.64104,52.69968],[-1.6382,52.70019],[-1.63629,52.7024],[-1.63404,52.70207],[-1.63179,52.70035],[-1.62624,52.70024],[-1.62636,52.699],[-1.62526,52.69741],[-1.62331,52.69752],[-1.62094,52.69952],[-1.6184,52.6998],[-1.61549,52.7007],[-1.61268,52.69998],[-1.61232,52.69914],[-1.60776,52.6984],[-1.60796,52.69736],[-1.60575,52.6965],[-1.60123,52.6974],[-1.59881,52.69846],[-1.5987,52.70038],[-1.597,52.70045],[-1.59088,52.69806],[-1.58975,52.69606],[-1.58639,52.69449],[-1.58861,52.69278],[-1.58846,52.69069],[-1.58965,52.68726],[-1.58446,52.6851],[-1.58143,52.68245],[-1.57943,52.67963],[-1.57686,52.67836],[-1.57031,52.67973],[-1.56911,52.67967],[-1.56647,52.6776],[-1.56916,52.67677],[-1.57043,52.67584],[-1.56604,52.67442],[-1.56002,52.67132],[-1.55479,52.66945],[-1.55281,52.66846],[-1.55218,52.6669],[-1.5461,52.65906],[-1.54729,52.65597],[-1.54242,52.65363],[-1.54466,52.65156],[-1.54496,52.65056],[-1.54279,52.64824],[-1.54482,52.64413],[-1.54699,52.64227],[-1.55063,52.64113],[-1.55331,52.64078],[-1.55605,52.63828],[-1.55901,52.63726],[-1.5657,52.63627],[-1.571,52.63612],[-1.57102,52.63404],[-1.56651,52.63235],[-1.56461,52.63124],[-1.56648,52.62925],[-1.56601,52.62597],[-1.56754,52.62258],[-1.56687,52.62062],[-1.56442,52.61994],[-1.56119,52.61981],[-1.56061,52.61707],[-1.5564,52.61519],[-1.55445,52.61476],[-1.55424,52.61352],[-1.55643,52.61067],[-1.55704,52.60925],[-1.5571,52.60132],[-1.5607,52.59612],[-1.55806,52.59617],[-1.5562,52.59407],[-1.55254,52.59372],[-1.54921,52.59291],[-1.54659,52.59138],[-1.54615,52.59058],[-1.54263,52.58943],[-1.53747,52.58957],[-1.53753,52.58905],[-1.53473,52.58718],[-1.53167,52.58574],[-1.53215,52.58443],[-1.53126,52.58338],[-1.52892,52.58331],[-1.52561,52.58126],[-1.5252,52.58038],[-1.5267,52.57531],[-1.52599,52.57408],[-1.52292,52.57352],[-1.52147,52.57183],[-1.52269,52.57043],[-1.50271,52.56447],[-1.46405,52.55309],[-1.45999,52.55159],[-1.45922,52.55198],[-1.43485,52.54305],[-1.42718,52.54031],[-1.42698,52.54065],[-1.41896,52.53777],[-1.41738,52.53609],[-1.41734,52.53446],[-1.41521,52.53439],[-1.39501,52.527],[-1.38042,52.52149],[-1.37325,52.51913],[-1.37354,52.51808],[-1.36824,52.51723],[-1.36815,52.51645],[-1.36495,52.51594],[-1.34179,52.50737],[-1.33844,52.50578],[-1.32512,52.50105],[-1.30783,52.49454],[-1.30595,52.4934],[-1.29359,52.48426],[-1.25783,52.45389],[-1.24292,52.43968],[-1.24074,52.44014],[-1.23644,52.43573],[-1.22439,52.42301],[-1.20163,52.39673],[-1.20265,52.39662],[-1.18702,52.3786],[-1.17213,52.3613],[-1.17469,52.36054],[-1.17502,52.35625],[-1.17923,52.35438],[-1.18382,52.35463],[-1.18424,52.35367],[-1.18662,52.35427],[-1.18783,52.35306],[-1.19143,52.35171],[-1.19563,52.35308],[-1.20227,52.35236],[-1.20421,52.35127],[-1.20931,52.34954],[-1.2129,52.34969],[-1.22132,52.34959],[-1.22372,52.34864],[-1.22392,52.34753],[-1.22567,52.34668],[-1.2276,52.34652],[-1.22976,52.34708],[-1.23371,52.34644],[-1.24133,52.34261],[-1.24858,52.34098],[-1.25074,52.33915],[-1.25298,52.33885],[-1.25807,52.33727],[-1.26229,52.33419],[-1.26245,52.33219],[-1.2642,52.33065],[-1.26527,52.32838],[-1.26089,52.32786],[-1.25728,52.32552],[-1.2534,52.32405],[-1.24878,52.32324],[-1.24764,52.32196],[-1.24475,52.3215],[-1.24211,52.3219],[-1.23704,52.32032],[-1.23116,52.32003],[-1.21521,52.31697],[-1.21299,52.31572],[-1.21201,52.31608],[-1.20923,52.3152],[-1.21232,52.31069],[-1.21556,52.30883],[-1.21716,52.30721],[-1.21754,52.30598],[-1.22091,52.30585],[-1.2209,52.30336],[-1.22388,52.30275],[-1.22642,52.30062],[-1.22649,52.29819],[-1.22896,52.29796],[-1.22886,52.29517],[-1.23183,52.29428],[-1.23378,52.29033],[-1.23076,52.28961],[-1.22868,52.28868],[-1.22744,52.28926],[-1.22534,52.28816],[-1.22352,52.28624],[-1.22254,52.28224],[-1.22337,52.28167],[-1.22117,52.27941],[-1.22177,52.27871],[-1.22169,52.27645],[-1.22002,52.27605],[-1.22096,52.27355],[-1.21877,52.27112],[-1.21934,52.27036],[-1.217,52.26881],[-1.21765,52.26825],[-1.21583,52.26574],[-1.21584,52.26395],[-1.21921,52.26133],[-1.22375,52.25996],[-1.22467,52.25803],[-1.22657,52.25766],[-1.22801,52.25586],[-1.2301,52.25541],[-1.233,52.25326],[-1.23206,52.25169],[-1.2347,52.25045],[-1.23516,52.24927],[-1.24057,52.24796],[-1.24668,52.2491],[-1.25048,52.2483],[-1.25175,52.24864],[-1.25448,52.24757],[-1.25807,52.24467],[-1.2648,52.24188],[-1.26615,52.24083],[-1.26607,52.23889],[-1.26762,52.23744],[-1.26635,52.2367],[-1.26685,52.23525],[-1.27537,52.23803],[-1.27997,52.23863],[-1.28468,52.23852],[-1.28001,52.23337],[-1.2785,52.23005],[-1.27836,52.22872],[-1.27258,52.22754],[-1.27564,52.22634],[-1.27691,52.22512],[-1.2763,52.22309],[-1.27097,52.21924],[-1.26433,52.21661],[-1.26093,52.216],[-1.25989,52.21188],[-1.25733,52.20863],[-1.25736,52.20561],[-1.25478,52.19889],[-1.25498,52.19783],[-1.26254,52.19596],[-1.268,52.19653],[-1.27142,52.19637],[-1.27407,52.1954],[-1.27757,52.19581],[-1.28114,52.19578],[-1.28119,52.19195],[-1.28364,52.1916],[-1.29079,52.19213],[-1.29489,52.19168],[-1.30059,52.19177],[-1.30886,52.18978],[-1.31313,52.19047],[-1.31439,52.18811],[-1.31616,52.18666],[-1.31819,52.18301],[-1.31819,52.18142],[-1.32281,52.1818],[-1.32651,52.1784],[-1.32864,52.17702],[-1.33148,52.17414],[-1.33233,52.17232],[-1.33112,52.17142],[-1.33229,52.17054],[-1.3319,52.16849],[-1.32994,52.16735],[-1.33007,52.1663],[-1.32531,52.16277],[-1.3239,52.1621],[-1.32438,52.16092],[-1.32087,52.15921],[-1.32129,52.15831],[-1.31827,52.15581],[-1.31775,52.15335],[-1.31326,52.15108],[-1.31239,52.1498],[-1.31078,52.1495],[-1.31175,52.14792],[-1.30941,52.14763],[-1.30862,52.14654],[-1.30643,52.14555],[-1.30868,52.14435],[-1.30843,52.14351],[-1.30491,52.14164],[-1.30537,52.14121],[-1.29934,52.13839],[-1.29792,52.13715],[-1.29769,52.13528],[-1.29509,52.13471],[-1.29555,52.13382],[-1.29363,52.13259],[-1.29063,52.1293],[-1.28853,52.12798],[-1.28414,52.12406],[-1.28156,52.12262],[-1.27683,52.11708],[-1.27266,52.11431],[-1.27022,52.11357],[-1.26482,52.11077],[-1.25992,52.10872],[-1.25704,52.10616],[-1.25293,52.10387],[-1.254,52.10249],[-1.25185,52.10202],[-1.2488,52.09908],[-1.24795,52.09575],[-1.25613,52.09567],[-1.25802,52.09634],[-1.26198,52.09645],[-1.26457,52.09737],[-1.26964,52.098],[-1.27167,52.09794],[-1.27631,52.09682],[-1.28053,52.0942],[-1.28798,52.09288],[-1.29521,52.09343],[-1.29801,52.09183],[-1.29978,52.09142],[-1.30391,52.09163],[-1.30439,52.09208],[-1.30802,52.09228],[-1.31267,52.09058],[-1.31678,52.08979],[-1.31668,52.08893],[-1.32087,52.08757],[-1.32061,52.08578],[-1.32135,52.08487],[-1.31947,52.08386],[-1.32054,52.0822],[-1.31951,52.08078],[-1.31662,52.07961],[-1.3131,52.0799],[-1.30876,52.07951],[-1.29936,52.0801],[-1.29962,52.07831],[-1.29751,52.07806],[-1.2989,52.07536],[-1.30189,52.07519],[-1.30199,52.07379],[-1.30392,52.07355],[-1.30349,52.07198],[-1.30547,52.07209],[-1.30537,52.07029],[-1.30007,52.06936],[-1.30125,52.0661],[-1.30366,52.06428],[-1.3077,52.06426],[-1.30763,52.06317],[-1.30912,52.06073],[-1.30737,52.05758],[-1.31292,52.05145],[-1.31133,52.05053],[-1.30737,52.0472],[-1.30217,52.04638],[-1.30005,52.04535],[-1.30007,52.04365],[-1.29751,52.04278],[-1.29644,52.04086],[-1.29529,52.0403],[-1.2933,52.03431],[-1.29207,52.03279],[-1.2917,52.03098],[-1.29346,52.02968],[-1.29431,52.02804],[-1.29344,52.02752],[-1.29019,52.02745],[-1.28532,52.02648],[-1.28608,52.02562],[-1.28383,52.02504],[-1.28358,52.0232],[-1.28442,52.02091],[-1.28167,52.01779],[-1.27816,52.01427],[-1.27863,52.01137],[-1.28216,52.01132],[-1.28452,52.01082],[-1.28371,52.00936],[-1.27978,52.00876],[-1.27761,52.00724],[-1.27707,52.00536],[-1.28036,52.00343],[-1.28084,52.00144],[-1.2827,52.00035],[-1.2837,51.99811],[-1.28352,51.99616],[-1.2847,51.99471],[-1.28234,51.9931],[-1.28408,51.99069],[-1.28548,51.99069],[-1.28736,51.98959],[-1.28733,51.98755],[-1.28449,51.98259],[-1.28158,51.97998],[-1.28087,51.98236],[-1.27025,51.98295],[-1.26765,51.98263],[-1.26092,51.98093],[-1.25726,51.98252],[-1.25279,51.98334],[-1.24901,51.98571],[-1.24738,51.98507],[-1.24161,51.98629],[-1.23929,51.98459],[-1.23444,51.98353],[-1.2297,51.98137],[-1.22711,51.98125],[-1.22364,51.98041],[-1.21722,51.98033],[-1.2069,51.97827],[-1.20354,51.97858],[-1.198,51.97729],[-1.19626,51.97743],[-1.19439,51.97932],[-1.19069,51.98152],[-1.18834,51.98122],[-1.18473,51.9817],[-1.18011,51.9817],[-1.17436,51.98332],[-1.17218,51.98598],[-1.16382,51.99341],[-1.15665,51.99223],[-1.15611,51.99344],[-1.15148,51.99311],[-1.14872,51.99505],[-1.14391,51.99702],[-1.14017,51.99765],[-1.13433,51.9973],[-1.13374,51.99964],[-1.13153,52.0031],[-1.13125,52.00488],[-1.12697,52.00604],[-1.12534,52.0071],[-1.12313,52.01136],[-1.12143,52.01241],[-1.11944,52.01635],[-1.12152,52.01697],[-1.1289,52.01792],[-1.13616,52.02007],[-1.13606,52.02247],[-1.13545,52.02427],[-1.13368,52.0266],[-1.13247,52.02969],[-1.13294,52.03174],[-1.13179,52.03195],[-1.12996,52.03351],[-1.1266,52.03719],[-1.1271,52.03798],[-1.12515,52.04058],[-1.12314,52.04163],[-1.1222,52.04495],[-1.11969,52.04649],[-1.11358,52.0481],[-1.11099,52.0482],[-1.10626,52.04908],[-1.1036,52.04776],[-1.09887,52.04864],[-1.09853,52.04989],[-1.09613,52.05135],[-1.09245,52.05113],[-1.09033,52.05141],[-1.0889,52.05238],[-1.08538,52.05219],[-1.08223,52.05289],[-1.0804,52.0561],[-1.08087,52.05677],[-1.07748,52.05788],[-1.07665,52.05885],[-1.07166,52.05814],[-1.07071,52.05956],[-1.06811,52.06105],[-1.06481,52.06154],[-1.06207,52.06274],[-1.05782,52.06103],[-1.05296,52.05966],[-1.0518,52.06072],[-1.04977,52.06139],[-1.04825,52.06285],[-1.04005,52.06592],[-1.0382,52.06609],[-1.03462,52.06455],[-1.03316,52.06352],[-1.03095,52.0629],[-1.0264,52.06442],[-1.0261,52.06562],[-1.02863,52.06804],[-1.0298,52.07019],[-1.0317,52.07118],[-1.04159,52.07342],[-1.04206,52.07394],[-1.02879,52.07502],[-1.02634,52.07543],[-1.02146,52.07496],[-1.02008,52.0733],[-1.01626,52.07264],[-1.01351,52.07287],[-1.01287,52.0716],[-1.00758,52.0721],[-1.00588,52.0734],[-1.00243,52.07273],[-0.99824,52.07258],[-0.99549,52.07324],[-0.99106,52.07091],[-0.98912,52.07083],[-0.98428,52.06972],[-0.98235,52.06989],[-0.98114,52.07134],[-0.97746,52.07168],[-0.97336,52.07272],[-0.97015,52.07237],[-0.96781,52.07091],[-0.9651,52.07484],[-0.96273,52.07636],[-0.96076,52.07864],[-0.95955,52.07928],[-0.95187,52.08153],[-0.95032,52.07987],[-0.9472,52.07918],[-0.9451,52.07689],[-0.94006,52.07584],[-0.94449,52.07319],[-0.94439,52.07003],[-0.94175,52.06877],[-0.94046,52.06743],[-0.94204,52.06659],[-0.94048,52.06505],[-0.94165,52.06427],[-0.93932,52.06216],[-0.93764,52.06286],[-0.93374,52.06264],[-0.93788,52.0612],[-0.93659,52.05819],[-0.93571,52.05792],[-0.93345,52.05508],[-0.93187,52.05403],[-0.93183,52.05218],[-0.93011,52.04954],[-0.93021,52.04313],[-0.92818,52.04222],[-0.92726,52.0394],[-0.92444,52.03619],[-0.92256,52.03535],[-0.91438,52.02984],[-0.91211,52.02659],[-0.91178,52.02497],[-0.90838,52.02224],[-0.90603,52.02122],[-0.90388,52.0237],[-0.90025,52.02502],[-0.8983,52.02747],[-0.89396,52.02865],[-0.89166,52.02974],[-0.89012,52.03153],[-0.88319,52.02826],[-0.88073,52.02859],[-0.87756,52.0299],[-0.87612,52.03355],[-0.87207,52.03624],[-0.87317,52.03737],[-0.87212,52.03977],[-0.87177,52.0418],[-0.87071,52.04366],[-0.86773,52.04622],[-0.86571,52.04668],[-0.86479,52.04578],[-0.85942,52.0446],[-0.85559,52.04735],[-0.85571,52.04795],[-0.8529,52.05],[-0.85328,52.05225],[-0.85563,52.05318],[-0.858,52.05322],[-0.8604,52.05453],[-0.85987,52.05623],[-0.86063,52.05872],[-0.86302,52.06027],[-0.86268,52.06093],[-0.85736,52.06409],[-0.85524,52.06397],[-0.85064,52.06468],[-0.84519,52.06297],[-0.83959,52.0638],[-0.83579,52.06626],[-0.83284,52.06937],[-0.83241,52.07203],[-0.83407,52.07275],[-0.83603,52.07506],[-0.83603,52.07681],[-0.83525,52.07762],[-0.83525,52.07981],[-0.83678,52.08059],[-0.83744,52.08229],[-0.84129,52.08409],[-0.8438,52.0849],[-0.8451,52.08644],[-0.84671,52.09151],[-0.85008,52.09241],[-0.85168,52.09204],[-0.85603,52.09311],[-0.85637,52.09505],[-0.85792,52.09751],[-0.86133,52.09785],[-0.86485,52.09926],[-0.86862,52.09963],[-0.86878,52.10109],[-0.86602,52.10195],[-0.86527,52.10294],[-0.86986,52.1051],[-0.87024,52.10775],[-0.86862,52.10844],[-0.8698,52.11046],[-0.87304,52.11268],[-0.87523,52.11218],[-0.87647,52.11292],[-0.87851,52.11248],[-0.88148,52.11264],[-0.88357,52.11354],[-0.88613,52.1135],[-0.88732,52.11473],[-0.88289,52.11751],[-0.88175,52.11989],[-0.88067,52.12017],[-0.88083,52.12343],[-0.87965,52.12415],[-0.88076,52.12629],[-0.87886,52.12614],[-0.86901,52.13065],[-0.86599,52.13017],[-0.85353,52.13167],[-0.85294,52.13034],[-0.85126,52.12934],[-0.84674,52.12941],[-0.83823,52.13071],[-0.83577,52.13284],[-0.83211,52.13125],[-0.8282,52.13261],[-0.82863,52.1357],[-0.83136,52.14129],[-0.83197,52.14368],[-0.81654,52.14353],[-0.81402,52.14247],[-0.81258,52.14413],[-0.81277,52.14572],[-0.81098,52.14767],[-0.80914,52.14875],[-0.80931,52.15006],[-0.80725,52.15159],[-0.80695,52.15282],[-0.80759,52.15698],[-0.80267,52.15755],[-0.80196,52.15868],[-0.79971,52.15706],[-0.79892,52.15537],[-0.79685,52.1534],[-0.7941,52.15405],[-0.79356,52.15228],[-0.79209,52.15133],[-0.79047,52.1521],[-0.78771,52.15424],[-0.7864,52.15654],[-0.78419,52.15868],[-0.78341,52.16028],[-0.78031,52.16336],[-0.7831,52.16419],[-0.78319,52.16592],[-0.77951,52.16559],[-0.77798,52.16873],[-0.77359,52.16889],[-0.76533,52.1711],[-0.76414,52.1678],[-0.76272,52.16631],[-0.76275,52.16498],[-0.76098,52.16401],[-0.75985,52.1657],[-0.75681,52.16745],[-0.75066,52.16764],[-0.74973,52.16688],[-0.74607,52.16887],[-0.7448,52.17028],[-0.74254,52.17096],[-0.73895,52.17118],[-0.73743,52.17367],[-0.73473,52.1735],[-0.72926,52.17947],[-0.72549,52.18088],[-0.72074,52.1819],[-0.71901,52.18257],[-0.71603,52.18544],[-0.71162,52.18819],[-0.70866,52.18879],[-0.70504,52.19079],[-0.70546,52.19157],[-0.70167,52.19331],[-0.69634,52.1943],[-0.69408,52.19527],[-0.68663,52.19581],[-0.68479,52.19636],[-0.68124,52.19572],[-0.68002,52.19614],[-0.67526,52.1958],[-0.67342,52.19607],[-0.66814,52.19503],[-0.66866,52.19773],[-0.66146,52.20813],[-0.6585,52.21008],[-0.65358,52.21524],[-0.65237,52.21726],[-0.64863,52.22088],[-0.64362,52.22336],[-0.63733,52.22732],[-0.63966,52.22895],[-0.64273,52.23332],[-0.64345,52.23586],[-0.64309,52.23854],[-0.6455,52.24246],[-0.64897,52.25271],[-0.64979,52.25411],[-0.65003,52.25678],[-0.65276,52.26659],[-0.65366,52.26829],[-0.65108,52.26905],[-0.6469,52.27118],[-0.63991,52.27244],[-0.63547,52.27193],[-0.63141,52.27005],[-0.62692,52.27338],[-0.62698,52.27488],[-0.62006,52.27692],[-0.61108,52.27853],[-0.61062,52.2795],[-0.60762,52.27886],[-0.60289,52.27875],[-0.5961,52.27605],[-0.58897,52.27407],[-0.58634,52.27283],[-0.58811,52.27078],[-0.58088,52.26523],[-0.57935,52.26643],[-0.57158,52.25825],[-0.56569,52.25347],[-0.55805,52.25635],[-0.55474,52.25818],[-0.55233,52.25692],[-0.54997,52.25647],[-0.54614,52.25673],[-0.54288,52.25597],[-0.5399,52.25731],[-0.53762,52.26165],[-0.53774,52.26286],[-0.53932,52.26609],[-0.53643,52.26821],[-0.53119,52.2704],[-0.53252,52.27254],[-0.53416,52.27762],[-0.5341,52.28135],[-0.53815,52.28482],[-0.53869,52.28582],[-0.54196,52.28886],[-0.54197,52.28994],[-0.5406,52.29149],[-0.51687,52.31295],[-0.51405,52.3147],[-0.5198,52.31662],[-0.51983,52.31769],[-0.51684,52.31765],[-0.50665,52.31991],[-0.48714,52.32108],[-0.48188,52.32076],[-0.47813,52.31928],[-0.47626,52.31806],[-0.47415,52.31975],[-0.46537,52.32295],[-0.46451,52.3261],[-0.46523,52.33261],[-0.4671,52.33529],[-0.46777,52.33844],[-0.47244,52.33957],[-0.48326,52.3409],[-0.4805,52.34443],[-0.47843,52.34635],[-0.47734,52.34841],[-0.47827,52.34934],[-0.48061,52.34982],[-0.48416,52.35178],[-0.48428,52.35239],[-0.48801,52.35371],[-0.49299,52.35746],[-0.49601,52.35839],[-0.4987,52.3601],[-0.49989,52.3652],[-0.49853,52.36684],[-0.4923,52.37171],[-0.48852,52.37402],[-0.49046,52.3751],[-0.49595,52.37952],[-0.4942,52.3812],[-0.48961,52.37923],[-0.48674,52.37903],[-0.48476,52.38163],[-0.47885,52.38015],[-0.47796,52.38074],[-0.46989,52.3799],[-0.46829,52.38289],[-0.46406,52.3816],[-0.46247,52.38305],[-0.45683,52.38233],[-0.45686,52.38409],[-0.45475,52.38457],[-0.45494,52.3857],[-0.45089,52.38475],[-0.44876,52.38373],[-0.44622,52.38321],[-0.44376,52.38386],[-0.43925,52.38631],[-0.437,52.38819],[-0.43293,52.39628],[-0.43195,52.39629],[-0.42483,52.39963],[-0.42244,52.40013],[-0.42191,52.40091],[-0.41594,52.4038],[-0.42028,52.40507],[-0.41961,52.40732],[-0.41843,52.40815],[-0.41707,52.4116],[-0.413,52.4126],[-0.40746,52.41349],[-0.40095,52.41546],[-0.39789,52.41833],[-0.39233,52.41994],[-0.38694,52.42388],[-0.37946,52.42796],[-0.37237,52.43045],[-0.36594,52.43167],[-0.36241,52.43353],[-0.36649,52.43504],[-0.36934,52.43494],[-0.37031,52.43685],[-0.36886,52.43962],[-0.3688,52.44121],[-0.36707,52.4438],[-0.36306,52.44658],[-0.36183,52.449],[-0.36348,52.45061],[-0.36026,52.45251],[-0.35546,52.45616],[-0.35403,52.45804],[-0.35351,52.46027],[-0.35056,52.46293],[-0.34947,52.46216],[-0.34481,52.46584],[-0.34159,52.46694],[-0.34306,52.4685],[-0.34228,52.4691],[-0.34828,52.47126],[-0.34972,52.47289],[-0.34899,52.47356],[-0.34746,52.47798],[-0.35027,52.48075],[-0.35006,52.48257],[-0.35461,52.48511],[-0.35677,52.48777],[-0.35939,52.49024],[-0.3577,52.49209],[-0.35814,52.49391],[-0.35965,52.49589],[-0.35934,52.49711],[-0.35776,52.49848],[-0.3576,52.49957],[-0.35569,52.50127],[-0.35345,52.5022],[-0.35215,52.50335],[-0.35579,52.50592],[-0.35818,52.50579],[-0.36226,52.50738],[-0.36868,52.50879],[-0.37146,52.51035],[-0.37525,52.51093],[-0.37793,52.51066],[-0.38089,52.51278],[-0.38344,52.5138],[-0.38746,52.51618],[-0.38662,52.51673],[-0.39083,52.51872],[-0.39075,52.51944],[-0.39465,52.51981],[-0.39849,52.52088],[-0.40047,52.52188],[-0.40431,52.52169],[-0.40872,52.52252],[-0.4136,52.52568],[-0.41382,52.52744],[-0.41192,52.52975],[-0.41007,52.5312],[-0.40714,52.53148],[-0.40467,52.53231],[-0.4046,52.53358],[-0.40264,52.53491],[-0.40128,52.53868],[-0.40253,52.54188],[-0.40366,52.54281],[-0.40368,52.54516],[-0.4022,52.54681],[-0.40206,52.54832],[-0.40331,52.54892],[-0.41122,52.54995],[-0.41174,52.55081],[-0.41534,52.55155],[-0.41604,52.55271],[-0.41637,52.55566],[-0.4171,52.55589],[-0.41959,52.55896],[-0.41691,52.56075],[-0.41658,52.56197],[-0.41337,52.5615],[-0.40985,52.56162],[-0.40873,52.56214],[-0.40729,52.56405],[-0.40736,52.56582],[-0.41193,52.56891],[-0.4157,52.5701],[-0.41472,52.57229],[-0.41589,52.57338],[-0.41508,52.57601],[-0.41538,52.57874],[-0.41818,52.57973],[-0.41998,52.58135],[-0.42463,52.58149],[-0.42503,52.58241],[-0.4354,52.58051],[-0.44769,52.57868],[-0.46101,52.57603],[-0.47115,52.57463],[-0.47539,52.57437],[-0.47881,52.57365],[-0.48145,52.5763],[-0.47883,52.57744],[-0.48533,52.57998],[-0.48942,52.58055],[-0.49236,52.58167],[-0.49765,52.58685],[-0.49454,52.58867],[-0.49415,52.5897],[-0.49071,52.59053],[-0.48863,52.59691],[-0.48585,52.59893],[-0.48544,52.60218],[-0.48102,52.60279],[-0.47964,52.61445],[-0.47722,52.61468],[-0.47373,52.61443],[-0.47479,52.61691],[-0.47096,52.61795],[-0.4721,52.62128],[-0.47106,52.62136],[-0.47096,52.62377],[-0.4735,52.62823],[-0.47531,52.6289],[-0.47676,52.63056],[-0.48515,52.63284],[-0.48611,52.63442],[-0.48806,52.6325],[-0.4922,52.63687],[-0.4939,52.64007],[-0.49148,52.6415],[-0.48921,52.64345],[-0.4861,52.64353],[-0.48345,52.64543],[-0.47596,52.64545],[-0.47451,52.64668],[-0.47583,52.64871],[-0.46764,52.6499],[-0.45897,52.65022],[-0.45605,52.65001],[-0.45312,52.64927],[-0.45283,52.65427],[-0.45048,52.65412],[-0.44861,52.65294],[-0.44557,52.65296],[-0.44087,52.6523],[-0.44037,52.65149],[-0.43744,52.64987],[-0.43518,52.65021],[-0.43207,52.6483],[-0.4282,52.64911],[-0.42327,52.64808],[-0.42074,52.64685],[-0.41721,52.64681],[-0.41669,52.64758],[-0.41304,52.64839],[-0.41042,52.64778],[-0.40569,52.64806],[-0.40116,52.6496],[-0.4,52.64964],[-0.39571,52.65334],[-0.39312,52.65413],[-0.38903,52.65396],[-0.38252,52.65613],[-0.38028,52.6556],[-0.37727,52.65573],[-0.37656,52.65699],[-0.37491,52.65794],[-0.37306,52.65745],[-0.3696,52.65927],[-0.36377,52.66034],[-0.36095,52.65957],[-0.35934,52.66006],[-0.3568,52.65952],[-0.35634,52.66047],[-0.35415,52.66119],[-0.35008,52.66167],[-0.34946,52.66315],[-0.34655,52.66314],[-0.34311,52.66513],[-0.34089,52.66551],[-0.33754,52.66824],[-0.33624,52.66864],[-0.33709,52.67049],[-0.33604,52.67153],[-0.33625,52.67412],[-0.33311,52.67484],[-0.33024,52.67348],[-0.32755,52.67421],[-0.32287,52.6742],[-0.32074,52.67367],[-0.32052,52.6751],[-0.30997,52.67348],[-0.29731,52.6706],[-0.29455,52.66935],[-0.29166,52.67037],[-0.2895,52.67034],[-0.28685,52.66803],[-0.28226,52.66717],[-0.27908,52.666],[-0.27779,52.6633],[-0.27621,52.66265],[-0.27488,52.6607],[-0.27307,52.65948],[-0.27034,52.65944],[-0.26896,52.65635],[-0.2662,52.6547],[-0.26379,52.6539],[-0.26358,52.65251],[-0.26124,52.65148],[-0.25866,52.65165],[-0.25557,52.65366],[-0.23889,52.66058],[-0.23831,52.66022],[-0.23024,52.66363],[-0.22028,52.66676],[-0.21792,52.66712],[-0.2125,52.66668],[-0.20965,52.66699],[-0.20604,52.66807],[-0.20552,52.66683],[-0.20307,52.6651],[-0.20059,52.66144],[-0.19982,52.66086],[-0.19648,52.6555],[-0.19557,52.65537],[-0.19287,52.65244],[-0.19042,52.65247],[-0.18002,52.66056],[-0.14106,52.65151],[-0.1395,52.65486],[-0.13302,52.65696],[-0.12982,52.65921],[-0.12653,52.66],[-0.11741,52.66476],[-0.11551,52.66648],[-0.113,52.66798],[-0.1022,52.67221],[-0.09943,52.67039],[-0.09668,52.67006],[-0.09432,52.66818],[-0.09043,52.66669],[-0.08784,52.66678],[-0.08031,52.67055],[-0.07461,52.67207],[-0.07201,52.67207],[-0.06967,52.67141],[-0.06545,52.672],[-0.06379,52.67522],[-0.05949,52.67469],[-0.045,52.66914],[-0.03953,52.66694],[-0.0321,52.66536],[-0.03127,52.66153],[0.0215,52.66489],[0.04857,52.6814],[0.04962,52.68615],[0.0492,52.68937],[0.04498,52.69194],[0.04488,52.69579],[0.04591,52.69779],[0.0444,52.70068],[0.04523,52.70143],[0.04546,52.70501],[0.04484,52.71086],[0.04511,52.712],[0.04415,52.71438],[0.04626,52.71538],[0.04802,52.71879],[0.05514,52.72183],[0.05924,52.72472],[0.06231,52.72539],[0.0639,52.72744],[0.06797,52.72635],[0.07259,52.72555],[0.07604,52.72452],[0.08264,52.72456],[0.08755,52.72357],[0.08901,52.72363],[0.09165,52.72522],[0.09459,52.72845],[0.09879,52.73034],[0.10254,52.72986],[0.10494,52.7305],[0.11111,52.72978],[0.11369,52.72999],[0.11414,52.7314],[0.1168,52.73273],[0.11971,52.73288],[0.12905,52.73844],[0.13096,52.73839],[0.13298,52.7393],[0.13774,52.73892],[0.14065,52.73975],[0.14369,52.74],[0.14413,52.73903],[0.14761,52.73945],[0.14829,52.73864],[0.15083,52.73875],[0.1525,52.73814],[0.16705,52.73939],[0.17018,52.73989],[0.17126,52.73826],[0.18697,52.75742],[0.19566,52.76777],[0.19866,52.77308],[0.20561,52.78674],[0.21224,52.81115],[0.21241,52.81366],[0.21466,52.8209],[0.21542,52.82607],[0.2124,52.8251],[0.21143,52.82621],[0.20569,52.8249],[0.20553,52.82472],[0.20449,52.826],[0.20599,52.82657],[0.20966,52.8274],[0.20965,52.82914],[0.21309,52.82927],[0.20928,52.83183],[0.20769,52.83361],[0.20612,52.83374],[0.20359,52.83683],[0.20157,52.83862],[0.20017,52.8418],[0.19811,52.84315],[0.19717,52.84477],[0.19705,52.84651],[0.19514,52.84719],[0.19543,52.84972],[0.1927,52.85148],[0.19263,52.85251],[0.18884,52.85361],[0.18628,52.85473],[0.18488,52.85656],[0.1852,52.85736],[0.18255,52.85932],[0.18112,52.86123],[0.18153,52.86273],[0.17859,52.86735],[0.17901,52.86933],[0.17859,52.8713],[0.17642,52.87404],[0.17273,52.87549],[0.17082,52.87712],[0.16814,52.87769],[0.16046,52.88005],[0.1574,52.88039],[0.15296,52.88157],[0.15013,52.88151],[0.14689,52.88212],[0.145,52.88508],[0.14075,52.88552],[0.13798,52.88681],[0.12938,52.88983],[0.1227,52.89121],[0.12112,52.89075],[0.11761,52.89268],[0.11466,52.88877],[0.11439,52.88503],[0.1151,52.88235],[0.11209,52.88326],[0.10911,52.88331],[0.10191,52.8838],[0.10218,52.88507],[0.10115,52.88679],[0.10095,52.88807],[0.10035,52.88828],[0.10008,52.889],[0.09971,52.89245],[0.10035,52.89347],[0.09947,52.89449],[0.09621,52.89402],[0.09228,52.89512],[0.09045,52.89507],[0.08925,52.89594],[0.08903,52.89744],[0.08662,52.89721],[0.08409,52.89628],[0.08318,52.8979],[0.08606,52.89822],[0.08593,52.89976],[0.08256,52.89956],[0.08026,52.90172],[0.07761,52.90225],[0.0759,52.90362],[0.07212,52.9035],[0.07416,52.90513],[0.07215,52.90542],[0.06839,52.9047],[0.06495,52.90453],[0.06134,52.90396],[0.05866,52.9044],[0.05365,52.90191],[0.04881,52.90216],[0.04648,52.90152],[0.04432,52.89981],[0.04235,52.89898],[0.03751,52.89957],[0.03509,52.89821],[0.03521,52.89764],[0.03487,52.89694],[0.03265,52.89694],[0.03263,52.89715],[0.03291,52.89761],[0.03165,52.89824],[0.02855,52.89756],[0.02963,52.89899],[0.02051,52.89587],[0.02166,52.89439],[0.01826,52.89352],[0.0151,52.894],[0.01091,52.89247],[-0.01773,52.87997],[-0.02337,52.87738],[-0.03218,52.8741],[-0.0382,52.87202],[-0.04288,52.87106],[-0.06365,52.86595],[-0.06901,52.86418],[-0.08123,52.85617],[-0.0846,52.85486],[-0.08985,52.85327],[-0.09542,52.84869],[-0.09646,52.84744],[-0.09637,52.84441],[-0.09703,52.84336],[-0.11025,52.82887],[-0.11295,52.82644],[-0.11732,52.82163],[-0.1195,52.81833],[-0.12402,52.81402],[-0.12561,52.81098],[-0.13326,52.80124],[-0.13517,52.79971],[-0.12599,52.81118],[-0.12439,52.81427],[-0.1203,52.81817],[-0.11772,52.82179],[-0.11359,52.82651],[-0.11136,52.82844],[-0.09812,52.84301],[-0.09712,52.84426],[-0.09721,52.84748],[-0.09413,52.85071],[-0.09091,52.8533],[-0.08727,52.85475],[-0.08199,52.85627],[-0.06983,52.86438],[-0.06508,52.86618],[-0.04443,52.87118],[-0.03917,52.87228],[-0.02857,52.87598],[-0.02527,52.87732],[0.01099,52.89343],[0.02429,52.89806],[0.03228,52.90109],[0.03644,52.90325],[0.03564,52.90467],[0.02888,52.9069],[0.0274,52.90934],[0.02983,52.90877],[0.02939,52.90701],[0.03587,52.90492],[0.03816,52.90587],[0.04487,52.91082],[0.04318,52.91071],[0.04283,52.91281],[0.04403,52.91487],[0.04663,52.91522],[0.04703,52.91666],[0.04929,52.91649],[0.05172,52.91718],[0.05459,52.9197],[0.05595,52.91945],[0.06059,52.92154],[0.06112,52.92299],[0.05535,52.92439],[0.05902,52.92512],[0.06541,52.92409],[0.06714,52.92606],[0.06896,52.92652],[0.0706,52.9299],[0.07644,52.93151],[0.06577,52.93009],[0.05543,52.93008],[0.04725,52.93131],[0.03953,52.93308],[0.03446,52.93493],[0.03284,52.93632],[0.03038,52.93734],[0.02771,52.93738],[0.02244,52.93951],[0.02286,52.93995],[0.01896,52.94344],[0.01114,52.95002],[0.00266,52.95616],[-0.00198,52.95987],[-0.00989,52.9667],[-0.01477,52.96784],[-0.0129,52.96843],[-0.00868,52.96686],[-0.00492,52.96396],[-0.00085,52.96042],[0.00135,52.95937],[0.00492,52.95556],[0.01169,52.95109],[0.02553,52.93947],[0.03139,52.93836],[0.04022,52.93423],[0.04498,52.93277],[0.05138,52.93149],[0.05724,52.93096],[0.06302,52.93095],[0.06876,52.93142],[0.07414,52.93247],[0.07819,52.93365],[0.07835,52.93495],[0.07687,52.93713],[0.07789,52.93825],[0.07978,52.9425],[0.07917,52.94335],[0.08159,52.9443],[0.08217,52.94625],[0.08455,52.94727],[0.08348,52.94848],[0.08595,52.95104],[0.08936,52.95331],[0.09164,52.95579],[0.09325,52.9565],[0.09363,52.95945],[0.09582,52.95997],[0.09484,52.96069],[0.09223,52.96084],[0.09426,52.96187],[0.09832,52.96575],[0.09941,52.96789],[0.1011,52.96762],[0.10136,52.96592],[0.10293,52.96502],[0.10729,52.96698],[0.10769,52.96891],[0.10873,52.97038],[0.11146,52.97129],[0.11139,52.97264],[0.11302,52.97331],[0.11495,52.97583],[0.11531,52.97763],[0.11808,52.97856],[0.1216,52.98173],[0.12253,52.9832],[0.12626,52.98563],[0.12772,52.98759],[0.12774,52.98871],[0.13005,52.98996],[0.13316,52.99095],[0.13527,52.99302],[0.13589,52.99468],[0.14041,52.99682],[0.14033,52.99797],[0.1445,53.00034],[0.14588,53.00185],[0.1496,53.00423],[0.14907,53.0059],[0.15041,53.00646],[0.15324,53.00892],[0.15795,53.01003],[0.16014,53.01102],[0.16439,53.01386],[0.17157,53.01733],[0.17234,53.01912],[0.17861,53.02077],[0.18023,53.02245],[0.18214,53.02269],[0.18424,53.02397],[0.18559,53.02711],[0.19233,53.02775],[0.19475,53.02864],[0.19752,53.03092],[0.19817,53.03231],[0.20151,53.0327],[0.20335,53.03382],[0.20967,53.03512],[0.21202,53.03624],[0.21624,53.037],[0.21945,53.03862],[0.22561,53.04094],[0.22799,53.04228],[0.22977,53.04411],[0.23219,53.0442],[0.23455,53.04523],[0.23756,53.04529],[0.24455,53.04862],[0.24778,53.05051],[0.24997,53.05446],[0.25095,53.05348],[0.25478,53.05478],[0.25824,53.05645],[0.2688,53.06286],[0.26857,53.06416],[0.27083,53.06508],[0.27026,53.0661],[0.27193,53.06671],[0.27746,53.07043],[0.27884,53.07071],[0.28614,53.07424],[0.29031,53.07737],[0.29424,53.07878],[0.29612,53.0804],[0.29946,53.08214],[0.30459,53.084],[0.30521,53.08511],[0.30831,53.08592],[0.31249,53.08799],[0.31567,53.08874],[0.31595,53.08974],[0.31939,53.09168],[0.32315,53.09154],[0.32627,53.09036],[0.32732,53.0913],[0.33016,53.09046],[0.33187,53.08826],[0.33244,53.08668],[0.33397,53.08663],[0.3359,53.08957],[0.33744,53.09447],[0.3385,53.09966],[0.33695,53.1012],[0.33995,53.10365],[0.34194,53.10385],[0.34491,53.10515],[0.34811,53.109],[0.34923,53.11217],[0.34923,53.11566],[0.34802,53.12076],[0.34695,53.12409],[0.34681,53.12665],[0.34803,53.13065],[0.34837,53.1354],[0.34947,53.13764],[0.34954,53.14456],[0.34901,53.14919],[0.3496,53.15205],[0.3493,53.15424],[0.35068,53.15918],[0.3521,53.17016],[0.35413,53.17861],[0.35445,53.18398],[0.35553,53.18597],[0.35496,53.19178],[0.35142,53.19933],[0.35113,53.20152],[0.3492,53.20385],[0.34739,53.20836],[0.34183,53.21745],[0.34024,53.22104],[0.3391,53.22945],[0.34016,53.23332],[0.33884,53.23516],[0.33648,53.24166],[0.33346,53.24624],[0.32972,53.25325],[0.32631,53.25821],[0.32219,53.26647],[0.31947,53.27161],[0.3169,53.27476],[0.31558,53.27737],[0.30821,53.286],[0.29989,53.29445],[0.29396,53.29993],[0.28912,53.30557],[0.2852,53.3127],[0.28122,53.31869],[0.28124,53.31932],[0.27376,53.33256],[0.27063,53.33488],[0.26899,53.33793],[0.26748,53.33929],[0.26448,53.3439],[0.26245,53.34629],[0.25177,53.36249],[0.24586,53.37295],[0.24307,53.3776],[0.23646,53.38661],[0.23548,53.39136],[0.23228,53.39284],[0.22941,53.3954],[0.228,53.39568],[0.22767,53.3986],[0.231,53.39829],[0.23218,53.39697],[0.23409,53.39744],[0.23119,53.40262],[0.22771,53.40249],[0.22381,53.40661],[0.22826,53.40448],[0.22817,53.40642],[0.22361,53.4087],[0.21979,53.41108],[0.22023,53.40887],[0.21777,53.40949],[0.21349,53.41172],[0.21276,53.41361],[0.21342,53.41547],[0.21308,53.41661],[0.20727,53.41822],[0.20548,53.41919],[0.20465,53.42064],[0.20467,53.42363],[0.2042,53.42488],[0.19971,53.42924],[0.19742,53.42967],[0.19743,53.43054],[0.19438,53.43123],[0.19406,53.43358],[0.19289,53.436],[0.19008,53.43741],[0.19021,53.4393],[0.18888,53.44083],[0.18649,53.44216],[0.18412,53.44272],[0.1806,53.4427],[0.17938,53.44344],[0.17942,53.45132],[0.1777,53.45276],[0.17516,53.45603],[0.17473,53.45892],[0.17174,53.46224],[0.17024,53.46531],[0.16937,53.46837],[0.16719,53.47055],[0.16632,53.47338],[0.17363,53.47102],[0.16752,53.47676],[0.16269,53.48016],[0.15578,53.48627],[0.1479,53.49222],[0.14071,53.4948],[0.1396,53.49337],[0.14225,53.49164],[0.14362,53.48749],[0.14321,53.48542],[0.142,53.48449],[0.1399,53.48449],[0.13829,53.48547],[0.13682,53.48479],[0.13458,53.48492],[0.13501,53.48649],[0.13346,53.48755],[0.13254,53.48991],[0.12844,53.4935],[0.12494,53.4947],[0.12438,53.49635],[0.12954,53.49676],[0.12923,53.49928],[0.11575,53.50325],[0.11353,53.50338],[0.10852,53.50517],[0.10621,53.50506],[0.10612,53.50338],[0.1081,53.50185],[0.10846,53.49863],[0.11173,53.4958],[0.11237,53.49442],[0.1041,53.49537],[0.10268,53.49437],[0.10414,53.49268],[0.10169,53.49291],[0.10129,53.49457],[0.09776,53.49464],[0.09721,53.4935],[0.09412,53.49404],[0.09192,53.4955],[0.08957,53.49505],[0.08981,53.49731],[0.08619,53.49829],[0.08514,53.49923],[0.0859,53.50202],[0.08424,53.50247],[0.08337,53.50416],[0.08311,53.50694],[0.08172,53.51027],[0.08286,53.51125],[0.08464,53.51058],[0.08507,53.51277],[0.08747,53.51265],[0.08806,53.51148],[0.09057,53.51057],[0.08988,53.51373],[0.08671,53.51566],[0.08136,53.51721],[0.07776,53.51782],[0.08104,53.51544],[0.0796,53.51348],[0.07656,53.51317],[0.07525,53.51392],[0.07066,53.51518],[0.07085,53.51647],[0.07274,53.51675],[0.07251,53.51797],[0.06856,53.51868],[0.0611,53.51899],[0.05607,53.5197],[0.05385,53.51973],[0.04034,53.5247],[0.03546,53.52709],[0.02683,53.52971],[0.02889,53.52755],[0.03641,53.52386],[0.03846,53.52244],[0.04013,53.52007],[0.03989,53.51706],[0.04224,53.51579],[0.04668,53.51573],[0.04997,53.51435],[0.04412,53.51398],[0.03707,53.51723],[0.03498,53.51869],[0.03148,53.51726],[0.03066,53.51801],[0.03121,53.51895],[0.03282,53.52052],[0.03451,53.52121],[0.03352,53.52214],[0.02313,53.52405],[0.0215,53.52318],[0.01927,53.5234],[0.01762,53.52551],[0.01245,53.52337],[0.01195,53.52207],[0.00947,53.52096],[0.00762,53.52074],[0.00537,53.51967],[-0.00743,53.5168],[-0.01351,53.51662],[-0.01458,53.51541],[-0.01743,53.51507],[-0.01955,53.51798],[-0.02479,53.51709],[-0.02864,53.51734],[-0.03278,53.5165],[-0.03311,53.51539],[-0.03544,53.51422],[-0.03793,53.51393],[-0.0396,53.51312],[-0.04163,53.51623],[-0.04386,53.51839],[-0.04661,53.5201],[-0.04892,53.51948],[-0.05043,53.51985],[-0.05804,53.51998],[-0.06054,53.51975],[-0.06505,53.51874],[-0.06763,53.51596],[-0.06749,53.51412],[-0.06841,53.51332],[-0.06867,53.5114],[-0.07299,53.49853],[-0.07339,53.4953],[-0.07526,53.48934],[-0.07907,53.48942],[-0.0819,53.48777],[-0.0827,53.48818],[-0.08737,53.4859],[-0.08982,53.4853],[-0.09291,53.48603],[-0.09549,53.48599],[-0.0922,53.48285],[-0.09413,53.48127],[-0.09271,53.47965],[-0.0898,53.47768],[-0.10782,53.46986],[-0.10292,53.46566],[-0.09498,53.46136],[-0.08583,53.45554],[-0.08298,53.45277],[-0.08221,53.45115],[-0.08695,53.44964],[-0.08975,53.4471],[-0.09171,53.44701],[-0.11057,53.44002],[-0.11208,53.43795],[-0.12034,53.43356],[-0.12078,53.43566],[-0.12279,53.43735],[-0.12765,53.43577],[-0.13184,53.43593],[-0.13402,53.43903],[-0.13425,53.44074],[-0.13792,53.43996],[-0.13903,53.4415],[-0.1445,53.4409],[-0.14923,53.4467],[-0.15461,53.45573],[-0.15506,53.45721],[-0.15646,53.45746],[-0.15685,53.46097],[-0.15606,53.46173],[-0.15721,53.46293],[-0.15368,53.46568],[-0.15804,53.46512],[-0.15947,53.46802],[-0.16638,53.46683],[-0.16874,53.46742],[-0.17698,53.46803],[-0.17752,53.46867],[-0.1818,53.46865],[-0.18328,53.46938],[-0.18229,53.47168],[-0.1825,53.47613],[-0.18516,53.47718],[-0.18443,53.47933],[-0.18781,53.48042],[-0.18693,53.48204],[-0.18859,53.48295],[-0.18935,53.48478],[-0.19111,53.48392],[-0.19433,53.48378],[-0.19693,53.48517],[-0.2024,53.48665],[-0.2106,53.48629],[-0.20823,53.49194],[-0.20754,53.49497],[-0.20647,53.49677],[-0.20527,53.49705],[-0.20599,53.50112],[-0.20751,53.50293],[-0.20548,53.50477],[-0.20429,53.5065],[-0.20409,53.51177],[-0.20532,53.51416],[-0.20674,53.51557],[-0.20685,53.51671],[-0.21003,53.52067],[-0.21139,53.52167],[-0.21362,53.52636],[-0.21362,53.52748],[-0.21098,53.53049],[-0.21059,53.53171],[-0.21537,53.53237],[-0.21988,53.53261],[-0.21214,53.54105],[-0.2092,53.54319],[-0.2085,53.54444],[-0.20457,53.54791],[-0.20272,53.54988],[-0.19487,53.55751],[-0.18988,53.56101],[-0.18975,53.56272],[-0.18753,53.56361],[-0.19169,53.56847],[-0.19519,53.57162],[-0.1985,53.57012],[-0.20079,53.57039],[-0.20294,53.57146],[-0.20464,53.57161],[-0.2063,53.57023],[-0.20752,53.57084],[-0.21071,53.56945],[-0.21327,53.57009],[-0.21749,53.56845],[-0.21987,53.56945],[-0.22256,53.56802],[-0.2251,53.57028],[-0.22397,53.57218],[-0.22834,53.5735],[-0.22715,53.57475],[-0.22724,53.57614],[-0.23148,53.57958],[-0.23135,53.58109],[-0.2334,53.58289],[-0.23523,53.58557],[-0.23916,53.58816],[-0.24085,53.58665],[-0.24333,53.58578],[-0.24719,53.58684],[-0.25048,53.58447],[-0.25208,53.58501],[-0.24904,53.5869],[-0.25115,53.58828],[-0.24996,53.58988],[-0.25043,53.59073],[-0.24887,53.59198],[-0.24848,53.59366],[-0.25072,53.59384],[-0.25447,53.59249],[-0.25936,53.59697],[-0.26159,53.59573],[-0.2683,53.59941],[-0.26981,53.59862],[-0.27523,53.60233],[-0.2786,53.60349],[-0.28304,53.6045],[-0.28119,53.60626],[-0.28548,53.60928],[-0.28708,53.6118],[-0.29042,53.61063],[-0.29229,53.61354],[-0.29824,53.61256],[-0.30093,53.61639],[-0.3063,53.61406],[-0.30856,53.61433],[-0.30619,53.60739],[-0.30501,53.60582],[-0.30509,53.60473],[-0.30313,53.60289],[-0.30405,53.60055],[-0.30075,53.59554],[-0.30458,53.59386],[-0.30342,53.59079],[-0.30698,53.59026],[-0.31087,53.59015],[-0.31033,53.58834],[-0.31287,53.58707],[-0.31244,53.58576],[-0.3144,53.58558],[-0.31429,53.58395],[-0.31762,53.58096],[-0.32095,53.57957],[-0.32001,53.57896],[-0.32361,53.57604],[-0.32283,53.57535],[-0.32681,53.57114],[-0.33594,53.55863],[-0.34866,53.55951],[-0.34586,53.55796],[-0.34793,53.55606],[-0.34938,53.55581],[-0.35632,53.55605],[-0.35989,53.55783],[-0.3628,53.55862],[-0.36837,53.55898],[-0.37323,53.55896],[-0.38835,53.55975],[-0.40011,53.56142],[-0.40884,53.56212],[-0.41967,53.56377],[-0.42433,53.56965],[-0.42819,53.5726],[-0.429,53.57452],[-0.43409,53.57282],[-0.43941,53.57029],[-0.44035,53.56878],[-0.44196,53.56763],[-0.44253,53.56626],[-0.44509,53.56384],[-0.44767,53.56269],[-0.44942,53.56128],[-0.45078,53.55797],[-0.45238,53.55944],[-0.45766,53.55887],[-0.46086,53.55805],[-0.46273,53.55596],[-0.46567,53.55602],[-0.46716,53.55369],[-0.46671,53.54973],[-0.46702,53.54896],[-0.47304,53.54882],[-0.47486,53.54814],[-0.47653,53.54591],[-0.4811,53.54583],[-0.48364,53.54528],[-0.49091,53.54587],[-0.49187,53.54396],[-0.49407,53.5418],[-0.49658,53.54011],[-0.50056,53.53842],[-0.50034,53.53747],[-0.48137,53.53825],[-0.47393,53.53909],[-0.46342,53.54085],[-0.45418,53.54296],[-0.45068,53.54315],[-0.45034,53.54404],[-0.44641,53.54457],[-0.44259,53.54624],[-0.43932,53.54643],[-0.43704,53.54596],[-0.43373,53.54586],[-0.43066,53.54634],[-0.42769,53.54426],[-0.4274,53.54095],[-0.42186,53.53445],[-0.41829,53.53481],[-0.4144,53.53584],[-0.40815,53.53211],[-0.40782,53.53011],[-0.40949,53.52912],[-0.40851,53.52729],[-0.40617,53.5245],[-0.40583,53.52224],[-0.40686,53.52017],[-0.40507,53.51762],[-0.41348,53.51552],[-0.41553,53.51469],[-0.41767,53.5147],[-0.4216,53.51404],[-0.42501,53.51273],[-0.42732,53.51225],[-0.43901,53.51092],[-0.44404,53.50939],[-0.44997,53.50867],[-0.45237,53.50871],[-0.46156,53.50998],[-0.46697,53.50972],[-0.47069,53.50912],[-0.47584,53.50898],[-0.47856,53.50839],[-0.48132,53.50697],[-0.48836,53.50484],[-0.48515,53.50359],[-0.4824,53.50039],[-0.48069,53.49625],[-0.48318,53.49345],[-0.48501,53.49035],[-0.48722,53.48875],[-0.48745,53.48606],[-0.48864,53.48509],[-0.48616,53.47991],[-0.48151,53.47837],[-0.47356,53.47664],[-0.47175,53.47487],[-0.48355,53.47242],[-0.50003,53.46962],[-0.50532,53.46819],[-0.50878,53.46776],[-0.5127,53.46778],[-0.52971,53.46382],[-0.55171,53.46081],[-0.55179,53.45952],[-0.56605,53.45813],[-0.58448,53.45686],[-0.59717,53.45674],[-0.59948,53.4564],[-0.6134,53.45695],[-0.62167,53.45782],[-0.62975,53.45822],[-0.62716,53.4604],[-0.62665,53.46206],[-0.62903,53.46505],[-0.63481,53.46955],[-0.63335,53.4704],[-0.6348,53.47239],[-0.63255,53.47383],[-0.6326,53.4754],[-0.63434,53.48001],[-0.63241,53.48011],[-0.63199,53.48135],[-0.63406,53.4854],[-0.63013,53.48599],[-0.63129,53.48831],[-0.62845,53.48878],[-0.62864,53.49077],[-0.62573,53.49558],[-0.62577,53.49867],[-0.62819,53.50682],[-0.62449,53.51284],[-0.64425,53.51325],[-0.65835,53.51386],[-0.67571,53.51253],[-0.67865,53.51371],[-0.68075,53.51354],[-0.68167,53.51459],[-0.68471,53.51412],[-0.68646,53.51601],[-0.68888,53.51576],[-0.69544,53.51629],[-0.69772,53.51615],[-0.70158,53.51418],[-0.71389,53.51685],[-0.72636,53.51894],[-0.73012,53.51943],[-0.73857,53.51988],[-0.74211,53.51041],[-0.74813,53.50442],[-0.75106,53.50054],[-0.7546,53.4997],[-0.76116,53.50046],[-0.76591,53.49989],[-0.76776,53.49763],[-0.7678,53.49432],[-0.76901,53.49327],[-0.77287,53.49104],[-0.775,53.48876],[-0.77471,53.48773],[-0.7709,53.48292],[-0.77062,53.47967],[-0.77257,53.47813],[-0.77765,53.47825],[-0.78258,53.47727],[-0.78401,53.47621],[-0.78495,53.47365],[-0.7836,53.46438],[-0.78522,53.46193],[-0.7931,53.45683],[-0.79992,53.45313],[-0.80196,53.45109],[-0.80468,53.44732],[-0.80902,53.44352],[-0.81159,53.4426],[-0.81897,53.44126],[-0.81997,53.44064],[-0.81855,53.43667],[-0.8155,53.43244],[-0.81758,53.42759],[-0.81722,53.42635],[-0.80778,53.41964],[-0.80426,53.41781],[-0.79651,53.41529],[-0.7947,53.41496],[-0.79045,53.41573],[-0.78804,53.41525],[-0.78788,53.41428],[-0.7907,53.4118],[-0.79098,53.41088],[-0.78766,53.40445],[-0.78525,53.40225],[-0.77984,53.39977],[-0.77761,53.39809],[-0.77649,53.39651],[-0.77658,53.39358],[-0.77572,53.39125],[-0.77723,53.38931],[-0.78396,53.38609],[-0.78876,53.38618],[-0.78971,53.38583],[-0.78003,53.38301],[-0.77464,53.37916],[-0.77517,53.37709],[-0.7811,53.37609],[-0.78516,53.3746],[-0.78873,53.36958],[-0.79011,53.36829],[-0.78949,53.36514],[-0.78989,53.36323],[-0.7852,53.36293],[-0.78062,53.36168],[-0.77679,53.36475],[-0.77457,53.36495],[-0.77283,53.36418],[-0.76545,53.35636],[-0.76374,53.35556],[-0.75966,53.3549],[-0.75809,53.35388],[-0.75833,53.3522],[-0.75944,53.35128],[-0.76232,53.35008],[-0.76429,53.34634],[-0.76325,53.34476],[-0.7577,53.3421],[-0.75632,53.34072],[-0.75618,53.33943],[-0.7595,53.33646],[-0.7601,53.33354],[-0.76155,53.33203],[-0.7652,53.33137],[-0.76593,53.33012],[-0.76184,53.32725],[-0.75991,53.32503],[-0.7582,53.32478],[-0.7537,53.32563],[-0.7515,53.32551],[-0.74968,53.32462],[-0.74953,53.32261],[-0.75269,53.32057],[-0.75321,53.31895],[-0.7533,53.31351],[-0.75189,53.30942],[-0.74685,53.30539],[-0.74623,53.30351],[-0.75009,53.29376],[-0.75352,53.29248],[-0.75815,53.29256],[-0.7596,53.29366],[-0.75904,53.2972],[-0.76076,53.29908],[-0.76255,53.29918],[-0.76425,53.29818],[-0.76411,53.29498],[-0.76476,53.2932],[-0.7665,53.2913],[-0.77409,53.28643],[-0.77722,53.28386],[-0.77715,53.28212],[-0.7742,53.28047],[-0.77216,53.27808],[-0.76796,53.27554],[-0.76481,53.27439],[-0.76365,53.27309],[-0.76372,53.27187],[-0.76494,53.26995],[-0.77241,53.26113],[-0.77256,53.25852],[-0.77209,53.25588],[-0.76978,53.25393],[-0.7698,53.2527],[-0.77209,53.25232],[-0.7767,53.25249],[-0.77791,53.25212],[-0.7777,53.25058],[-0.7763,53.24847],[-0.77651,53.24677],[-0.77795,53.24437],[-0.778,53.24275],[-0.77701,53.23893],[-0.77793,53.23687],[-0.77755,53.23479],[-0.78112,53.23056],[-0.78252,53.22752],[-0.78285,53.22561],[-0.78216,53.22377],[-0.7763,53.21855],[-0.7768,53.21648],[-0.77513,53.21461],[-0.7782,53.21248],[-0.77682,53.20937],[-0.77508,53.20798],[-0.77593,53.20613],[-0.77891,53.20467],[-0.77923,53.20276],[-0.77649,53.20067],[-0.77634,53.19957],[-0.78046,53.19559],[-0.78108,53.19351],[-0.78053,53.19151],[-0.78201,53.19014],[-0.78336,53.18991],[-0.78804,53.19045],[-0.79033,53.18977],[-0.79193,53.18678],[-0.79018,53.18402],[-0.79124,53.18402],[-0.79319,53.18657],[-0.79101,53.19038],[-0.78803,53.1911],[-0.7836,53.19066],[-0.78175,53.19141],[-0.78217,53.1943],[-0.78097,53.19645],[-0.77756,53.19978],[-0.78052,53.20247],[-0.78093,53.2038],[-0.77977,53.2053],[-0.77655,53.20676],[-0.776,53.20788],[-0.77743,53.20889],[-0.77866,53.21099],[-0.77906,53.21295],[-0.77611,53.21478],[-0.7777,53.21637],[-0.77778,53.21828],[-0.77883,53.21997],[-0.7839,53.2242],[-0.78354,53.22806],[-0.78213,53.23108],[-0.77878,53.23507],[-0.77867,53.23702],[-0.7778,53.23892],[-0.77895,53.24163],[-0.77925,53.24376],[-0.77724,53.24839],[-0.77902,53.25121],[-0.77879,53.25236],[-0.7765,53.25301],[-0.77166,53.25278],[-0.77079,53.25333],[-0.77293,53.25548],[-0.77364,53.26026],[-0.77311,53.26229],[-0.76545,53.27126],[-0.76491,53.27281],[-0.76604,53.27418],[-0.77025,53.27555],[-0.7738,53.27744],[-0.77578,53.28003],[-0.7783,53.28187],[-0.779,53.28349],[-0.77803,53.28514],[-0.77406,53.28806],[-0.77081,53.28969],[-0.76559,53.29404],[-0.76508,53.2958],[-0.76573,53.29838],[-0.76467,53.29953],[-0.76195,53.30006],[-0.76008,53.29965],[-0.7589,53.29861],[-0.75789,53.29613],[-0.75835,53.29404],[-0.75637,53.29283],[-0.75256,53.29325],[-0.75078,53.29456],[-0.74933,53.30186],[-0.74787,53.30447],[-0.74862,53.30552],[-0.75313,53.3088],[-0.7541,53.31025],[-0.75483,53.31469],[-0.75436,53.32021],[-0.75318,53.32168],[-0.75069,53.32303],[-0.75047,53.32417],[-0.75305,53.32482],[-0.75715,53.32405],[-0.76077,53.32433],[-0.76315,53.32726],[-0.76601,53.32893],[-0.76695,53.33008],[-0.7658,53.33182],[-0.76197,53.33315],[-0.76074,53.33654],[-0.75722,53.33969],[-0.75781,53.3413],[-0.76034,53.34287],[-0.76385,53.34434],[-0.76521,53.34591],[-0.76474,53.34816],[-0.7624,53.35086],[-0.75948,53.35196],[-0.75915,53.35366],[-0.76036,53.35443],[-0.76395,53.35501],[-0.76635,53.35597],[-0.7734,53.36345],[-0.77441,53.36412],[-0.77678,53.36364],[-0.77906,53.3614],[-0.78092,53.36092],[-0.78678,53.36239],[-0.79009,53.36264],[-0.7915,53.36353],[-0.79061,53.36585],[-0.79123,53.36893],[-0.78902,53.37112],[-0.78653,53.37467],[-0.78321,53.37627],[-0.77993,53.37716],[-0.77948,53.37934],[-0.77586,53.37784],[-0.78225,53.38241],[-0.78399,53.38326],[-0.7904,53.38515],[-0.79074,53.38613],[-0.78923,53.38687],[-0.78522,53.38699],[-0.7824,53.38765],[-0.77822,53.38964],[-0.77705,53.39141],[-0.77765,53.39689],[-0.77946,53.39875],[-0.7844,53.40078],[-0.78808,53.40344],[-0.79077,53.40727],[-0.79174,53.4093],[-0.79204,53.41154],[-0.79131,53.41263],[-0.7889,53.41428],[-0.7908,53.41479],[-0.79467,53.41401],[-0.80413,53.41698],[-0.80929,53.4196],[-0.81417,53.42334],[-0.8183,53.42598],[-0.81853,53.42806],[-0.81664,53.43207],[-0.82002,53.43707],[-0.82111,53.44029],[-0.81875,53.44221],[-0.81208,53.44319],[-0.80987,53.44382],[-0.80515,53.44811],[-0.80138,53.45311],[-0.79811,53.45523],[-0.80544,53.4572],[-0.81354,53.45846],[-0.81845,53.45956],[-0.87192,53.46631],[-0.87374,53.46148],[-0.88635,53.46214],[-0.88999,53.46181],[-0.89659,53.46189],[-0.90061,53.46105],[-0.91004,53.46104],[-0.91265,53.46046],[-0.91482,53.46087],[-0.91625,53.4603],[-0.92046,53.46448],[-0.92025,53.46551],[-0.91209,53.46995],[-0.90218,53.47373],[-0.90047,53.47516],[-0.93556,53.50252],[-0.95326,53.48442],[-0.97687,53.47518],[-0.98163,53.47472],[-0.98598,53.47167],[-0.9833,53.46804],[-0.98555,53.46135],[-0.99365,53.45296],[-0.99118,53.45172],[-0.99431,53.44894],[-0.99482,53.4471],[-0.99752,53.44366],[-0.99713,53.44248],[-0.99848,53.43884],[-0.99592,53.43786],[-0.99567,53.43693],[-1.00038,53.435],[-1.00296,53.43473],[-1.0051,53.4338],[-1.00868,53.4339],[-1.00989,53.43283],[-1.01246,53.4328],[-1.01253,53.43072],[-1.0143,53.42728],[-1.01436,53.4263],[-1.01818,53.42676],[-1.02243,53.42631],[-1.02317,53.42451],[-1.03052,53.4252],[-1.02884,53.42929],[-1.03071,53.42992],[-1.03095,53.43098],[-1.03653,53.43053],[-1.04026,53.42976],[-1.04459,53.42809],[-1.05489,53.42546],[-1.05705,53.42536],[-1.06786,53.42772],[-1.07327,53.42806],[-1.07467,53.42731],[-1.08044,53.42687],[-1.07912,53.42281],[-1.08333,53.42299],[-1.08487,53.42486],[-1.08705,53.42554],[-1.09292,53.42155],[-1.09874,53.41873],[-1.10504,53.40967],[-1.10823,53.40588],[-1.11163,53.40607],[-1.11604,53.40735],[-1.11514,53.40186],[-1.11592,53.39802],[-1.12281,53.39831],[-1.12921,53.3936],[-1.13151,53.39394],[-1.13469,53.38977],[-1.13131,53.38956],[-1.13095,53.38556],[-1.13245,53.38398],[-1.13305,53.38159],[-1.1305,53.37889],[-1.13,53.37757],[-1.13054,53.37557],[-1.13366,53.37487],[-1.13414,53.37323],[-1.13822,53.37225],[-1.14074,53.37202],[-1.1428,53.37127],[-1.14492,53.37125],[-1.14603,53.36904],[-1.14421,53.36827],[-1.14423,53.36738],[-1.14644,53.36573],[-1.14642,53.36395],[-1.14518,53.36338],[-1.14055,53.36406],[-1.13898,53.36139],[-1.13924,53.35986],[-1.13854,53.35591],[-1.14495,53.35533],[-1.14528,53.35486],[-1.1491,53.35435],[-1.15169,53.35449],[-1.16195,53.35791],[-1.16262,53.35674],[-1.16162,53.3557],[-1.16242,53.35161],[-1.15987,53.34997],[-1.1601,53.34894],[-1.15815,53.3477],[-1.15684,53.34497],[-1.15267,53.34468],[-1.14957,53.34531],[-1.14491,53.3457],[-1.14155,53.3468],[-1.14029,53.34653],[-1.13936,53.34473],[-1.13872,53.34138],[-1.14091,53.34097],[-1.14542,53.34073],[-1.14862,53.33851],[-1.15938,53.33351],[-1.16087,53.33112],[-1.16388,53.32928],[-1.1689,53.32824],[-1.17148,53.32652],[-1.17511,53.32568],[-1.17531,53.32451],[-1.17405,53.32359],[-1.17448,53.32139],[-1.18042,53.32105],[-1.18661,53.31959],[-1.19011,53.3195],[-1.19242,53.31899],[-1.19437,53.31487],[-1.1972,53.31467],[-1.20303,53.30723],[-1.20211,53.30606],[-1.20324,53.30422],[-1.20571,53.30429],[-1.20981,53.30532],[-1.2125,53.30545],[-1.21874,53.30405],[-1.23044,53.30856],[-1.2323,53.30828],[-1.2372,53.30611],[-1.23873,53.30445],[-1.24333,53.30165],[-1.24494,53.30169],[-1.24788,53.30269],[-1.25103,53.30189],[-1.25429,53.30175],[-1.25818,53.30341],[-1.26131,53.30394],[-1.26415,53.3054],[-1.26781,53.30582],[-1.26945,53.30786],[-1.26964,53.3091],[-1.27155,53.30931],[-1.27411,53.31052],[-1.27643,53.30921],[-1.28201,53.30946],[-1.28531,53.31161],[-1.29366,53.31398],[-1.29473,53.31527],[-1.29569,53.31971],[-1.29516,53.32179],[-1.29395,53.32278],[-1.29011,53.32314],[-1.28859,53.32623],[-1.29123,53.32798],[-1.2971,53.33065],[-1.29907,53.33253],[-1.30221,53.33253],[-1.30597,53.33377],[-1.3123,53.33416],[-1.3115,53.33211],[-1.31144,53.33025],[-1.31301,53.32936],[-1.31368,53.32732],[-1.31837,53.32601],[-1.32161,53.3255],[-1.3223,53.32753],[-1.32476,53.32709],[-1.32467,53.32881],[-1.32766,53.32913],[-1.32877,53.3277],[-1.32816,53.32681],[-1.33242,53.3235],[-1.33231,53.32206],[-1.33456,53.32102],[-1.33452,53.32033],[-1.33658,53.31796],[-1.33655,53.3166],[-1.33767,53.31587],[-1.34026,53.31553],[-1.34089,53.31699],[-1.34305,53.3179],[-1.34724,53.31887],[-1.35347,53.31911],[-1.36178,53.31849],[-1.36295,53.31757],[-1.36192,53.31577],[-1.36262,53.31504],[-1.36545,53.31588],[-1.37165,53.31608],[-1.37413,53.31725],[-1.37704,53.31742],[-1.38062,53.31699],[-1.38366,53.31783],[-1.38674,53.31763],[-1.38993,53.31851],[-1.392,53.32265],[-1.39043,53.32608],[-1.3912,53.32829],[-1.39034,53.33102],[-1.39072,53.33164],[-1.38873,53.33318],[-1.38792,53.33452],[-1.38892,53.33623],[-1.3907,53.33598],[-1.4064,53.3394],[-1.40679,53.34085],[-1.40875,53.34197],[-1.41103,53.34199],[-1.41303,53.33962],[-1.41611,53.33701],[-1.42087,53.33457],[-1.42349,53.33594],[-1.42779,53.33615],[-1.43361,53.33769],[-1.43674,53.33745],[-1.44087,53.33637],[-1.44303,53.33726],[-1.4508,53.33157],[-1.45394,53.33072],[-1.45988,53.33069],[-1.45664,53.32939],[-1.45828,53.32873],[-1.45994,53.3297],[-1.4617,53.32845],[-1.46024,53.32725],[-1.45659,53.3263],[-1.45637,53.32511],[-1.45431,53.32428],[-1.45582,53.32347],[-1.45522,53.32187],[-1.45728,53.32177],[-1.45726,53.32071],[-1.45973,53.31973],[-1.46167,53.32021],[-1.46962,53.31719],[-1.47692,53.31928],[-1.47969,53.31872],[-1.48472,53.31875],[-1.49107,53.31738],[-1.4931,53.31673],[-1.50071,53.3159],[-1.50213,53.31758],[-1.51049,53.31605],[-1.5159,53.31341],[-1.51734,53.31221],[-1.5212,53.31286],[-1.52163,53.31174],[-1.52418,53.31246],[-1.52579,53.3121],[-1.52619,53.3104],[-1.52941,53.31092],[-1.53201,53.3099],[-1.53184,53.30875],[-1.53341,53.30765],[-1.53312,53.30622],[-1.53677,53.30475],[-1.54166,53.30467],[-1.5426,53.30529],[-1.54686,53.30665],[-1.54908,53.30698],[-1.5504,53.30623],[-1.55479,53.30609],[-1.55685,53.30547],[-1.56183,53.3066],[-1.55969,53.30824],[-1.55912,53.30974],[-1.55655,53.31144],[-1.55849,53.31372],[-1.56018,53.3137],[-1.56136,53.31582],[-1.56226,53.3158],[-1.56409,53.31363],[-1.56609,53.31357],[-1.5675,53.31476],[-1.57049,53.31437],[-1.57391,53.31338],[-1.57316,53.31277],[-1.58053,53.31174],[-1.58124,53.31431],[-1.583,53.31572],[-1.57892,53.3167],[-1.5849,53.32159],[-1.5869,53.3214],[-1.58677,53.31993],[-1.59038,53.3183],[-1.59909,53.31132],[-1.5992,53.31461],[-1.60067,53.31567],[-1.60153,53.31821],[-1.60389,53.31914],[-1.6092,53.32266],[-1.61943,53.31826],[-1.62506,53.31653],[-1.62828,53.31638],[-1.63273,53.32084],[-1.62684,53.32537],[-1.62792,53.32585],[-1.62726,53.32855],[-1.62358,53.33046],[-1.62209,53.33168],[-1.62211,53.33367],[-1.61951,53.33538],[-1.6168,53.33638],[-1.61214,53.34162],[-1.6123,53.34322],[-1.60881,53.3433],[-1.60764,53.34271],[-1.60425,53.34241],[-1.60158,53.34261],[-1.59146,53.34495],[-1.59055,53.34592],[-1.61563,53.35085],[-1.6256,53.35206],[-1.62835,53.3538],[-1.63059,53.35616],[-1.65788,53.36418],[-1.66395,53.36689],[-1.66391,53.36933],[-1.66271,53.37316],[-1.66329,53.37425],[-1.66178,53.37629],[-1.65602,53.38171],[-1.65353,53.38485],[-1.65382,53.39191],[-1.65472,53.39303],[-1.65901,53.3935],[-1.66511,53.39353],[-1.66809,53.39307],[-1.67298,53.39694],[-1.68183,53.40178],[-1.69452,53.40116],[-1.70497,53.40506],[-1.70397,53.40581],[-1.70413,53.40829],[-1.703,53.41066],[-1.70385,53.41263],[-1.70323,53.41372],[-1.70395,53.41491],[-1.70853,53.41734],[-1.71088,53.41751],[-1.71402,53.41907],[-1.71832,53.41943],[-1.72335,53.41892],[-1.72515,53.41764],[-1.72995,53.41599],[-1.7324,53.41718],[-1.73508,53.41969],[-1.73976,53.42099],[-1.74501,53.42529],[-1.74672,53.42616],[-1.74626,53.42778],[-1.74412,53.42957],[-1.7449,53.43242],[-1.74856,53.4356],[-1.74973,53.43912],[-1.74711,53.441],[-1.74367,53.44501],[-1.74466,53.44731],[-1.74428,53.44845],[-1.74657,53.45127],[-1.74621,53.45207],[-1.74713,53.45428],[-1.74666,53.4555],[-1.74817,53.45733],[-1.74708,53.45794],[-1.74649,53.46071],[-1.74526,53.46199],[-1.74783,53.46406],[-1.75215,53.46492],[-1.75571,53.46392],[-1.7594,53.46356],[-1.76469,53.46395],[-1.76844,53.46477],[-1.7705,53.46693],[-1.77272,53.46702],[-1.7762,53.46833],[-1.77804,53.47045],[-1.77797,53.47248],[-1.77906,53.47422],[-1.78081,53.47497],[-1.7857,53.47572],[-1.78645,53.47535],[-1.79071,53.47569],[-1.79432,53.47726],[-1.79532,53.4784],[-1.79833,53.47867],[-1.80147,53.48099],[-1.80186,53.48655],[-1.80025,53.48811],[-1.80026,53.49336],[-1.79817,53.49335],[-1.79585,53.49429],[-1.795,53.49592],[-1.79508,53.49819],[-1.79587,53.49949],[-1.79629,53.50315],[-1.79903,53.50467],[-1.80395,53.50507],[-1.80776,53.5061],[-1.8104,53.50634],[-1.80078,53.51138],[-1.80687,53.51209],[-1.80993,53.51189],[-1.8136,53.5121],[-1.81952,53.51343],[-1.82079,53.51851],[-1.82259,53.52002],[-1.82275,53.52191],[-1.82715,53.52351],[-1.82893,53.52318],[-1.83527,53.52059],[-1.83953,53.51982],[-1.84182,53.51991],[-1.84424,53.52178],[-1.84399,53.52256],[-1.84568,53.52473],[-1.84704,53.52543],[-1.85062,53.52622],[-1.85665,53.53002],[-1.85954,53.53365],[-1.86343,53.53496],[-1.87065,53.53928],[-1.87349,53.54043],[-1.87585,53.54041],[-1.88269,53.53915],[-1.88705,53.53587],[-1.89411,53.53361],[-1.89836,53.5378],[-1.90211,53.53864],[-1.90889,53.53873],[-1.90962,53.53839],[-1.91189,53.53803],[-1.91425,53.53671],[-1.91578,53.53295],[-1.91739,53.5322],[-1.92244,53.53082],[-1.92261,53.52633],[-1.92348,53.52296],[-1.92678,53.52095],[-1.92269,53.51838],[-1.92186,53.51718],[-1.91677,53.5145],[-1.9175,53.51308],[-1.92197,53.50995],[-1.9244,53.50957],[-1.92608,53.50866],[-1.92878,53.50809],[-1.9355,53.50579],[-1.93825,53.5064],[-1.94243,53.50661],[-1.94689,53.50455],[-1.95133,53.5042],[-1.95567,53.50446],[-1.95947,53.50591],[-1.96126,53.50728],[-1.96339,53.50983],[-1.96744,53.50664],[-1.97132,53.50456],[-1.97272,53.50249],[-1.97197,53.5002],[-1.97249,53.49905],[-1.97078,53.49522],[-1.97226,53.49162],[-1.97377,53.4901],[-1.97428,53.48838],[-1.97665,53.48632],[-1.98146,53.48526],[-1.98467,53.48323],[-1.98571,53.48174],[-1.9874,53.48158],[-1.9891,53.47682],[-1.98932,53.47511],[-1.98737,53.47277],[-1.98853,53.47002],[-1.98761,53.46959],[-1.98673,53.46751],[-1.98421,53.46682],[-1.98153,53.46451],[-1.98091,53.46287],[-1.98816,53.4606],[-1.98743,53.4589],[-1.98766,53.45688],[-1.98556,53.45576],[-1.9869,53.45432],[-1.98945,53.45402],[-1.99315,53.4523],[-1.99503,53.4506],[-1.99476,53.44691],[-1.99639,53.44577],[-1.99938,53.44585],[-2.00253,53.44412],[-2.00376,53.4429],[-2.00661,53.44241],[-2.00831,53.44145],[-2.00642,53.44044],[-2.00469,53.43801],[-2.00543,53.43714],[-2.00422,53.43592],[-2.00717,53.4357],[-2.01004,53.43726],[-2.0123,53.43992],[-2.01472,53.43957],[-2.01656,53.4381],[-2.01785,53.43839],[-2.01952,53.43579],[-2.02245,53.43432],[-2.02275,53.4331],[-2.02673,53.43269],[-2.02732,53.43189],[-2.02626,53.42987],[-2.02415,53.42795],[-2.02047,53.42669],[-2.01972,53.42512],[-2.02128,53.42258],[-2.02344,53.42175],[-2.02371,53.42055],[-2.01668,53.4193],[-2.01702,53.41814],[-2.01477,53.41785],[-2.01522,53.41663],[-2.0137,53.41589],[-2.01065,53.41673],[-2.00509,53.41503],[-2.00025,53.41527],[-1.99233,53.41519],[-1.99397,53.41318],[-1.9933,53.41191],[-1.99399,53.40919],[-1.99515,53.40776],[-1.99618,53.40467],[-1.99739,53.40354],[-2.00177,53.39649],[-2.00448,53.39376],[-2.00518,53.39239],[-2.00464,53.38633],[-2.01306,53.3841],[-2.01511,53.38057],[-2.01698,53.3815],[-2.01859,53.38021],[-2.01708,53.37783],[-2.02094,53.3776],[-2.02063,53.37616],[-2.02147,53.37506],[-2.02621,53.37362],[-2.02804,53.37395],[-2.03069,53.37519],[-2.03378,53.37509],[-2.03083,53.37292],[-2.02862,53.37073],[-2.03106,53.37026],[-2.03411,53.3678],[-2.03212,53.36642],[-2.03017,53.36623],[-2.02705,53.36371],[-2.02496,53.3641],[-2.02351,53.36641],[-2.02181,53.36678],[-2.01743,53.36565],[-2.01627,53.36335],[-2.01175,53.36162],[-2.00905,53.36201],[-2.01069,53.35825],[-2.01044,53.35524],[-2.00679,53.35457],[-2.00727,53.35347],[-2.0067,53.35166],[-2.00842,53.3511],[-2.00771,53.34929],[-2.00784,53.34777],[-2.00466,53.34601],[-2.01014,53.3419],[-2.01432,53.34006],[-2.01339,53.33567],[-2.01365,53.33242],[-2.00928,53.33139],[-2.01081,53.32979],[-2.0118,53.3276],[-2.01155,53.32595],[-2.01027,53.3229],[-2.00605,53.32167],[-2.00373,53.32166],[-2.00155,53.31892],[-2.00318,53.31695],[-2.0042,53.31461],[-2.00433,53.31116],[-2.00867,53.30451],[-2.00933,53.30231],[-2.0087,53.30018],[-2.00865,53.29466],[-2.00964,53.28944],[-2.00817,53.28943],[-2.00827,53.28348],[-2.00928,53.28007],[-2.00813,53.27671],[-2.0074,53.27591],[-2.00664,53.27157],[-2.0052,53.26904],[-2.00541,53.26759],[-2.00773,53.26452],[-2.00942,53.26061],[-2.00036,53.2554],[-2.00103,53.25385],[-2.00186,53.24854],[-1.99922,53.24635],[-1.99971,53.24502],[-1.99112,53.24102],[-1.98804,53.24026],[-1.98374,53.23863],[-1.9819,53.23856],[-1.97898,53.23318],[-1.97483,53.23082],[-1.97495,53.22851],[-1.9759,53.22759],[-1.98339,53.2258],[-1.98584,53.22575],[-1.99025,53.22302],[-1.99016,53.22103],[-1.98915,53.21957],[-1.98963,53.21581],[-1.98738,53.2136]]],[[[0.26878,52.81586],[0.26448,52.81582],[0.26747,52.81326],[0.26878,52.81586]]],[[[0.26745,52.81322],[0.26352,52.81552],[0.25784,52.81601],[0.25299,52.81832],[0.25259,52.81935],[0.24722,52.82049],[0.24526,52.822],[0.23885,52.822],[0.23459,52.82331],[0.22922,52.82381],[0.22679,52.82254],[0.22505,52.82228],[0.22256,52.82299],[0.22147,52.82166],[0.21894,52.82158],[0.21681,52.82088],[0.21579,52.81771],[0.20718,52.78781],[0.20106,52.77559],[0.1954,52.76563],[0.19197,52.76195],[0.17211,52.73794],[0.18632,52.73535],[0.19228,52.73834],[0.19482,52.73872],[0.19659,52.7422],[0.21175,52.74954],[0.21737,52.75325],[0.22781,52.75717],[0.23316,52.76027],[0.24395,52.764],[0.2475,52.76484],[0.2517,52.76713],[0.25408,52.76717],[0.26589,52.77165],[0.26992,52.77205],[0.27223,52.77281],[0.24504,52.78447],[0.25199,52.79257],[0.26096,52.79608],[0.25312,52.79741],[0.26207,52.80362],[0.26401,52.80551],[0.26393,52.80625],[0.26745,52.81322]]],[[[0.20983,52.82696],[0.20891,52.82688],[0.20756,52.8269],[0.20455,52.82597],[0.20558,52.82491],[0.20619,52.82511],[0.20768,52.82538],[0.20968,52.82588],[0.21045,52.82633],[0.20994,52.82666],[0.20983,52.82696]]],[[[0.21516,52.82851],[0.21341,52.8287],[0.20951,52.82726],[0.20995,52.82704],[0.21009,52.82671],[0.21377,52.82722],[0.21516,52.82851]]],[[[0.11673,52.89159],[0.11673,52.89321],[0.11426,52.89208],[0.11334,52.88991],[0.11456,52.88893],[0.11673,52.89159]]],[[[0.11647,52.89355],[0.11372,52.89404],[0.10846,52.89442],[0.10043,52.89421],[0.10054,52.89342],[0.09991,52.89258],[0.10028,52.88871],[0.10109,52.88811],[0.10124,52.88685],[0.10229,52.88501],[0.10259,52.88415],[0.10909,52.88334],[0.11149,52.88391],[0.11342,52.88855],[0.113,52.88998],[0.11388,52.89211],[0.11647,52.89355]]],[[[0.04662,52.91483],[0.04416,52.91485],[0.04286,52.91264],[0.04324,52.91082],[0.04519,52.91103],[0.04876,52.91344],[0.04662,52.91483]]],[[[0.0531,52.91622],[0.04736,52.9161],[0.04685,52.91503],[0.04942,52.91376],[0.0531,52.91622]]],[[[0.06294,52.91682],[0.06076,52.91541],[0.05901,52.91634],[0.04176,52.90529],[0.03695,52.90244],[0.03304,52.90043],[0.0317,52.89837],[0.03299,52.89762],[0.03271,52.89709],[0.03488,52.89698],[0.03508,52.89824],[0.03743,52.8996],[0.0419,52.8991],[0.04395,52.89971],[0.04637,52.90162],[0.04852,52.90226],[0.05316,52.90207],[0.05475,52.90331],[0.05817,52.90459],[0.06179,52.90512],[0.0646,52.90623],[0.06536,52.90711],[0.0679,52.9076],[0.06514,52.90888],[0.06756,52.91145],[0.06532,52.91204],[0.0679,52.91503],[0.0663,52.91518],[0.06534,52.91509],[0.06342,52.91447],[0.06433,52.91512],[0.06294,52.91453],[0.06252,52.91471],[0.06286,52.91561],[0.06434,52.91608],[0.06294,52.91682]]],[[[0.06908,52.91834],[0.06695,52.91859],[0.06424,52.91805],[0.06328,52.91734],[0.06422,52.91653],[0.06436,52.91603],[0.06313,52.91554],[0.06274,52.9149],[0.06474,52.91561],[0.06503,52.91508],[0.06848,52.91568],[0.06789,52.917],[0.06908,52.91834]]],[[[0.09798,52.96236],[0.09654,52.96371],[0.09369,52.96107],[0.0951,52.96063],[0.09735,52.96062],[0.09798,52.96236]]],[[[0.101,52.96751],[0.0993,52.9676],[0.09873,52.96606],[0.09691,52.96415],[0.09918,52.96314],[0.09981,52.96527],[0.10122,52.96604],[0.101,52.96751]]],[[[0.03557,53.52018],[0.0341,53.52087],[0.03307,53.51949],[0.0313,53.5189],[0.03138,53.51743],[0.03427,53.5189],[0.03557,53.52018]]]]}},{"type":"Feature","properties":{"countryCode":"GB","code":"E12000005","nom":"Midlands de l'Ouest","outreMer":false},"geometry":{"type":"Polygon","coordinates":[[[-2.72684,52.98327],[-2.72659,52.98178],[-2.72931,52.97873],[-2.73208,52.97696],[-2.73073,52.97485],[-2.73329,52.97154],[-2.73529,52.96995],[-2.73288,52.96755],[-2.72806,52.96678],[-2.72669,52.96478],[-2.72682,52.9634],[-2.72809,52.96195],[-2.7274,52.95932],[-2.7247,52.95782],[-2.72418,52.95646],[-2.72787,52.95363],[-2.72718,52.94905],[-2.72816,52.94699],[-2.72606,52.94573],[-2.72561,52.94054],[-2.72701,52.9398],[-2.72652,52.93797],[-2.72705,52.93431],[-2.72592,52.92998],[-2.72669,52.92773],[-2.72854,52.92518],[-2.74457,52.92444],[-2.75533,52.92463],[-2.77211,52.91427],[-2.77852,52.90998],[-2.78166,52.9087],[-2.79319,52.90122],[-2.79273,52.8994],[-2.79426,52.89734],[-2.79885,52.89576],[-2.80048,52.89552],[-2.80144,52.89676],[-2.80199,52.8999],[-2.80429,52.90326],[-2.80725,52.90658],[-2.81024,52.90766],[-2.81298,52.90956],[-2.81231,52.91268],[-2.81303,52.91494],[-2.81796,52.91765],[-2.8191,52.91888],[-2.82123,52.91914],[-2.82404,52.92284],[-2.83477,52.92983],[-2.83587,52.93216],[-2.8385,52.93218],[-2.83979,52.93374],[-2.84185,52.93805],[-2.84061,52.93907],[-2.84022,52.94192],[-2.84101,52.94262],[-2.8432,52.94219],[-2.84907,52.94492],[-2.85484,52.94373],[-2.86378,52.94462],[-2.86686,52.94538],[-2.8698,52.94477],[-2.87156,52.94526],[-2.88366,52.94667],[-2.88605,52.94838],[-2.88743,52.95253],[-2.89031,52.95046],[-2.89317,52.95119],[-2.89648,52.95092],[-2.89829,52.95028],[-2.90086,52.9482],[-2.90139,52.94657],[-2.90294,52.9444],[-2.90494,52.94398],[-2.90819,52.94209],[-2.91416,52.94241],[-2.91885,52.94357],[-2.92745,52.94189],[-2.92729,52.93879],[-2.92889,52.93868],[-2.93144,52.93958],[-2.93496,52.94181],[-2.94071,52.94338],[-2.94329,52.94481],[-2.94861,52.94604],[-2.95147,52.94759],[-2.95573,52.94912],[-2.95682,52.95001],[-2.95981,52.95117],[-2.96012,52.95236],[-2.9624,52.95362],[-2.96271,52.95574],[-2.96566,52.95611],[-2.96727,52.95834],[-2.96894,52.95905],[-2.97155,52.95904],[-2.97283,52.96046],[-2.96947,52.96284],[-2.96849,52.96418],[-2.97477,52.96895],[-2.9774,52.96727],[-2.97949,52.96521],[-2.97986,52.96194],[-2.98202,52.9592],[-2.98592,52.95871],[-2.99039,52.95979],[-2.9938,52.95812],[-2.99754,52.95833],[-3.00354,52.95795],[-3.00507,52.95707],[-3.00861,52.95659],[-3.00986,52.95604],[-3.01139,52.952],[-3.01325,52.94873],[-3.01452,52.94821],[-3.01704,52.94871],[-3.01693,52.9471],[-3.01837,52.94707],[-3.02006,52.94597],[-3.02195,52.94327],[-3.02403,52.94234],[-3.02303,52.94068],[-3.02559,52.93825],[-3.02632,52.93608],[-3.02832,52.93678],[-3.02923,52.93555],[-3.029,52.93435],[-3.03108,52.93381],[-3.0314,52.93143],[-3.03501,52.92951],[-3.04104,52.92792],[-3.04336,52.92828],[-3.04531,52.92916],[-3.04804,52.92788],[-3.0512,52.92919],[-3.05485,52.92902],[-3.05643,52.92803],[-3.05987,52.92927],[-3.06151,52.92911],[-3.06387,52.92635],[-3.06601,52.92628],[-3.07019,52.92679],[-3.07651,52.92548],[-3.08436,52.92659],[-3.08574,52.92852],[-3.08829,52.92939],[-3.09084,52.92925],[-3.09605,52.93032],[-3.09964,52.92808],[-3.10179,52.92614],[-3.10252,52.92462],[-3.10586,52.92152],[-3.10851,52.92007],[-3.11202,52.91357],[-3.11328,52.90983],[-3.11276,52.90637],[-3.1147,52.90453],[-3.11689,52.89969],[-3.11381,52.89533],[-3.11533,52.89461],[-3.12187,52.89545],[-3.12666,52.89435],[-3.13028,52.89434],[-3.13323,52.89514],[-3.13752,52.89492],[-3.14469,52.893],[-3.1475,52.89017],[-3.14576,52.88926],[-3.13831,52.88707],[-3.13619,52.88622],[-3.13661,52.8849],[-3.14013,52.88559],[-3.14704,52.8847],[-3.14831,52.88123],[-3.15109,52.88075],[-3.15249,52.87981],[-3.15242,52.87875],[-3.14982,52.87697],[-3.14539,52.87537],[-3.14183,52.87344],[-3.13976,52.87358],[-3.13721,52.87217],[-3.13618,52.8707],[-3.13442,52.86983],[-3.12906,52.86926],[-3.12771,52.8671],[-3.13442,52.8618],[-3.13888,52.86136],[-3.14234,52.8601],[-3.14456,52.85756],[-3.14764,52.85573],[-3.15073,52.85559],[-3.154,52.85428],[-3.15579,52.8531],[-3.15819,52.85045],[-3.16128,52.84931],[-3.16143,52.84803],[-3.1551,52.84494],[-3.15461,52.8441],[-3.15126,52.84256],[-3.15225,52.8403],[-3.15533,52.83875],[-3.15648,52.83701],[-3.15417,52.83315],[-3.15511,52.83072],[-3.1582,52.82996],[-3.15954,52.82762],[-3.16141,52.82557],[-3.16381,52.82406],[-3.16537,52.82139],[-3.16789,52.81927],[-3.16769,52.81726],[-3.16604,52.81531],[-3.16546,52.81205],[-3.16732,52.8103],[-3.16836,52.80823],[-3.16622,52.80582],[-3.16246,52.80365],[-3.16141,52.80358],[-3.15832,52.80723],[-3.15627,52.80802],[-3.1543,52.80749],[-3.15319,52.80637],[-3.15412,52.80252],[-3.15713,52.80049],[-3.15914,52.79969],[-3.16191,52.79925],[-3.16108,52.79605],[-3.15843,52.79349],[-3.15646,52.79358],[-3.15183,52.79299],[-3.148,52.79209],[-3.14677,52.79125],[-3.14627,52.78927],[-3.14455,52.78851],[-3.14364,52.7899],[-3.14162,52.78992],[-3.13463,52.78852],[-3.13129,52.78756],[-3.12713,52.7874],[-3.12579,52.78696],[-3.12253,52.78758],[-3.11891,52.78722],[-3.11953,52.78552],[-3.11829,52.78358],[-3.11617,52.78426],[-3.11593,52.7854],[-3.11376,52.78655],[-3.11219,52.78577],[-3.10975,52.78669],[-3.10971,52.78823],[-3.10727,52.7897],[-3.10847,52.79142],[-3.1061,52.79296],[-3.10239,52.79261],[-3.09773,52.79137],[-3.09646,52.79243],[-3.09346,52.79369],[-3.09096,52.79603],[-3.08663,52.79559],[-3.08559,52.79336],[-3.08574,52.7903],[-3.09169,52.78675],[-3.08778,52.77985],[-3.08882,52.77754],[-3.08524,52.77732],[-3.08393,52.77788],[-3.08065,52.77744],[-3.08051,52.77606],[-3.07786,52.77376],[-3.07996,52.77295],[-3.07952,52.77151],[-3.07425,52.76962],[-3.07157,52.77016],[-3.07036,52.77162],[-3.07066,52.77277],[-3.06956,52.77422],[-3.0668,52.77378],[-3.06487,52.77166],[-3.06285,52.77118],[-3.06412,52.76965],[-3.06117,52.76931],[-3.06132,52.77073],[-3.05893,52.77129],[-3.05793,52.77369],[-3.05391,52.77356],[-3.05009,52.77231],[-3.04968,52.77165],[-3.05269,52.77045],[-3.05316,52.76935],[-3.0517,52.76853],[-3.04977,52.76947],[-3.04758,52.76725],[-3.04592,52.76735],[-3.04526,52.76884],[-3.04352,52.76949],[-3.04034,52.76911],[-3.03958,52.77021],[-3.03613,52.76901],[-3.0353,52.76764],[-3.03319,52.76651],[-3.03692,52.76531],[-3.03553,52.76405],[-3.03356,52.76422],[-3.03302,52.76589],[-3.03092,52.76621],[-3.02868,52.76586],[-3.02679,52.76705],[-3.02574,52.76675],[-3.02621,52.76498],[-3.02279,52.76412],[-3.02151,52.76559],[-3.01971,52.76626],[-3.01873,52.7675],[-3.01719,52.76764],[-3.01646,52.76622],[-3.01311,52.76441],[-3.01235,52.76293],[-3.01062,52.76164],[-3.01127,52.76014],[-3.01082,52.75846],[-3.01302,52.75674],[-3.01452,52.75413],[-3.01436,52.75299],[-3.0172,52.75338],[-3.02038,52.75301],[-3.02113,52.75156],[-3.01797,52.75062],[-3.01664,52.74853],[-3.01538,52.74813],[-3.01362,52.74965],[-3.00977,52.75035],[-3.00808,52.74893],[-3.00811,52.74775],[-3.00562,52.74769],[-3.00468,52.7467],[-3.00241,52.74632],[-2.99767,52.74394],[-2.99489,52.74443],[-2.99199,52.74376],[-2.99058,52.74219],[-2.99311,52.74058],[-2.99232,52.7394],[-2.99354,52.73838],[-2.99503,52.73904],[-2.99738,52.73835],[-2.99656,52.73611],[-2.99401,52.73553],[-2.99103,52.73372],[-2.98707,52.73337],[-2.98148,52.73356],[-2.9771,52.73437],[-2.97365,52.73574],[-2.97076,52.73484],[-2.96905,52.73197],[-2.96507,52.73227],[-2.96663,52.72912],[-2.9655,52.72832],[-2.96674,52.72702],[-2.9667,52.72565],[-2.96172,52.72556],[-2.96222,52.72464],[-2.9611,52.7207],[-2.96234,52.71989],[-2.96143,52.71873],[-2.9611,52.71639],[-2.9656,52.71441],[-2.96741,52.71428],[-2.9781,52.71536],[-2.97725,52.71702],[-2.97713,52.72042],[-2.97542,52.72165],[-2.97612,52.72461],[-2.97759,52.72659],[-2.98216,52.72576],[-2.98494,52.72285],[-2.9874,52.72228],[-2.98921,52.72263],[-2.99686,52.72177],[-2.99757,52.72086],[-3.00055,52.72028],[-3.00305,52.72091],[-3.00543,52.7205],[-3.00837,52.72212],[-3.01156,52.72063],[-3.01838,52.72127],[-3.01887,52.72433],[-3.02148,52.72424],[-3.02031,52.72172],[-3.02534,52.71651],[-3.02537,52.71474],[-3.02356,52.71205],[-3.02175,52.71063],[-3.02299,52.70758],[-3.02249,52.70667],[-3.02539,52.70516],[-3.02591,52.70346],[-3.02938,52.70269],[-3.03065,52.70061],[-3.03212,52.69989],[-3.03212,52.6966],[-3.03352,52.69422],[-3.03602,52.69254],[-3.03895,52.69236],[-3.04136,52.69274],[-3.04705,52.69127],[-3.04664,52.69008],[-3.04349,52.68794],[-3.04267,52.68682],[-3.04331,52.68393],[-3.04208,52.6815],[-3.04258,52.67938],[-3.04566,52.67546],[-3.04191,52.67577],[-3.03858,52.67537],[-3.04308,52.67211],[-3.04264,52.67071],[-3.04303,52.66751],[-3.04471,52.66561],[-3.04865,52.66313],[-3.0494,52.66116],[-3.04865,52.66018],[-3.04864,52.65757],[-3.04542,52.65675],[-3.04493,52.65597],[-3.04724,52.65445],[-3.04979,52.65469],[-3.05224,52.65111],[-3.05132,52.64942],[-3.05112,52.64737],[-3.05507,52.64719],[-3.05815,52.64744],[-3.06172,52.64541],[-3.06764,52.64549],[-3.06959,52.64584],[-3.07337,52.64416],[-3.07719,52.64321],[-3.08171,52.64118],[-3.08128,52.63937],[-3.07936,52.63971],[-3.07632,52.63941],[-3.07424,52.63874],[-3.07242,52.6374],[-3.06958,52.6375],[-3.06802,52.63604],[-3.06373,52.63416],[-3.05981,52.63075],[-3.06456,52.62999],[-3.06782,52.63054],[-3.06989,52.62916],[-3.07229,52.62872],[-3.07495,52.62703],[-3.07206,52.6261],[-3.07962,52.6234],[-3.08164,52.6215],[-3.08334,52.61856],[-3.0826,52.61563],[-3.08628,52.61395],[-3.08814,52.61214],[-3.09362,52.60934],[-3.09161,52.6071],[-3.09123,52.60563],[-3.08929,52.60333],[-3.08956,52.59951],[-3.0925,52.59884],[-3.09406,52.59799],[-3.09567,52.59903],[-3.0992,52.59796],[-3.10206,52.59492],[-3.10553,52.59492],[-3.1098,52.59025],[-3.11368,52.59061],[-3.11381,52.58875],[-3.11734,52.58638],[-3.11924,52.58584],[-3.12039,52.58678],[-3.12601,52.58701],[-3.12715,52.58601],[-3.12909,52.58654],[-3.13044,52.58584],[-3.13307,52.58582],[-3.13444,52.58492],[-3.13603,52.58607],[-3.13835,52.58587],[-3.13936,52.58512],[-3.13628,52.58277],[-3.13859,52.58293],[-3.13813,52.5763],[-3.13771,52.57383],[-3.13453,52.57196],[-3.13154,52.56813],[-3.12899,52.56734],[-3.12736,52.56605],[-3.12615,52.56384],[-3.11721,52.55152],[-3.1115,52.54136],[-3.11392,52.54061],[-3.11638,52.5392],[-3.12146,52.53745],[-3.12582,52.537],[-3.12803,52.53615],[-3.13008,52.53673],[-3.13299,52.53529],[-3.13548,52.53492],[-3.13717,52.53394],[-3.13642,52.5316],[-3.13513,52.53053],[-3.13494,52.52842],[-3.13149,52.52701],[-3.12887,52.52815],[-3.12687,52.52838],[-3.12255,52.5278],[-3.11987,52.52846],[-3.114,52.52906],[-3.1121,52.52879],[-3.11025,52.52947],[-3.10868,52.52917],[-3.10582,52.53028],[-3.10299,52.53082],[-3.10015,52.53077],[-3.09793,52.53263],[-3.09612,52.53213],[-3.09428,52.53334],[-3.09322,52.53296],[-3.08877,52.53367],[-3.08262,52.53622],[-3.08255,52.53723],[-3.08075,52.53914],[-3.0832,52.5396],[-3.08352,52.54147],[-3.08792,52.54257],[-3.09056,52.54275],[-3.09394,52.5449],[-3.09297,52.54723],[-3.09056,52.54856],[-3.0861,52.54874],[-3.08728,52.55133],[-3.08067,52.55188],[-3.07457,52.55372],[-3.07131,52.55402],[-3.065,52.55683],[-3.05982,52.55556],[-3.057,52.55859],[-3.05407,52.55882],[-3.04991,52.56069],[-3.04975,52.56312],[-3.04728,52.5637],[-3.04388,52.56813],[-3.04127,52.56892],[-3.0394,52.57031],[-3.03645,52.5718],[-3.02834,52.57288],[-3.02045,52.57461],[-3.01862,52.5745],[-3.01444,52.5755],[-3.00648,52.57384],[-3.00163,52.56887],[-3.00016,52.56564],[-2.99858,52.56524],[-2.9976,52.56384],[-2.99944,52.55898],[-2.99791,52.55806],[-2.99802,52.55647],[-2.99938,52.55559],[-2.99866,52.55445],[-2.9965,52.55323],[-2.99431,52.55305],[-2.99472,52.5513],[-2.99776,52.54807],[-2.99884,52.54339],[-2.99978,52.54213],[-2.99997,52.54042],[-3.00166,52.53853],[-3.00203,52.53663],[-3.00388,52.53358],[-3.00376,52.53239],[-3.00183,52.53199],[-3.00507,52.52946],[-3.00091,52.52411],[-3.00147,52.52254],[-3.00374,52.52142],[-3.00387,52.51983],[-3.00678,52.52059],[-3.01063,52.52006],[-3.01129,52.52137],[-3.01311,52.52213],[-3.01663,52.52228],[-3.02032,52.52315],[-3.02301,52.52263],[-3.02604,52.52387],[-3.02923,52.52351],[-3.03238,52.52373],[-3.0308,52.51952],[-3.03201,52.51912],[-3.03347,52.51732],[-3.03435,52.51515],[-3.03671,52.51328],[-3.03636,52.51142],[-3.03218,52.50976],[-3.03428,52.50637],[-3.03458,52.50502],[-3.03348,52.5038],[-3.03078,52.50307],[-3.0292,52.50127],[-3.04039,52.50064],[-3.04427,52.50014],[-3.04636,52.49906],[-3.05579,52.49997],[-3.05953,52.4996],[-3.06317,52.49985],[-3.07576,52.4994],[-3.08029,52.49878],[-3.08502,52.49854],[-3.08996,52.49918],[-3.09366,52.49905],[-3.09854,52.49975],[-3.10812,52.4993],[-3.11355,52.49825],[-3.11489,52.497],[-3.11718,52.49591],[-3.11784,52.49475],[-3.12077,52.49449],[-3.12487,52.49284],[-3.12826,52.49207],[-3.14039,52.49167],[-3.14255,52.49085],[-3.14533,52.48855],[-3.14829,52.48742],[-3.15753,52.48518],[-3.17102,52.47873],[-3.1787,52.47441],[-3.18059,52.47384],[-3.19443,52.4764],[-3.19724,52.47599],[-3.19685,52.47461],[-3.202,52.47281],[-3.20617,52.4703],[-3.20816,52.46996],[-3.21198,52.46816],[-3.21367,52.46637],[-3.21589,52.46555],[-3.21688,52.46271],[-3.21831,52.46089],[-3.22299,52.45715],[-3.23029,52.45376],[-3.2332,52.45148],[-3.23426,52.44857],[-3.23347,52.44613],[-3.23506,52.44495],[-3.23555,52.44251],[-3.23484,52.44133],[-3.23253,52.44],[-3.22835,52.43952],[-3.22968,52.43821],[-3.22884,52.43655],[-3.23014,52.43528],[-3.23067,52.43051],[-3.22551,52.42919],[-3.22391,52.42745],[-3.22228,52.42677],[-3.22087,52.42503],[-3.21924,52.42203],[-3.21954,52.42125],[-3.2152,52.42028],[-3.21172,52.41899],[-3.2101,52.41919],[-3.20649,52.41813],[-3.199,52.41696],[-3.19797,52.41582],[-3.19462,52.41451],[-3.19168,52.41439],[-3.18804,52.41302],[-3.18842,52.41221],[-3.17885,52.40945],[-3.1772,52.40837],[-3.17301,52.40659],[-3.17157,52.40542],[-3.17164,52.40398],[-3.17014,52.40301],[-3.16692,52.40249],[-3.16507,52.40168],[-3.1645,52.40068],[-3.16058,52.39993],[-3.15921,52.39805],[-3.16042,52.39612],[-3.16031,52.39512],[-3.16198,52.39375],[-3.16081,52.39137],[-3.15824,52.39155],[-3.15677,52.3898],[-3.15568,52.38965],[-3.15445,52.38772],[-3.15223,52.38737],[-3.1491,52.38814],[-3.14771,52.38738],[-3.14125,52.38687],[-3.13465,52.38516],[-3.13362,52.38538],[-3.12797,52.38342],[-3.12615,52.38054],[-3.12246,52.37907],[-3.12021,52.37748],[-3.11871,52.37764],[-3.11061,52.37719],[-3.10727,52.37467],[-3.10388,52.37364],[-3.10169,52.37112],[-3.10221,52.37056],[-3.10076,52.3678],[-3.099,52.36849],[-3.09759,52.36684],[-3.09523,52.36557],[-3.09403,52.36396],[-3.09174,52.3625],[-3.08705,52.36099],[-3.08534,52.36073],[-3.08346,52.35949],[-3.07419,52.35742],[-3.07054,52.35598],[-3.07056,52.35502],[-3.0677,52.35382],[-3.0653,52.35334],[-3.06521,52.35007],[-3.05993,52.34801],[-3.05763,52.34761],[-3.05204,52.34773],[-3.04655,52.34653],[-3.04133,52.34434],[-3.03683,52.3448],[-3.03599,52.3453],[-3.0319,52.34567],[-3.02648,52.34683],[-3.02181,52.34654],[-3.01323,52.34826],[-3.01022,52.34955],[-3.00585,52.34906],[-3.00272,52.34995],[-3.00339,52.35099],[-2.99821,52.35193],[-2.99548,52.35172],[-2.99345,52.35066],[-2.99087,52.35167],[-2.98943,52.35069],[-2.98748,52.35141],[-2.98534,52.3511],[-2.98343,52.3533],[-2.98194,52.35213],[-2.97893,52.35277],[-2.97837,52.35387],[-2.97643,52.35393],[-2.9745,52.3547],[-2.97265,52.35415],[-2.97053,52.35136],[-2.96889,52.35192],[-2.96339,52.35143],[-2.96112,52.34962],[-2.95902,52.3491],[-2.95755,52.34969],[-2.95465,52.34915],[-2.95614,52.34588],[-2.95633,52.34429],[-2.96067,52.33919],[-2.96165,52.33594],[-2.96682,52.33238],[-2.96727,52.33064],[-2.9668,52.32945],[-2.96891,52.32897],[-2.97213,52.32931],[-2.9743,52.32816],[-2.97794,52.32799],[-2.98153,52.3268],[-2.98317,52.32517],[-2.98603,52.32347],[-2.98958,52.32396],[-2.99046,52.32467],[-2.99715,52.32453],[-3.00087,52.32177],[-3.00212,52.32],[-3.00158,52.31782],[-3.00375,52.31134],[-3.00347,52.30918],[-3.00127,52.30642],[-3.00064,52.30457],[-3.00132,52.29994],[-3.00379,52.29772],[-3.00538,52.29426],[-3.00471,52.29197],[-3.0056,52.29065],[-3.00817,52.29029],[-3.0099,52.28878],[-3.01196,52.28809],[-3.01072,52.28613],[-3.00975,52.28586],[-3.00937,52.28285],[-3.01134,52.27994],[-3.01261,52.27941],[-3.01173,52.27744],[-3.00871,52.27736],[-3.00515,52.27636],[-3.00333,52.27547],[-2.9995,52.27532],[-2.99466,52.27437],[-2.99468,52.27342],[-2.99138,52.27307],[-2.98478,52.27294],[-2.97696,52.27367],[-2.97541,52.27348],[-2.96658,52.27375],[-2.96509,52.27433],[-2.9633,52.27373],[-2.96341,52.27262],[-2.96131,52.27261],[-2.95449,52.27162],[-2.95146,52.27084],[-2.95196,52.26947],[-2.95564,52.27025],[-2.9607,52.26882],[-2.96504,52.26812],[-2.96382,52.26424],[-2.9656,52.26201],[-2.97177,52.26125],[-2.97271,52.26075],[-2.9775,52.25977],[-2.97706,52.26093],[-2.97858,52.26236],[-2.9828,52.26206],[-2.98477,52.26231],[-2.98987,52.26051],[-2.99611,52.26148],[-2.99872,52.26417],[-3.00161,52.264],[-3.0055,52.26427],[-3.00927,52.26347],[-3.01137,52.26245],[-3.01701,52.26151],[-3.01954,52.2604],[-3.02356,52.2593],[-3.02501,52.25829],[-3.02893,52.25801],[-3.03714,52.25607],[-3.03885,52.25362],[-3.04415,52.25359],[-3.0456,52.25307],[-3.04747,52.25041],[-3.04726,52.24861],[-3.04528,52.24682],[-3.04994,52.24504],[-3.04368,52.24554],[-3.04286,52.24413],[-3.04382,52.24154],[-3.04552,52.24079],[-3.04415,52.23931],[-3.04781,52.23846],[-3.04916,52.2389],[-3.05525,52.23762],[-3.05868,52.23608],[-3.06326,52.2363],[-3.06605,52.23582],[-3.06773,52.23677],[-3.07312,52.23579],[-3.074,52.2342],[-3.07037,52.22924],[-3.07208,52.2287],[-3.07129,52.22745],[-3.07167,52.22585],[-3.07318,52.22375],[-3.07213,52.22285],[-3.07581,52.21967],[-3.07722,52.2191],[-3.07801,52.21605],[-3.07221,52.21501],[-3.07353,52.21351],[-3.07679,52.21332],[-3.08093,52.21073],[-3.08365,52.21015],[-3.0857,52.20885],[-3.08707,52.2073],[-3.09093,52.20578],[-3.09414,52.20375],[-3.10005,52.20222],[-3.10062,52.2014],[-3.0999,52.19924],[-3.09784,52.19767],[-3.09634,52.19472],[-3.09564,52.18975],[-3.0971,52.18675],[-3.09738,52.18435],[-3.09465,52.18374],[-3.0967,52.18047],[-3.10057,52.17833],[-3.10141,52.17727],[-3.10689,52.1764],[-3.10906,52.175],[-3.11249,52.17362],[-3.11246,52.17023],[-3.12199,52.16692],[-3.12243,52.16342],[-3.11944,52.16269],[-3.11693,52.16045],[-3.11339,52.1602],[-3.11207,52.159],[-3.10965,52.15919],[-3.10639,52.15847],[-3.10526,52.15716],[-3.10168,52.15739],[-3.0979,52.15514],[-3.09439,52.15521],[-3.09312,52.15692],[-3.09008,52.1573],[-3.08982,52.15858],[-3.08706,52.16041],[-3.08403,52.16317],[-3.08091,52.16257],[-3.07943,52.16138],[-3.07444,52.16006],[-3.07157,52.15819],[-3.07254,52.15577],[-3.07828,52.15221],[-3.0833,52.14835],[-3.09369,52.14431],[-3.09799,52.14386],[-3.10671,52.14186],[-3.11535,52.13918],[-3.11915,52.13879],[-3.12405,52.13876],[-3.12885,52.13782],[-3.13191,52.13804],[-3.13587,52.13791],[-3.13414,52.13358],[-3.13578,52.13327],[-3.13721,52.13132],[-3.14123,52.12992],[-3.14192,52.12787],[-3.13977,52.12673],[-3.13681,52.12332],[-3.13387,52.12307],[-3.13094,52.12428],[-3.12806,52.12457],[-3.12355,52.12186],[-3.12182,52.12161],[-3.11747,52.12203],[-3.11503,52.12158],[-3.11263,52.12019],[-3.10672,52.11874],[-3.10641,52.11757],[-3.10492,52.11674],[-3.10763,52.11477],[-3.10785,52.11352],[-3.10471,52.1075],[-3.10535,52.10542],[-3.10721,52.10482],[-3.1122,52.10462],[-3.11713,52.10404],[-3.11976,52.10438],[-3.12268,52.10315],[-3.12114,52.09452],[-3.1188,52.08882],[-3.12292,52.08222],[-3.12533,52.07984],[-3.12589,52.07831],[-3.12382,52.07781],[-3.1212,52.07612],[-3.11957,52.0727],[-3.12016,52.07186],[-3.11833,52.07016],[-3.11861,52.06845],[-3.11641,52.06583],[-3.11158,52.06494],[-3.11083,52.0639],[-3.10801,52.0621],[-3.10702,52.05997],[-3.10426,52.05873],[-3.10142,52.05828],[-3.09771,52.05484],[-3.09681,52.05492],[-3.09494,52.05293],[-3.09078,52.05083],[-3.09075,52.05016],[-3.09294,52.04871],[-3.09281,52.04748],[-3.08649,52.04114],[-3.08693,52.03916],[-3.08953,52.03627],[-3.09087,52.03538],[-3.09235,52.03319],[-3.09283,52.03153],[-3.09276,52.02898],[-3.0992,52.02269],[-3.09435,52.01872],[-3.0869,52.01391],[-3.08611,52.00998],[-3.08409,52.00411],[-3.08222,52.0024],[-3.0789,51.99763],[-3.07563,51.99586],[-3.0725,51.99216],[-3.06943,51.98949],[-3.06861,51.98709],[-3.06854,51.98445],[-3.06738,51.98314],[-3.06285,51.98017],[-3.05959,51.97863],[-3.05743,51.97651],[-3.05703,51.97526],[-3.05224,51.973],[-3.05126,51.97201],[-3.04211,51.96805],[-3.03955,51.96642],[-3.03539,51.95978],[-3.03006,51.95879],[-3.02593,51.95727],[-3.02252,51.95288],[-3.02169,51.95003],[-3.01309,51.94488],[-3.01083,51.94087],[-3.00852,51.93808],[-3.00858,51.93628],[-3.01012,51.93348],[-3.01004,51.93044],[-3.00812,51.92713],[-3.00236,51.92405],[-2.99924,51.92346],[-2.98713,51.92577],[-2.98366,51.92573],[-2.98123,51.92661],[-2.97667,51.92749],[-2.97617,51.92602],[-2.97451,51.92511],[-2.97503,51.92423],[-2.97399,51.92259],[-2.97411,51.92125],[-2.97621,51.92119],[-2.97495,51.9186],[-2.97335,51.91791],[-2.97378,51.91662],[-2.97278,51.91465],[-2.9714,51.91392],[-2.97387,51.91153],[-2.97392,51.91048],[-2.97537,51.90952],[-2.97289,51.90897],[-2.97283,51.90602],[-2.96843,51.90454],[-2.96494,51.90478],[-2.96078,51.90675],[-2.9579,51.90686],[-2.95385,51.90612],[-2.95249,51.90623],[-2.9508,51.90744],[-2.95037,51.90855],[-2.94873,51.9094],[-2.94681,51.90864],[-2.94483,51.90948],[-2.94191,51.90963],[-2.93888,51.91188],[-2.93564,51.91261],[-2.93392,51.91505],[-2.93044,51.91483],[-2.92805,51.91389],[-2.92026,51.91743],[-2.91624,51.91769],[-2.91557,51.91879],[-2.91293,51.92011],[-2.91182,51.91956],[-2.90825,51.92109],[-2.90633,51.92264],[-2.9051,51.9245],[-2.90089,51.92591],[-2.89822,51.92525],[-2.89244,51.92537],[-2.89102,51.92653],[-2.88705,51.92816],[-2.88911,51.9319],[-2.88866,51.93346],[-2.8827,51.93434],[-2.87796,51.93384],[-2.87542,51.93309],[-2.87389,51.93107],[-2.87189,51.93027],[-2.87134,51.92763],[-2.8699,51.92679],[-2.86517,51.92664],[-2.85944,51.92775],[-2.85799,51.92718],[-2.85708,51.92554],[-2.85548,51.92503],[-2.85425,51.92372],[-2.8482,51.92367],[-2.84516,51.92227],[-2.84645,51.92072],[-2.85141,51.91879],[-2.86067,51.91775],[-2.86333,51.91718],[-2.86382,51.91604],[-2.86187,51.91398],[-2.86006,51.91385],[-2.85836,51.91495],[-2.85545,51.91444],[-2.85371,51.91574],[-2.84853,51.91587],[-2.84201,51.91775],[-2.84042,51.91601],[-2.84016,51.91475],[-2.83714,51.91387],[-2.83739,51.91157],[-2.83606,51.90961],[-2.83691,51.90835],[-2.83614,51.90607],[-2.83437,51.90613],[-2.8326,51.90518],[-2.82549,51.90501],[-2.82113,51.90543],[-2.81941,51.90381],[-2.81784,51.90387],[-2.81666,51.90207],[-2.81581,51.89909],[-2.8139,51.89779],[-2.80867,51.89623],[-2.80536,51.89557],[-2.80298,51.89416],[-2.8019,51.8926],[-2.80197,51.89047],[-2.79903,51.89041],[-2.79699,51.88841],[-2.79367,51.8882],[-2.79155,51.88651],[-2.78483,51.8843],[-2.7794,51.88406],[-2.7768,51.88167],[-2.77572,51.88212],[-2.76936,51.88028],[-2.77088,51.87817],[-2.77272,51.87679],[-2.77415,51.87445],[-2.77691,51.87322],[-2.77666,51.87064],[-2.77909,51.86882],[-2.7788,51.86586],[-2.7761,51.86368],[-2.77231,51.8622],[-2.76951,51.86236],[-2.76872,51.86057],[-2.76721,51.86016],[-2.76638,51.8588],[-2.76491,51.85803],[-2.76452,51.85612],[-2.76342,51.85565],[-2.76237,51.85363],[-2.76101,51.85313],[-2.76041,51.85157],[-2.7577,51.84939],[-2.75764,51.84745],[-2.75688,51.84591],[-2.75447,51.84591],[-2.75104,51.84499],[-2.74633,51.8446],[-2.74391,51.84317],[-2.74148,51.84257],[-2.74026,51.84132],[-2.7409,51.83864],[-2.73885,51.83662],[-2.73554,51.83944],[-2.73345,51.84001],[-2.73154,51.84139],[-2.72976,51.84021],[-2.72758,51.84014],[-2.72578,51.8438],[-2.71967,51.84887],[-2.71774,51.84755],[-2.71859,51.84688],[-2.7186,51.8445],[-2.7161,51.84074],[-2.71266,51.83953],[-2.71022,51.83907],[-2.70674,51.83971],[-2.70714,51.84304],[-2.70511,51.8457],[-2.7034,51.84457],[-2.69961,51.84348],[-2.69734,51.8448],[-2.69553,51.84209],[-2.69342,51.8377],[-2.69306,51.83586],[-2.69337,51.83387],[-2.687,51.83306],[-2.6862,51.83605],[-2.68262,51.83777],[-2.6796,51.83755],[-2.67682,51.83635],[-2.67153,51.83625],[-2.6662,51.83562],[-2.66014,51.8337],[-2.65819,51.83271],[-2.65761,51.83153],[-2.65791,51.82817],[-2.65686,51.82688],[-2.65388,51.82608],[-2.6504,51.82612],[-2.64724,51.82785],[-2.64341,51.83464],[-2.64105,51.8366],[-2.63838,51.83756],[-2.63631,51.83949],[-2.63564,51.84114],[-2.63293,51.84031],[-2.63022,51.83889],[-2.62547,51.83896],[-2.62447,51.83949],[-2.62159,51.84332],[-2.6154,51.84547],[-2.60943,51.8468],[-2.6064,51.85203],[-2.60444,51.85466],[-2.60122,51.85622],[-2.59954,51.85653],[-2.59619,51.85622],[-2.59306,51.85521],[-2.59162,51.85419],[-2.58895,51.85135],[-2.5862,51.84979],[-2.58211,51.84973],[-2.57882,51.85185],[-2.57952,51.85438],[-2.5831,51.85823],[-2.5852,51.85991],[-2.58055,51.86163],[-2.57767,51.86136],[-2.57584,51.86254],[-2.57336,51.86242],[-2.56952,51.86296],[-2.56813,51.86256],[-2.56393,51.86341],[-2.56162,51.86427],[-2.55854,51.86382],[-2.55639,51.8629],[-2.55442,51.86317],[-2.55024,51.86283],[-2.54822,51.86205],[-2.54662,51.86077],[-2.54397,51.8602],[-2.53405,51.8604],[-2.53162,51.86077],[-2.53112,51.86302],[-2.52677,51.86298],[-2.52257,51.86482],[-2.52011,51.86807],[-2.51935,51.87087],[-2.51794,51.8734],[-2.51327,51.8801],[-2.50862,51.88517],[-2.50669,51.88537],[-2.50355,51.88664],[-2.50187,51.88631],[-2.50064,51.88436],[-2.50118,51.88199],[-2.49819,51.88199],[-2.49466,51.88424],[-2.49386,51.88],[-2.48779,51.88042],[-2.48673,51.88472],[-2.48239,51.88589],[-2.48001,51.88583],[-2.47788,51.88496],[-2.47341,51.88555],[-2.47374,51.88735],[-2.47144,51.88921],[-2.46865,51.89078],[-2.46782,51.89201],[-2.46521,51.89299],[-2.46252,51.89292],[-2.45616,51.89342],[-2.44983,51.8944],[-2.44892,51.89481],[-2.44603,51.894],[-2.4436,51.89579],[-2.43957,51.89706],[-2.44,51.89843],[-2.44331,51.89849],[-2.44426,51.89893],[-2.44391,51.90078],[-2.4423,51.90188],[-2.44008,51.90242],[-2.44398,51.90582],[-2.44167,51.90716],[-2.44439,51.90985],[-2.44312,51.91198],[-2.44343,51.91273],[-2.44769,51.91566],[-2.44826,51.91872],[-2.44932,51.91912],[-2.45502,51.91935],[-2.45993,51.92343],[-2.46129,51.92505],[-2.46604,51.92797],[-2.46621,51.93143],[-2.46788,51.93738],[-2.46583,51.93727],[-2.46358,51.93857],[-2.46503,51.94276],[-2.46377,51.94363],[-2.46487,51.94461],[-2.46551,51.94676],[-2.46452,51.94859],[-2.46611,51.95036],[-2.46557,51.9517],[-2.46782,51.95195],[-2.47053,51.95312],[-2.47222,51.95545],[-2.47373,51.95654],[-2.47924,51.95573],[-2.48244,51.95567],[-2.48388,51.95677],[-2.48611,51.95742],[-2.49019,51.95498],[-2.49312,51.95735],[-2.49752,51.95879],[-2.49662,51.96033],[-2.50091,51.96061],[-2.49987,51.96154],[-2.49903,51.96372],[-2.49576,51.96442],[-2.49338,51.96389],[-2.49244,51.96673],[-2.49392,51.97024],[-2.49513,51.97112],[-2.4965,51.97611],[-2.49636,51.97751],[-2.49491,51.98108],[-2.4913,51.98191],[-2.49032,51.98351],[-2.48969,51.98625],[-2.48864,51.98741],[-2.48677,51.98802],[-2.4826,51.98822],[-2.48025,51.99052],[-2.48003,51.99135],[-2.47712,51.99277],[-2.47487,51.99281],[-2.47098,51.99478],[-2.47542,51.99751],[-2.47514,51.9982],[-2.47765,52.00015],[-2.4855,52.00033],[-2.48729,52.00341],[-2.49157,52.00651],[-2.49211,52.0083],[-2.49125,52.01049],[-2.48763,52.01148],[-2.48713,52.0123],[-2.48462,52.01254],[-2.48037,52.01606],[-2.47742,52.01987],[-2.47893,52.02253],[-2.47386,52.02382],[-2.46619,52.02375],[-2.46404,52.02325],[-2.46254,52.02037],[-2.46368,52.01882],[-2.46254,52.01734],[-2.46387,52.01482],[-2.46337,52.01404],[-2.46018,52.01568],[-2.45629,52.01483],[-2.44774,52.0158],[-2.44595,52.01525],[-2.44416,52.01574],[-2.4411,52.01457],[-2.43612,52.01459],[-2.43516,52.01307],[-2.43372,52.01227],[-2.43558,52.01047],[-2.4341,52.00955],[-2.43382,52.00685],[-2.43566,52.00559],[-2.43595,52.00244],[-2.43572,51.99939],[-2.43501,51.99896],[-2.43661,51.99684],[-2.4324,51.99602],[-2.42714,51.9958],[-2.42282,51.99434],[-2.41807,51.99459],[-2.4132,51.99409],[-2.40297,51.99614],[-2.39902,51.99615],[-2.39942,51.99932],[-2.39678,52.00107],[-2.3951,52.00373],[-2.39557,52.00575],[-2.39488,52.00675],[-2.3947,52.00987],[-2.39408,52.01179],[-2.39289,52.01296],[-2.38698,52.01217],[-2.37995,52.01385],[-2.37533,52.01599],[-2.36867,52.01729],[-2.3652,52.01748],[-2.35441,52.01968],[-2.35262,52.02036],[-2.35098,52.0201],[-2.34938,52.01785],[-2.35186,52.01569],[-2.35254,52.01354],[-2.35106,52.01316],[-2.34927,52.01146],[-2.34569,52.01033],[-2.344,52.00877],[-2.3419,52.00877],[-2.34049,52.00674],[-2.33634,52.00779],[-2.32942,52.00683],[-2.32611,52.00563],[-2.32471,52.00357],[-2.32579,52.0007],[-2.32566,51.99959],[-2.32351,51.99946],[-2.32283,51.99748],[-2.32326,51.99629],[-2.32066,51.99213],[-2.32233,51.98882],[-2.32233,51.98646],[-2.32292,51.98447],[-2.3226,51.9809],[-2.32468,51.97894],[-2.32532,51.97665],[-2.3237,51.97562],[-2.31262,51.9765],[-2.30878,51.97444],[-2.30793,51.97282],[-2.30905,51.97216],[-2.30947,51.97065],[-2.30579,51.97083],[-2.3037,51.96866],[-2.30043,51.96678],[-2.29724,51.9676],[-2.2933,51.96966],[-2.28829,51.97067],[-2.28056,51.97057],[-2.27697,51.96949],[-2.27365,51.96945],[-2.26845,51.96859],[-2.26777,51.96808],[-2.26362,51.96735],[-2.25869,51.96782],[-2.2565,51.96711],[-2.25136,51.96656],[-2.25111,51.96876],[-2.24891,51.96822],[-2.24624,51.9715],[-2.24286,51.97414],[-2.24331,51.97517],[-2.23763,51.98092],[-2.23404,51.98597],[-2.23317,51.98671],[-2.22781,51.98863],[-2.22898,51.99085],[-2.2264,51.99078],[-2.22443,51.99278],[-2.2233,51.99288],[-2.22061,51.9955],[-2.21695,51.99408],[-2.21445,51.99538],[-2.21344,51.99674],[-2.21169,51.99666],[-2.2056,51.99534],[-2.20564,51.99639],[-2.20289,51.99636],[-2.19841,51.99557],[-2.1971,51.99435],[-2.1952,51.99436],[-2.19036,51.99156],[-2.18508,51.99056],[-2.1817,51.99189],[-2.17943,51.99485],[-2.17985,51.99681],[-2.1815,51.99911],[-2.17945,51.99926],[-2.17491,51.99614],[-2.17174,51.99484],[-2.17027,51.99467],[-2.16658,51.99526],[-2.164,51.99689],[-2.16355,52.00156],[-2.16413,52.0034],[-2.16552,52.00478],[-2.17213,52.00846],[-2.18407,52.0139],[-2.18768,52.01908],[-2.18305,52.01975],[-2.17691,52.02256],[-2.17831,52.02563],[-2.17759,52.02721],[-2.1794,52.03195],[-2.17916,52.0335],[-2.18055,52.03548],[-2.18068,52.04173],[-2.17816,52.04369],[-2.17698,52.04547],[-2.1755,52.04648],[-2.17137,52.04761],[-2.17054,52.04709],[-2.16829,52.04876],[-2.16619,52.04914],[-2.16444,52.0501],[-2.16184,52.05059],[-2.15728,52.05],[-2.1534,52.04823],[-2.1493,52.04689],[-2.1471,52.04676],[-2.14248,52.04567],[-2.13736,52.04581],[-2.13357,52.04633],[-2.12625,52.0432],[-2.12043,52.04215],[-2.11839,52.04212],[-2.1156,52.03628],[-2.11792,52.03307],[-2.12589,52.0305],[-2.12929,52.02979],[-2.13654,52.0293],[-2.1394,52.02789],[-2.14117,52.02454],[-2.14227,52.01978],[-2.14465,52.01669],[-2.14522,52.01472],[-2.14966,52.01126],[-2.15078,52.00663],[-2.14629,52.00458],[-2.14374,52.0041],[-2.14173,52.00458],[-2.13906,52.00395],[-2.14082,52.0024],[-2.1395,52.00154],[-2.13932,51.99942],[-2.1352,51.9997],[-2.13325,52.00168],[-2.13343,52.00251],[-2.13193,52.00399],[-2.13203,52.00532],[-2.12715,52.00728],[-2.12586,52.00905],[-2.12336,52.0109],[-2.12037,52.0117],[-2.12007,52.01318],[-2.11635,52.01457],[-2.11157,52.0148],[-2.10872,52.01428],[-2.1076,52.01459],[-2.10383,52.01409],[-2.09752,52.01253],[-2.09679,52.0114],[-2.09392,52.0118],[-2.08487,52.01048],[-2.08348,52.01109],[-2.08077,52.01077],[-2.07885,52.0117],[-2.07675,52.01104],[-2.0746,52.01181],[-2.07095,52.01185],[-2.06876,52.013],[-2.06078,52.01466],[-2.06024,52.01421],[-2.05992,52.01083],[-2.05929,52.00947],[-2.05719,52.00982],[-2.05321,52.00864],[-2.05156,52.00875],[-2.0493,52.00701],[-2.05009,52.00602],[-2.04951,52.0038],[-2.04495,52.00365],[-2.03836,52.0046],[-2.03684,52.00604],[-2.03825,52.00956],[-2.03085,52.00977],[-2.027,52.01059],[-2.02808,52.01234],[-2.02927,52.01284],[-2.02166,52.01565],[-2.02366,52.01695],[-2.01964,52.01869],[-2.01698,52.02026],[-2.01342,52.02135],[-2.00769,52.02389],[-1.99857,52.02967],[-1.99756,52.0299],[-1.99519,52.02656],[-1.99258,52.02929],[-1.98414,52.03588],[-1.96338,52.03606],[-1.95137,52.0377],[-1.95082,52.03586],[-1.94795,52.03391],[-1.94747,52.0318],[-1.94574,52.03163],[-1.94231,52.03232],[-1.93996,52.03219],[-1.93398,52.03087],[-1.9317,52.02989],[-1.92962,52.0323],[-1.92704,52.03666],[-1.92216,52.03561],[-1.92053,52.03814],[-1.91914,52.03886],[-1.91668,52.0421],[-1.91569,52.0417],[-1.91345,52.04446],[-1.90911,52.04266],[-1.90324,52.03889],[-1.89643,52.03591],[-1.89133,52.03283],[-1.88801,52.03146],[-1.88501,52.0295],[-1.87931,52.02695],[-1.87643,52.02529],[-1.87357,52.02433],[-1.8673,52.01796],[-1.86227,52.01749],[-1.86379,52.01442],[-1.86154,52.01263],[-1.85989,52.01274],[-1.85711,52.0112],[-1.85107,52.0084],[-1.84725,52.00766],[-1.84448,52.00833],[-1.84131,52.00692],[-1.83905,52.00678],[-1.83531,52.00916],[-1.83567,52.01123],[-1.83441,52.01461],[-1.83412,52.01702],[-1.83566,52.0225],[-1.82624,52.02915],[-1.82502,52.03093],[-1.83063,52.03283],[-1.82909,52.03633],[-1.83013,52.03769],[-1.82975,52.03907],[-1.83241,52.04013],[-1.83294,52.04176],[-1.83484,52.04329],[-1.83889,52.04371],[-1.84781,52.04654],[-1.85384,52.04976],[-1.85732,52.05225],[-1.86024,52.05214],[-1.86345,52.05342],[-1.86181,52.05583],[-1.8614,52.05831],[-1.86288,52.06343],[-1.86499,52.06628],[-1.87168,52.06543],[-1.87441,52.06999],[-1.8695,52.07138],[-1.87201,52.07192],[-1.86904,52.07386],[-1.86318,52.07378],[-1.85561,52.07444],[-1.85339,52.07237],[-1.85088,52.07456],[-1.84918,52.07728],[-1.84662,52.07942],[-1.83764,52.07428],[-1.83447,52.07311],[-1.8318,52.07322],[-1.82979,52.07527],[-1.82247,52.08114],[-1.81894,52.0854],[-1.81782,52.08479],[-1.81613,52.07961],[-1.81274,52.07874],[-1.81228,52.08193],[-1.81312,52.08275],[-1.80936,52.08589],[-1.80979,52.08756],[-1.80646,52.09267],[-1.80229,52.09694],[-1.79554,52.10077],[-1.79172,52.09961],[-1.79013,52.10059],[-1.78826,52.10363],[-1.78967,52.10624],[-1.78569,52.10704],[-1.77837,52.10948],[-1.77393,52.11063],[-1.77101,52.11187],[-1.76769,52.11258],[-1.76628,52.10969],[-1.76383,52.10857],[-1.76247,52.10732],[-1.7589,52.10614],[-1.7577,52.10321],[-1.75494,52.10122],[-1.75482,52.09932],[-1.75363,52.09762],[-1.75181,52.09701],[-1.75091,52.09547],[-1.74704,52.09329],[-1.74039,52.09143],[-1.73856,52.09136],[-1.73292,52.09497],[-1.73218,52.09696],[-1.73023,52.09794],[-1.72854,52.098],[-1.73051,52.09279],[-1.7284,52.09097],[-1.72885,52.08876],[-1.72807,52.08838],[-1.72945,52.08407],[-1.72907,52.08151],[-1.72818,52.08145],[-1.73066,52.07329],[-1.72812,52.07273],[-1.72881,52.07157],[-1.72427,52.06949],[-1.71699,52.06811],[-1.71431,52.0667],[-1.71184,52.06661],[-1.71266,52.06803],[-1.71221,52.07051],[-1.70986,52.07331],[-1.70789,52.07251],[-1.7017,52.07283],[-1.70149,52.07036],[-1.70335,52.06766],[-1.70406,52.06314],[-1.70545,52.06146],[-1.70505,52.05963],[-1.70296,52.05741],[-1.70249,52.05618],[-1.69967,52.05465],[-1.69215,52.05435],[-1.69018,52.05474],[-1.69001,52.05318],[-1.68864,52.05183],[-1.69061,52.05145],[-1.69116,52.04824],[-1.69304,52.04501],[-1.6948,52.04294],[-1.695,52.04052],[-1.69398,52.03953],[-1.69174,52.03971],[-1.68974,52.03819],[-1.68744,52.03747],[-1.68109,52.0374],[-1.67773,52.03704],[-1.67339,52.03602],[-1.67065,52.03671],[-1.66745,52.03624],[-1.66605,52.0344],[-1.66481,52.03177],[-1.6591,52.03164],[-1.65655,52.03212],[-1.65568,52.03471],[-1.65358,52.0354],[-1.65089,52.03517],[-1.64935,52.03431],[-1.64634,52.0351],[-1.64447,52.03442],[-1.63976,52.0371],[-1.6349,52.03699],[-1.63227,52.03589],[-1.62685,52.0379],[-1.62511,52.03767],[-1.62416,52.03609],[-1.6225,52.03604],[-1.62061,52.0344],[-1.6175,52.03337],[-1.61762,52.03157],[-1.61883,52.02903],[-1.62011,52.02774],[-1.62454,52.02638],[-1.62704,52.02736],[-1.62834,52.02719],[-1.63448,52.02283],[-1.63522,52.02195],[-1.63863,52.02053],[-1.64031,52.01876],[-1.64293,52.01471],[-1.6433,52.01281],[-1.64193,52.01029],[-1.64288,52.00922],[-1.65193,52.00555],[-1.65565,52.00313],[-1.65909,51.99986],[-1.66134,51.99933],[-1.66575,51.9974],[-1.66993,51.99316],[-1.66928,51.98922],[-1.66575,51.98749],[-1.65733,51.98444],[-1.65658,51.98354],[-1.64309,51.9779],[-1.63591,51.97373],[-1.63236,51.97046],[-1.62972,51.96991],[-1.62628,51.96751],[-1.62357,51.96484],[-1.6219,51.96186],[-1.61989,51.96071],[-1.61361,51.95569],[-1.61234,51.9554],[-1.60579,51.95957],[-1.59692,51.96439],[-1.59472,51.96827],[-1.59163,51.97045],[-1.5958,51.97256],[-1.59669,51.97428],[-1.6003,51.97694],[-1.58841,51.97423],[-1.58057,51.973],[-1.56864,51.97627],[-1.56354,51.97704],[-1.54955,51.98085],[-1.55672,51.98947],[-1.55722,51.99166],[-1.55404,51.9919],[-1.54968,51.99394],[-1.54683,51.9947],[-1.54393,51.99632],[-1.5399,51.99637],[-1.536,51.99536],[-1.53476,51.99436],[-1.52913,51.99263],[-1.52793,51.99175],[-1.52493,51.99321],[-1.52283,51.99684],[-1.52161,52.0016],[-1.52116,52.00589],[-1.51558,52.01443],[-1.51357,52.01838],[-1.51095,52.02145],[-1.51012,52.02671],[-1.5074,52.03338],[-1.5069,52.03723],[-1.50494,52.04144],[-1.50346,52.04355],[-1.50184,52.04958],[-1.49964,52.05244],[-1.49735,52.05895],[-1.49724,52.06087],[-1.49919,52.06358],[-1.50182,52.06633],[-1.50262,52.06918],[-1.50007,52.06994],[-1.50186,52.07163],[-1.49918,52.07392],[-1.49217,52.07548],[-1.49067,52.07714],[-1.49329,52.0796],[-1.49435,52.08223],[-1.49056,52.0838],[-1.48995,52.08623],[-1.48779,52.08777],[-1.48561,52.08773],[-1.48473,52.0913],[-1.48682,52.09148],[-1.48814,52.09283],[-1.4878,52.09396],[-1.4862,52.09423],[-1.48007,52.09356],[-1.4773,52.10135],[-1.47414,52.101],[-1.47178,52.09946],[-1.47074,52.09795],[-1.46756,52.09706],[-1.46508,52.09742],[-1.45974,52.09753],[-1.45821,52.098],[-1.45353,52.09854],[-1.45361,52.09734],[-1.44719,52.09763],[-1.44698,52.09886],[-1.44833,52.10047],[-1.44806,52.10516],[-1.44922,52.10831],[-1.45347,52.11299],[-1.45158,52.11445],[-1.44847,52.1161],[-1.44387,52.1152],[-1.44123,52.11556],[-1.43707,52.1167],[-1.43125,52.11728],[-1.42496,52.11828],[-1.41963,52.11764],[-1.41442,52.11544],[-1.41146,52.11305],[-1.40389,52.11009],[-1.4028,52.1089],[-1.40263,52.10633],[-1.40034,52.10433],[-1.39672,52.10192],[-1.39554,52.1017],[-1.3909,52.0989],[-1.38755,52.09742],[-1.38715,52.09611],[-1.3854,52.09415],[-1.3777,52.09606],[-1.37831,52.09676],[-1.37442,52.09973],[-1.37155,52.09908],[-1.36757,52.1],[-1.36615,52.09994],[-1.36255,52.10108],[-1.35777,52.10131],[-1.35967,52.1057],[-1.36137,52.10629],[-1.36136,52.1075],[-1.36301,52.10893],[-1.36529,52.11002],[-1.36518,52.1113],[-1.36794,52.11165],[-1.37037,52.11272],[-1.37015,52.11508],[-1.37144,52.11617],[-1.37084,52.11753],[-1.37458,52.11832],[-1.37769,52.11813],[-1.38161,52.11695],[-1.38538,52.11746],[-1.3907,52.11679],[-1.39218,52.11707],[-1.3933,52.11896],[-1.38546,52.1284],[-1.38273,52.12754],[-1.3752,52.13091],[-1.37115,52.13327],[-1.3696,52.13472],[-1.36405,52.13671],[-1.36282,52.1348],[-1.35982,52.13506],[-1.35573,52.13601],[-1.35207,52.13481],[-1.34975,52.13485],[-1.34831,52.1378],[-1.35026,52.14086],[-1.34994,52.14159],[-1.34683,52.14235],[-1.34337,52.14422],[-1.34104,52.14486],[-1.34281,52.14873],[-1.34161,52.15068],[-1.34346,52.15324],[-1.34234,52.1549],[-1.33824,52.15884],[-1.33401,52.15908],[-1.33395,52.1654],[-1.33309,52.16735],[-1.3319,52.16849],[-1.33229,52.17054],[-1.33112,52.17142],[-1.33233,52.17232],[-1.33148,52.17414],[-1.32864,52.17702],[-1.32651,52.1784],[-1.32281,52.1818],[-1.31819,52.18142],[-1.31819,52.18301],[-1.31616,52.18666],[-1.31439,52.18811],[-1.31313,52.19047],[-1.30886,52.18978],[-1.30059,52.19177],[-1.29489,52.19168],[-1.29079,52.19213],[-1.28364,52.1916],[-1.28119,52.19195],[-1.28114,52.19578],[-1.27757,52.19581],[-1.27407,52.1954],[-1.27142,52.19637],[-1.268,52.19653],[-1.26254,52.19596],[-1.25498,52.19783],[-1.25478,52.19889],[-1.25736,52.20561],[-1.25733,52.20863],[-1.25989,52.21188],[-1.26093,52.216],[-1.26433,52.21661],[-1.27097,52.21924],[-1.2763,52.22309],[-1.27691,52.22512],[-1.27564,52.22634],[-1.27258,52.22754],[-1.27836,52.22872],[-1.2785,52.23005],[-1.28001,52.23337],[-1.28468,52.23852],[-1.27997,52.23863],[-1.27537,52.23803],[-1.26685,52.23525],[-1.26635,52.2367],[-1.26762,52.23744],[-1.26607,52.23889],[-1.26615,52.24083],[-1.2648,52.24188],[-1.25807,52.24467],[-1.25448,52.24757],[-1.25175,52.24864],[-1.25048,52.2483],[-1.24668,52.2491],[-1.24057,52.24796],[-1.23516,52.24927],[-1.2347,52.25045],[-1.23206,52.25169],[-1.233,52.25326],[-1.2301,52.25541],[-1.22801,52.25586],[-1.22657,52.25766],[-1.22467,52.25803],[-1.22375,52.25996],[-1.21921,52.26133],[-1.21584,52.26395],[-1.21583,52.26574],[-1.21765,52.26825],[-1.217,52.26881],[-1.21934,52.27036],[-1.21877,52.27112],[-1.22096,52.27355],[-1.22002,52.27605],[-1.22169,52.27645],[-1.22177,52.27871],[-1.22117,52.27941],[-1.22337,52.28167],[-1.22254,52.28224],[-1.22352,52.28624],[-1.22534,52.28816],[-1.22744,52.28926],[-1.22868,52.28868],[-1.23076,52.28961],[-1.23378,52.29033],[-1.23183,52.29428],[-1.22886,52.29517],[-1.22896,52.29796],[-1.22649,52.29819],[-1.22642,52.30062],[-1.22388,52.30275],[-1.2209,52.30336],[-1.22091,52.30585],[-1.21754,52.30598],[-1.21716,52.30721],[-1.21556,52.30883],[-1.21232,52.31069],[-1.20923,52.3152],[-1.21201,52.31608],[-1.21299,52.31572],[-1.21521,52.31697],[-1.23116,52.32003],[-1.23704,52.32032],[-1.24211,52.3219],[-1.24475,52.3215],[-1.24764,52.32196],[-1.24878,52.32324],[-1.2534,52.32405],[-1.25728,52.32552],[-1.26089,52.32786],[-1.26527,52.32838],[-1.2642,52.33065],[-1.26245,52.33219],[-1.26229,52.33419],[-1.25807,52.33727],[-1.25298,52.33885],[-1.25074,52.33915],[-1.24858,52.34098],[-1.24133,52.34261],[-1.23371,52.34644],[-1.22976,52.34708],[-1.2276,52.34652],[-1.22567,52.34668],[-1.22392,52.34753],[-1.22372,52.34864],[-1.22132,52.34959],[-1.2129,52.34969],[-1.20931,52.34954],[-1.20421,52.35127],[-1.20227,52.35236],[-1.19563,52.35308],[-1.19143,52.35171],[-1.18783,52.35306],[-1.18662,52.35427],[-1.18424,52.35367],[-1.18382,52.35463],[-1.17923,52.35438],[-1.17502,52.35625],[-1.17469,52.36054],[-1.17213,52.3613],[-1.18702,52.3786],[-1.20265,52.39662],[-1.20163,52.39673],[-1.22439,52.42301],[-1.23644,52.43573],[-1.24074,52.44014],[-1.24292,52.43968],[-1.25783,52.45389],[-1.29359,52.48426],[-1.30595,52.4934],[-1.30783,52.49454],[-1.32512,52.50105],[-1.33844,52.50578],[-1.34179,52.50737],[-1.36495,52.51594],[-1.36815,52.51645],[-1.36824,52.51723],[-1.37354,52.51808],[-1.37325,52.51913],[-1.38042,52.52149],[-1.39501,52.527],[-1.41521,52.53439],[-1.41734,52.53446],[-1.41738,52.53609],[-1.41896,52.53777],[-1.42698,52.54065],[-1.42718,52.54031],[-1.43485,52.54305],[-1.45922,52.55198],[-1.45999,52.55159],[-1.46405,52.55309],[-1.50271,52.56447],[-1.52269,52.57043],[-1.52147,52.57183],[-1.52292,52.57352],[-1.52599,52.57408],[-1.5267,52.57531],[-1.5252,52.58038],[-1.52561,52.58126],[-1.52892,52.58331],[-1.53126,52.58338],[-1.53215,52.58443],[-1.53167,52.58574],[-1.53473,52.58718],[-1.53753,52.58905],[-1.53747,52.58957],[-1.54263,52.58943],[-1.54615,52.59058],[-1.54659,52.59138],[-1.54921,52.59291],[-1.55254,52.59372],[-1.5562,52.59407],[-1.55806,52.59617],[-1.5607,52.59612],[-1.5571,52.60132],[-1.55704,52.60925],[-1.55643,52.61067],[-1.55424,52.61352],[-1.55445,52.61476],[-1.5564,52.61519],[-1.56061,52.61707],[-1.56119,52.61981],[-1.56442,52.61994],[-1.56687,52.62062],[-1.56754,52.62258],[-1.56601,52.62597],[-1.56648,52.62925],[-1.56461,52.63124],[-1.56651,52.63235],[-1.57102,52.63404],[-1.571,52.63612],[-1.5657,52.63627],[-1.55901,52.63726],[-1.55605,52.63828],[-1.55331,52.64078],[-1.55063,52.64113],[-1.54699,52.64227],[-1.54482,52.64413],[-1.54279,52.64824],[-1.54496,52.65056],[-1.54466,52.65156],[-1.54242,52.65363],[-1.54729,52.65597],[-1.5461,52.65906],[-1.55218,52.6669],[-1.55281,52.66846],[-1.55479,52.66945],[-1.56002,52.67132],[-1.56604,52.67442],[-1.57043,52.67584],[-1.56916,52.67677],[-1.56647,52.6776],[-1.56911,52.67967],[-1.57031,52.67973],[-1.57686,52.67836],[-1.57943,52.67963],[-1.58143,52.68245],[-1.58446,52.6851],[-1.58965,52.68726],[-1.58846,52.69069],[-1.58861,52.69278],[-1.58639,52.69449],[-1.58975,52.69606],[-1.59088,52.69806],[-1.597,52.70045],[-1.5987,52.70038],[-1.59881,52.69846],[-1.60123,52.6974],[-1.60575,52.6965],[-1.60796,52.69736],[-1.60776,52.6984],[-1.61232,52.69914],[-1.61268,52.69998],[-1.61549,52.7007],[-1.6184,52.6998],[-1.62094,52.69952],[-1.62331,52.69752],[-1.62526,52.69741],[-1.62636,52.699],[-1.62624,52.70024],[-1.63179,52.70035],[-1.63404,52.70207],[-1.63629,52.7024],[-1.6382,52.70019],[-1.64104,52.69968],[-1.64235,52.70044],[-1.64473,52.69934],[-1.64806,52.6984],[-1.64934,52.69966],[-1.65257,52.69956],[-1.65442,52.69998],[-1.65505,52.70198],[-1.65415,52.70306],[-1.6543,52.70821],[-1.65634,52.70857],[-1.65591,52.71046],[-1.65773,52.71058],[-1.65821,52.71261],[-1.65929,52.71408],[-1.65568,52.71595],[-1.65621,52.7178],[-1.65593,52.71984],[-1.65661,52.72175],[-1.66261,52.72301],[-1.66302,52.72364],[-1.66917,52.72358],[-1.67131,52.7243],[-1.67556,52.7249],[-1.67543,52.72686],[-1.67794,52.7275],[-1.68209,52.72702],[-1.68782,52.72729],[-1.69402,52.72687],[-1.69695,52.72719],[-1.70132,52.72846],[-1.70316,52.72948],[-1.70446,52.73107],[-1.70416,52.73208],[-1.70121,52.73315],[-1.69787,52.73539],[-1.69987,52.73817],[-1.69717,52.7403],[-1.69789,52.74256],[-1.69633,52.74425],[-1.69333,52.74381],[-1.69251,52.7448],[-1.69517,52.74665],[-1.69613,52.74795],[-1.69581,52.74917],[-1.69389,52.7509],[-1.69682,52.75211],[-1.69689,52.75299],[-1.69289,52.75623],[-1.69106,52.75697],[-1.68794,52.75749],[-1.68618,52.75886],[-1.68396,52.7617],[-1.68317,52.76427],[-1.685,52.76532],[-1.68487,52.76708],[-1.68307,52.76818],[-1.68208,52.77022],[-1.67834,52.7721],[-1.67202,52.77242],[-1.67005,52.77359],[-1.66973,52.77782],[-1.67074,52.78107],[-1.66969,52.78234],[-1.6656,52.78516],[-1.66227,52.78515],[-1.65876,52.78349],[-1.65683,52.78106],[-1.65324,52.77972],[-1.64993,52.77948],[-1.64848,52.77985],[-1.64432,52.7825],[-1.64193,52.78459],[-1.63824,52.78673],[-1.62696,52.77977],[-1.62375,52.78245],[-1.62291,52.78213],[-1.61929,52.78517],[-1.61774,52.78387],[-1.61246,52.78122],[-1.60942,52.78445],[-1.61372,52.78615],[-1.61239,52.78752],[-1.61435,52.78827],[-1.61196,52.78981],[-1.60413,52.79127],[-1.60147,52.79284],[-1.60085,52.79419],[-1.60355,52.79546],[-1.59785,52.79834],[-1.5957,52.79712],[-1.58895,52.79982],[-1.59002,52.80078],[-1.58931,52.80211],[-1.59091,52.80249],[-1.58988,52.80636],[-1.59169,52.80929],[-1.59315,52.80901],[-1.59675,52.81101],[-1.59891,52.81147],[-1.60078,52.81275],[-1.60502,52.81468],[-1.6077,52.81483],[-1.61034,52.8156],[-1.61025,52.81711],[-1.6076,52.81956],[-1.6071,52.822],[-1.60555,52.82315],[-1.60301,52.82619],[-1.60023,52.82762],[-1.59754,52.82841],[-1.59402,52.82875],[-1.58878,52.82888],[-1.58587,52.83067],[-1.58796,52.83161],[-1.58922,52.83093],[-1.5919,52.83227],[-1.59195,52.83461],[-1.59111,52.83544],[-1.59244,52.83639],[-1.59418,52.83518],[-1.59752,52.83734],[-1.59942,52.83787],[-1.60189,52.83725],[-1.60294,52.84083],[-1.60434,52.8421],[-1.6065,52.8431],[-1.60875,52.84271],[-1.61396,52.84498],[-1.61758,52.84476],[-1.62046,52.84731],[-1.62269,52.84793],[-1.6226,52.84947],[-1.62613,52.85002],[-1.62808,52.85172],[-1.62612,52.85266],[-1.62653,52.85438],[-1.62954,52.85382],[-1.63061,52.85277],[-1.63692,52.85328],[-1.6399,52.85543],[-1.64263,52.85633],[-1.64577,52.85585],[-1.65404,52.857],[-1.65904,52.85686],[-1.66489,52.85844],[-1.66817,52.85989],[-1.67008,52.86123],[-1.67462,52.86116],[-1.67944,52.86154],[-1.68273,52.86281],[-1.68645,52.86245],[-1.68749,52.86373],[-1.69,52.86452],[-1.69173,52.8642],[-1.69417,52.86287],[-1.69759,52.86294],[-1.69923,52.86223],[-1.69883,52.86081],[-1.70061,52.86058],[-1.70347,52.86125],[-1.69994,52.8633],[-1.70076,52.86448],[-1.70333,52.8664],[-1.70578,52.86675],[-1.70839,52.86612],[-1.71048,52.86652],[-1.71206,52.86592],[-1.71484,52.86597],[-1.71768,52.86453],[-1.71767,52.86194],[-1.71988,52.86189],[-1.72096,52.86305],[-1.7226,52.86055],[-1.72529,52.85967],[-1.72738,52.86039],[-1.72583,52.8616],[-1.72729,52.86315],[-1.72987,52.86271],[-1.73482,52.86382],[-1.73563,52.86511],[-1.73933,52.86488],[-1.73998,52.86771],[-1.74453,52.86593],[-1.74678,52.86596],[-1.74956,52.86677],[-1.74567,52.86918],[-1.74759,52.87058],[-1.75065,52.86893],[-1.75227,52.86881],[-1.75228,52.87108],[-1.75051,52.87269],[-1.75159,52.87425],[-1.756,52.87517],[-1.75858,52.87722],[-1.76461,52.87857],[-1.76884,52.87803],[-1.77069,52.87898],[-1.77423,52.87926],[-1.77622,52.88056],[-1.77532,52.88226],[-1.77722,52.88381],[-1.78027,52.88241],[-1.78298,52.884],[-1.78562,52.88293],[-1.78698,52.88081],[-1.78815,52.88002],[-1.79249,52.88071],[-1.79447,52.88385],[-1.80142,52.88613],[-1.80291,52.88576],[-1.803,52.88391],[-1.80416,52.88301],[-1.81105,52.88065],[-1.81354,52.88247],[-1.81581,52.88208],[-1.81848,52.88261],[-1.82284,52.88251],[-1.82362,52.88288],[-1.82175,52.88542],[-1.82355,52.88607],[-1.82586,52.88408],[-1.82835,52.88459],[-1.82754,52.8866],[-1.82985,52.88733],[-1.83259,52.88686],[-1.83211,52.88822],[-1.8341,52.88957],[-1.83282,52.89065],[-1.83521,52.89139],[-1.83392,52.89293],[-1.83404,52.89458],[-1.83328,52.89608],[-1.82991,52.89643],[-1.83259,52.89926],[-1.8334,52.90208],[-1.83624,52.90198],[-1.83599,52.90412],[-1.83818,52.90532],[-1.84101,52.90504],[-1.84531,52.90822],[-1.84716,52.90873],[-1.84814,52.90998],[-1.84645,52.91071],[-1.84294,52.91056],[-1.84265,52.91304],[-1.84502,52.91342],[-1.8478,52.91288],[-1.84712,52.91534],[-1.84882,52.91603],[-1.84807,52.91742],[-1.84787,52.92031],[-1.85002,52.92108],[-1.8543,52.91989],[-1.85592,52.92157],[-1.8565,52.9236],[-1.85486,52.92396],[-1.85459,52.92531],[-1.8557,52.92715],[-1.85317,52.92749],[-1.85274,52.92894],[-1.85422,52.93067],[-1.85216,52.93188],[-1.8496,52.93106],[-1.84885,52.93229],[-1.85074,52.93338],[-1.84942,52.93554],[-1.84695,52.93595],[-1.84296,52.93959],[-1.84033,52.93964],[-1.83937,52.94142],[-1.8381,52.94159],[-1.83552,52.94072],[-1.83309,52.94128],[-1.83235,52.94321],[-1.83537,52.94246],[-1.83646,52.94349],[-1.83566,52.94524],[-1.83265,52.94598],[-1.83,52.94548],[-1.82873,52.94848],[-1.83074,52.95157],[-1.83221,52.95212],[-1.83449,52.95487],[-1.83126,52.95592],[-1.8292,52.95797],[-1.82852,52.96095],[-1.82649,52.96047],[-1.82581,52.96244],[-1.82836,52.96397],[-1.82763,52.96638],[-1.82943,52.96823],[-1.83023,52.97147],[-1.82962,52.97317],[-1.82844,52.97389],[-1.82856,52.97516],[-1.82678,52.97709],[-1.82362,52.97873],[-1.82073,52.97855],[-1.81537,52.97946],[-1.8059,52.98041],[-1.803,52.98147],[-1.80153,52.98308],[-1.80473,52.98462],[-1.79882,52.98635],[-1.7966,52.98515],[-1.79561,52.98695],[-1.79341,52.98902],[-1.79163,52.98829],[-1.78815,52.99001],[-1.78709,52.99131],[-1.79026,52.99178],[-1.79,52.99247],[-1.786,52.9936],[-1.78445,52.99478],[-1.78044,52.99483],[-1.77762,52.99638],[-1.77391,52.99633],[-1.77105,52.99586],[-1.76782,52.99953],[-1.76331,52.9995],[-1.76265,53.0006],[-1.76442,53.00177],[-1.76452,53.00414],[-1.76571,53.00496],[-1.76624,53.007],[-1.76607,53.00924],[-1.76419,53.01046],[-1.76213,53.01513],[-1.75915,53.01459],[-1.75772,53.01714],[-1.75831,53.01824],[-1.76294,53.02057],[-1.76373,53.02143],[-1.76271,53.02516],[-1.75898,53.02698],[-1.75719,53.0288],[-1.75703,53.0313],[-1.75938,53.03281],[-1.76158,53.03333],[-1.75937,53.03469],[-1.75886,53.03688],[-1.76005,53.03892],[-1.766,53.04111],[-1.76819,53.04404],[-1.77229,53.04424],[-1.77443,53.04346],[-1.77873,53.04301],[-1.77899,53.04492],[-1.77997,53.04708],[-1.78118,53.04827],[-1.7847,53.04993],[-1.78336,53.05063],[-1.78421,53.05189],[-1.78415,53.05471],[-1.7793,53.05763],[-1.77701,53.05822],[-1.77565,53.05935],[-1.77782,53.06032],[-1.78312,53.06142],[-1.78555,53.06311],[-1.78411,53.06533],[-1.7842,53.06681],[-1.78564,53.06823],[-1.78603,53.07052],[-1.78887,53.07335],[-1.79136,53.0782],[-1.78858,53.07925],[-1.7886,53.08091],[-1.79198,53.0837],[-1.79113,53.08644],[-1.79313,53.08666],[-1.79424,53.08839],[-1.79288,53.08983],[-1.79286,53.09103],[-1.79079,53.09178],[-1.78861,53.09139],[-1.78356,53.09274],[-1.78321,53.09379],[-1.78549,53.09502],[-1.78241,53.09662],[-1.78633,53.09982],[-1.78369,53.10296],[-1.78523,53.10451],[-1.78803,53.1055],[-1.7859,53.10731],[-1.78699,53.1087],[-1.78908,53.10949],[-1.79379,53.11049],[-1.79536,53.11264],[-1.79781,53.11405],[-1.80093,53.11516],[-1.80188,53.11818],[-1.80548,53.12167],[-1.80574,53.12241],[-1.80965,53.1238],[-1.80992,53.12577],[-1.80934,53.12695],[-1.81088,53.13013],[-1.81254,53.13028],[-1.81533,53.133],[-1.81977,53.13395],[-1.82144,53.13582],[-1.82084,53.13681],[-1.82216,53.13798],[-1.82196,53.1395],[-1.82066,53.14049],[-1.82122,53.14144],[-1.81985,53.14244],[-1.81767,53.14302],[-1.81776,53.14445],[-1.81681,53.14656],[-1.81666,53.14998],[-1.81268,53.1517],[-1.81208,53.15273],[-1.81265,53.15444],[-1.8154,53.15516],[-1.81508,53.15628],[-1.8165,53.15797],[-1.81618,53.15873],[-1.81915,53.15989],[-1.81999,53.16125],[-1.82225,53.16221],[-1.8248,53.16484],[-1.8264,53.1653],[-1.83012,53.16763],[-1.83301,53.17054],[-1.83206,53.17284],[-1.83598,53.17436],[-1.83638,53.17523],[-1.83934,53.17693],[-1.84078,53.17693],[-1.84308,53.17813],[-1.84615,53.17857],[-1.84638,53.17977],[-1.84972,53.18212],[-1.8518,53.18284],[-1.85249,53.18389],[-1.8544,53.1844],[-1.85602,53.18557],[-1.85915,53.18662],[-1.86081,53.18846],[-1.86388,53.18879],[-1.86749,53.19093],[-1.86854,53.19085],[-1.87101,53.19217],[-1.87178,53.1939],[-1.87586,53.19552],[-1.88253,53.19613],[-1.88459,53.19674],[-1.88707,53.19832],[-1.89004,53.19901],[-1.89464,53.19924],[-1.89552,53.19986],[-1.90089,53.19986],[-1.90173,53.19902],[-1.90918,53.19881],[-1.91134,53.19995],[-1.91531,53.20295],[-1.91825,53.20346],[-1.92172,53.20292],[-1.92297,53.20325],[-1.92506,53.20551],[-1.92976,53.20737],[-1.93048,53.20856],[-1.93344,53.20944],[-1.93673,53.2115],[-1.93917,53.21208],[-1.94891,53.21171],[-1.95083,53.21196],[-1.95671,53.21375],[-1.96103,53.21943],[-1.96236,53.22624],[-1.97077,53.22094],[-1.97627,53.21873],[-1.97811,53.21688],[-1.98069,53.2164],[-1.98384,53.21455],[-1.98738,53.2136],[-1.98708,53.21197],[-1.98853,53.21117],[-1.9889,53.20996],[-1.99036,53.20965],[-1.99087,53.20826],[-1.99299,53.20749],[-1.99419,53.20412],[-1.99466,53.19975],[-1.9964,53.19877],[-1.99674,53.19759],[-1.99865,53.19712],[-1.99881,53.1961],[-2.00175,53.19296],[-2.00498,53.19349],[-2.00692,53.19242],[-2.00993,53.19288],[-2.01112,53.19193],[-2.01422,53.19064],[-2.01638,53.18929],[-2.01823,53.18908],[-2.02133,53.18983],[-2.02444,53.1918],[-2.02858,53.19337],[-2.03174,53.19324],[-2.03369,53.1937],[-2.03653,53.19317],[-2.03926,53.19352],[-2.04046,53.19254],[-2.04611,53.19278],[-2.04741,53.19228],[-2.05226,53.18783],[-2.0549,53.18683],[-2.05239,53.18391],[-2.05643,53.1829],[-2.0568,53.18171],[-2.05895,53.18122],[-2.05961,53.17996],[-2.05689,53.17767],[-2.05806,53.17639],[-2.06325,53.17491],[-2.06779,53.17488],[-2.0705,53.17316],[-2.07153,53.17192],[-2.07553,53.17125],[-2.0781,53.17042],[-2.0798,53.17107],[-2.0821,53.17094],[-2.08303,53.17014],[-2.08753,53.17017],[-2.08921,53.17079],[-2.09071,53.17235],[-2.09277,53.17295],[-2.0946,53.17263],[-2.09577,53.17119],[-2.09767,53.17155],[-2.09874,53.17036],[-2.10179,53.16891],[-2.10384,53.16987],[-2.10872,53.16835],[-2.11173,53.16862],[-2.11543,53.16954],[-2.11593,53.17108],[-2.11388,53.1719],[-2.11497,53.17268],[-2.1175,53.17171],[-2.11931,53.17287],[-2.11972,53.17469],[-2.1241,53.1734],[-2.12537,53.17519],[-2.12795,53.17465],[-2.13006,53.17677],[-2.12977,53.17834],[-2.13374,53.18304],[-2.13815,53.18401],[-2.14021,53.1839],[-2.14217,53.18224],[-2.14136,53.17981],[-2.14265,53.17779],[-2.1443,53.17692],[-2.14352,53.17544],[-2.14451,53.17471],[-2.1445,53.17134],[-2.14142,53.15661],[-2.14542,53.15732],[-2.14728,53.15857],[-2.14851,53.15822],[-2.151,53.15966],[-2.15463,53.15927],[-2.15564,53.1566],[-2.15858,53.15417],[-2.15954,53.15291],[-2.16386,53.15137],[-2.16806,53.14816],[-2.17167,53.1474],[-2.17658,53.14553],[-2.18009,53.14256],[-2.18653,53.13598],[-2.19351,53.12956],[-2.20265,53.12163],[-2.21131,53.11582],[-2.21706,53.11098],[-2.21697,53.10996],[-2.22243,53.10762],[-2.22307,53.1038],[-2.22702,53.10413],[-2.23035,53.10377],[-2.234,53.10294],[-2.23795,53.10105],[-2.23892,53.10002],[-2.23899,53.09827],[-2.24052,53.09656],[-2.24257,53.09515],[-2.24346,53.09383],[-2.24638,53.09161],[-2.24742,53.08987],[-2.24966,53.09072],[-2.24909,53.09164],[-2.25067,53.09309],[-2.25343,53.09307],[-2.2559,53.09067],[-2.2581,53.09022],[-2.26098,53.08901],[-2.26703,53.08811],[-2.27111,53.08673],[-2.27706,53.08591],[-2.2745,53.08385],[-2.27529,53.08219],[-2.2785,53.08091],[-2.28503,53.07973],[-2.28849,53.07976],[-2.29066,53.0789],[-2.29446,53.0783],[-2.29675,53.08106],[-2.30155,53.08128],[-2.3034,53.083],[-2.30972,53.08248],[-2.31365,53.08133],[-2.3187,53.08113],[-2.32241,53.07899],[-2.32371,53.07766],[-2.32901,53.07658],[-2.32949,53.07537],[-2.32877,53.0741],[-2.3299,53.07321],[-2.3304,53.07088],[-2.33162,53.06971],[-2.33587,53.06741],[-2.33625,53.06634],[-2.33885,53.06442],[-2.33909,53.06317],[-2.34145,53.06],[-2.34448,53.05905],[-2.34759,53.05617],[-2.35165,53.05729],[-2.35374,53.05885],[-2.35668,53.05822],[-2.35758,53.05472],[-2.36172,53.0551],[-2.3666,53.05455],[-2.37029,53.05481],[-2.37362,53.0542],[-2.37506,53.05453],[-2.3762,53.05297],[-2.38148,53.05248],[-2.38219,53.05116],[-2.38073,53.04966],[-2.38328,53.04851],[-2.38358,53.04743],[-2.38216,53.04585],[-2.38254,53.04289],[-2.38387,53.04082],[-2.38455,53.03845],[-2.38384,53.0366],[-2.38429,53.0339],[-2.38612,53.0336],[-2.38426,53.03184],[-2.38131,53.03057],[-2.37979,53.02759],[-2.38423,53.02617],[-2.38144,53.02383],[-2.37752,53.01996],[-2.37042,53.01453],[-2.3728,53.01346],[-2.3733,53.01169],[-2.37471,53.0106],[-2.37841,53.01036],[-2.381,53.00855],[-2.38304,53.00779],[-2.38081,53.0052],[-2.38098,53.00405],[-2.37999,53.00081],[-2.38095,52.99816],[-2.3841,52.99796],[-2.38538,52.99667],[-2.38908,52.99617],[-2.3912,52.99648],[-2.39748,52.995],[-2.4008,52.99546],[-2.40333,52.9951],[-2.40699,52.99592],[-2.40728,52.99518],[-2.40506,52.99424],[-2.40558,52.99247],[-2.40523,52.9908],[-2.40832,52.98976],[-2.41086,52.98793],[-2.41223,52.98826],[-2.41889,52.98848],[-2.42102,52.98717],[-2.42379,52.98634],[-2.42888,52.98578],[-2.43164,52.98606],[-2.43236,52.98707],[-2.43537,52.98671],[-2.43817,52.98557],[-2.43849,52.98461],[-2.43568,52.98295],[-2.43668,52.9821],[-2.43409,52.97966],[-2.43604,52.97769],[-2.43422,52.97637],[-2.43566,52.97516],[-2.43628,52.97339],[-2.43447,52.9717],[-2.43467,52.96956],[-2.43898,52.96934],[-2.44299,52.97078],[-2.44652,52.96824],[-2.4529,52.96543],[-2.45952,52.96469],[-2.46154,52.96376],[-2.46324,52.9642],[-2.46526,52.96371],[-2.46786,52.96225],[-2.47036,52.96148],[-2.47524,52.96248],[-2.47779,52.96174],[-2.47764,52.9608],[-2.47997,52.96001],[-2.48113,52.95884],[-2.48406,52.96013],[-2.48468,52.96126],[-2.48688,52.96294],[-2.48772,52.96513],[-2.49079,52.96505],[-2.49068,52.9663],[-2.4917,52.96768],[-2.49568,52.96849],[-2.49902,52.96843],[-2.50081,52.96725],[-2.50654,52.96584],[-2.50942,52.96596],[-2.5111,52.96686],[-2.51177,52.96994],[-2.51432,52.97192],[-2.51701,52.97233],[-2.51962,52.97328],[-2.52155,52.97299],[-2.52323,52.97033],[-2.52232,52.96821],[-2.52399,52.96603],[-2.52306,52.96312],[-2.5235,52.96088],[-2.52276,52.95887],[-2.52359,52.9562],[-2.52328,52.95436],[-2.52536,52.95368],[-2.52748,52.9518],[-2.52686,52.95117],[-2.5293,52.94941],[-2.52952,52.94716],[-2.53203,52.94729],[-2.53506,52.94809],[-2.53915,52.95193],[-2.54102,52.95275],[-2.54636,52.95684],[-2.55047,52.95666],[-2.5537,52.95747],[-2.55587,52.95903],[-2.55762,52.96218],[-2.55911,52.96222],[-2.56167,52.96424],[-2.56436,52.96353],[-2.56651,52.96395],[-2.56884,52.96196],[-2.5738,52.96232],[-2.57325,52.96146],[-2.57029,52.95974],[-2.57309,52.95924],[-2.57493,52.95833],[-2.57489,52.95738],[-2.57814,52.95573],[-2.58362,52.95628],[-2.5862,52.95531],[-2.58848,52.95702],[-2.58906,52.95896],[-2.59065,52.95928],[-2.59133,52.96041],[-2.59492,52.96099],[-2.59769,52.96301],[-2.5958,52.96554],[-2.59603,52.96767],[-2.59845,52.97172],[-2.59662,52.97348],[-2.59276,52.97417],[-2.5954,52.97593],[-2.59889,52.97511],[-2.59916,52.9767],[-2.5967,52.97787],[-2.59489,52.97961],[-2.60063,52.97879],[-2.60568,52.9794],[-2.6037,52.9818],[-2.60547,52.98543],[-2.60714,52.98674],[-2.60773,52.98836],[-2.61498,52.98777],[-2.61897,52.98661],[-2.62194,52.98674],[-2.62576,52.98918],[-2.62759,52.99097],[-2.62824,52.99251],[-2.62803,52.99517],[-2.63265,52.99667],[-2.63407,52.99599],[-2.63637,52.99651],[-2.63737,52.99485],[-2.64281,52.99348],[-2.64453,52.99501],[-2.64861,52.99526],[-2.65236,52.99499],[-2.65442,52.99332],[-2.66081,52.99145],[-2.66438,52.98902],[-2.67157,52.98712],[-2.67466,52.98566],[-2.67619,52.9865],[-2.67968,52.98656],[-2.6809,52.98611],[-2.68708,52.98683],[-2.68644,52.98824],[-2.68878,52.98994],[-2.69184,52.9905],[-2.69442,52.99334],[-2.6967,52.99486],[-2.69929,52.99544],[-2.70077,52.99327],[-2.70457,52.99042],[-2.71188,52.98608],[-2.71514,52.98505],[-2.71657,52.98405],[-2.7203,52.984],[-2.7251,52.98294],[-2.72684,52.98327]]]}},{"type":"Feature","properties":{"countryCode":"GB","code":"E12000006","nom":"Est de l'Angleterre","outreMer":false},"geometry":{"type":"MultiPolygon","coordinates":[[[[0.26747,52.81326],[0.2695,52.8124],[0.27092,52.81262],[0.26878,52.81586],[0.26747,52.81326]]],[[[0.17211,52.73794],[0.17073,52.73572],[0.1685,52.72562],[0.16612,52.72111],[0.15689,52.70795],[0.15643,52.70104],[0.15406,52.68217],[0.15407,52.6797],[0.15316,52.67782],[0.1531,52.67557],[0.15779,52.67077],[0.1595,52.66745],[0.15949,52.66665],[0.15821,52.66496],[0.15558,52.66457],[0.15181,52.66319],[0.15141,52.66082],[0.13042,52.64206],[0.12282,52.63798],[0.10545,52.63216],[0.09609,52.62796],[0.0749,52.61658],[0.06493,52.61089],[0.06189,52.60655],[0.03998,52.60221],[-0.01263,52.59411],[-0.02393,52.59207],[-0.02707,52.5918],[-0.08137,52.58336],[-0.08128,52.58367],[-0.02786,52.59198],[-0.02415,52.59232],[-0.01284,52.59435],[0.03948,52.60239],[0.06144,52.6067],[0.06242,52.60739],[0.06396,52.61041],[0.06546,52.61161],[0.09314,52.62689],[0.10468,52.63222],[0.12347,52.63856],[0.1305,52.64252],[0.13987,52.65079],[0.15125,52.66117],[0.15098,52.66295],[0.15283,52.66397],[0.15826,52.66533],[0.15917,52.66681],[0.15737,52.67057],[0.15204,52.67625],[0.15305,52.67973],[0.15381,52.68511],[0.15463,52.69626],[0.15564,52.70224],[0.15576,52.70771],[0.1585,52.71227],[0.16698,52.72431],[0.16993,52.73614],[0.17126,52.73826],[0.17018,52.73989],[0.16705,52.73939],[0.1525,52.73814],[0.15083,52.73875],[0.14829,52.73864],[0.14761,52.73945],[0.14413,52.73903],[0.14369,52.74],[0.14065,52.73975],[0.13774,52.73892],[0.13298,52.7393],[0.13096,52.73839],[0.12905,52.73844],[0.11971,52.73288],[0.1168,52.73273],[0.11414,52.7314],[0.11369,52.72999],[0.11111,52.72978],[0.10494,52.7305],[0.10254,52.72986],[0.09879,52.73034],[0.09459,52.72845],[0.09165,52.72522],[0.08901,52.72363],[0.08755,52.72357],[0.08264,52.72456],[0.07604,52.72452],[0.07259,52.72555],[0.06797,52.72635],[0.0639,52.72744],[0.06231,52.72539],[0.05924,52.72472],[0.05514,52.72183],[0.04802,52.71879],[0.04626,52.71538],[0.04415,52.71438],[0.04511,52.712],[0.04484,52.71086],[0.04546,52.70501],[0.04523,52.70143],[0.0444,52.70068],[0.04591,52.69779],[0.04488,52.69579],[0.04498,52.69194],[0.0492,52.68937],[0.04962,52.68615],[0.04857,52.6814],[0.0215,52.66489],[-0.03127,52.66153],[-0.0321,52.66536],[-0.03953,52.66694],[-0.045,52.66914],[-0.05949,52.67469],[-0.06379,52.67522],[-0.06545,52.672],[-0.06967,52.67141],[-0.07201,52.67207],[-0.07461,52.67207],[-0.08031,52.67055],[-0.08784,52.66678],[-0.09043,52.66669],[-0.09432,52.66818],[-0.09668,52.67006],[-0.09943,52.67039],[-0.1022,52.67221],[-0.113,52.66798],[-0.11551,52.66648],[-0.11741,52.66476],[-0.12653,52.66],[-0.12982,52.65921],[-0.13302,52.65696],[-0.1395,52.65486],[-0.14106,52.65151],[-0.18002,52.66056],[-0.19042,52.65247],[-0.19287,52.65244],[-0.19557,52.65537],[-0.19648,52.6555],[-0.19982,52.66086],[-0.20059,52.66144],[-0.20307,52.6651],[-0.20552,52.66683],[-0.20604,52.66807],[-0.20965,52.66699],[-0.2125,52.66668],[-0.21792,52.66712],[-0.22028,52.66676],[-0.23024,52.66363],[-0.23831,52.66022],[-0.23889,52.66058],[-0.25557,52.65366],[-0.25866,52.65165],[-0.26124,52.65148],[-0.26358,52.65251],[-0.26379,52.6539],[-0.2662,52.6547],[-0.26896,52.65635],[-0.27034,52.65944],[-0.27307,52.65948],[-0.27488,52.6607],[-0.27621,52.66265],[-0.27779,52.6633],[-0.27908,52.666],[-0.28226,52.66717],[-0.28685,52.66803],[-0.2895,52.67034],[-0.29166,52.67037],[-0.29455,52.66935],[-0.29731,52.6706],[-0.30997,52.67348],[-0.32052,52.6751],[-0.32074,52.67367],[-0.32287,52.6742],[-0.32755,52.67421],[-0.33024,52.67348],[-0.33311,52.67484],[-0.33625,52.67412],[-0.33604,52.67153],[-0.33709,52.67049],[-0.33624,52.66864],[-0.33754,52.66824],[-0.34089,52.66551],[-0.34311,52.66513],[-0.34655,52.66314],[-0.34946,52.66315],[-0.35008,52.66167],[-0.35415,52.66119],[-0.35634,52.66047],[-0.3568,52.65952],[-0.35934,52.66006],[-0.36095,52.65957],[-0.36377,52.66034],[-0.3696,52.65927],[-0.37306,52.65745],[-0.37491,52.65794],[-0.37656,52.65699],[-0.37727,52.65573],[-0.38028,52.6556],[-0.38252,52.65613],[-0.38903,52.65396],[-0.39312,52.65413],[-0.39571,52.65334],[-0.4,52.64964],[-0.40116,52.6496],[-0.40569,52.64806],[-0.41042,52.64778],[-0.41304,52.64839],[-0.41669,52.64758],[-0.41721,52.64681],[-0.42074,52.64685],[-0.42327,52.64808],[-0.4282,52.64911],[-0.43207,52.6483],[-0.43518,52.65021],[-0.43744,52.64987],[-0.44037,52.65149],[-0.44087,52.6523],[-0.44557,52.65296],[-0.44861,52.65294],[-0.45048,52.65412],[-0.45283,52.65427],[-0.45312,52.64927],[-0.45605,52.65001],[-0.45897,52.65022],[-0.46764,52.6499],[-0.47583,52.64871],[-0.47451,52.64668],[-0.47596,52.64545],[-0.48345,52.64543],[-0.4861,52.64353],[-0.48921,52.64345],[-0.49148,52.6415],[-0.4939,52.64007],[-0.4922,52.63687],[-0.48806,52.6325],[-0.48611,52.63442],[-0.48515,52.63284],[-0.47676,52.63056],[-0.47531,52.6289],[-0.4735,52.62823],[-0.47096,52.62377],[-0.47106,52.62136],[-0.4721,52.62128],[-0.47096,52.61795],[-0.47479,52.61691],[-0.47373,52.61443],[-0.47722,52.61468],[-0.47964,52.61445],[-0.48102,52.60279],[-0.48544,52.60218],[-0.48585,52.59893],[-0.48863,52.59691],[-0.49071,52.59053],[-0.49415,52.5897],[-0.49454,52.58867],[-0.49765,52.58685],[-0.49236,52.58167],[-0.48942,52.58055],[-0.48533,52.57998],[-0.47883,52.57744],[-0.48145,52.5763],[-0.47881,52.57365],[-0.47539,52.57437],[-0.47115,52.57463],[-0.46101,52.57603],[-0.44769,52.57868],[-0.4354,52.58051],[-0.42503,52.58241],[-0.42463,52.58149],[-0.41998,52.58135],[-0.41818,52.57973],[-0.41538,52.57874],[-0.41508,52.57601],[-0.41589,52.57338],[-0.41472,52.57229],[-0.4157,52.5701],[-0.41193,52.56891],[-0.40736,52.56582],[-0.40729,52.56405],[-0.40873,52.56214],[-0.40985,52.56162],[-0.41337,52.5615],[-0.41658,52.56197],[-0.41691,52.56075],[-0.41959,52.55896],[-0.4171,52.55589],[-0.41637,52.55566],[-0.41604,52.55271],[-0.41534,52.55155],[-0.41174,52.55081],[-0.41122,52.54995],[-0.40331,52.54892],[-0.40206,52.54832],[-0.4022,52.54681],[-0.40368,52.54516],[-0.40366,52.54281],[-0.40253,52.54188],[-0.40128,52.53868],[-0.40264,52.53491],[-0.4046,52.53358],[-0.40467,52.53231],[-0.40714,52.53148],[-0.41007,52.5312],[-0.41192,52.52975],[-0.41382,52.52744],[-0.4136,52.52568],[-0.40872,52.52252],[-0.40431,52.52169],[-0.40047,52.52188],[-0.39849,52.52088],[-0.39465,52.51981],[-0.39075,52.51944],[-0.39083,52.51872],[-0.38662,52.51673],[-0.38746,52.51618],[-0.38344,52.5138],[-0.38089,52.51278],[-0.37793,52.51066],[-0.37525,52.51093],[-0.37146,52.51035],[-0.36868,52.50879],[-0.36226,52.50738],[-0.35818,52.50579],[-0.35579,52.50592],[-0.35215,52.50335],[-0.35345,52.5022],[-0.35569,52.50127],[-0.3576,52.49957],[-0.35776,52.49848],[-0.35934,52.49711],[-0.35965,52.49589],[-0.35814,52.49391],[-0.3577,52.49209],[-0.35939,52.49024],[-0.35677,52.48777],[-0.35461,52.48511],[-0.35006,52.48257],[-0.35027,52.48075],[-0.34746,52.47798],[-0.34899,52.47356],[-0.34972,52.47289],[-0.34828,52.47126],[-0.34228,52.4691],[-0.34306,52.4685],[-0.34159,52.46694],[-0.34481,52.46584],[-0.34947,52.46216],[-0.35056,52.46293],[-0.35351,52.46027],[-0.35403,52.45804],[-0.35546,52.45616],[-0.36026,52.45251],[-0.36348,52.45061],[-0.36183,52.449],[-0.36306,52.44658],[-0.36707,52.4438],[-0.3688,52.44121],[-0.36886,52.43962],[-0.37031,52.43685],[-0.36934,52.43494],[-0.36649,52.43504],[-0.36241,52.43353],[-0.36594,52.43167],[-0.37237,52.43045],[-0.37946,52.42796],[-0.38694,52.42388],[-0.39233,52.41994],[-0.39789,52.41833],[-0.40095,52.41546],[-0.40746,52.41349],[-0.413,52.4126],[-0.41707,52.4116],[-0.41843,52.40815],[-0.41961,52.40732],[-0.42028,52.40507],[-0.41594,52.4038],[-0.42191,52.40091],[-0.42244,52.40013],[-0.42483,52.39963],[-0.43195,52.39629],[-0.43293,52.39628],[-0.437,52.38819],[-0.43925,52.38631],[-0.44376,52.38386],[-0.44622,52.38321],[-0.44876,52.38373],[-0.45089,52.38475],[-0.45494,52.3857],[-0.45475,52.38457],[-0.45686,52.38409],[-0.45683,52.38233],[-0.46247,52.38305],[-0.46406,52.3816],[-0.46829,52.38289],[-0.46989,52.3799],[-0.47796,52.38074],[-0.47885,52.38015],[-0.48476,52.38163],[-0.48674,52.37903],[-0.48961,52.37923],[-0.4942,52.3812],[-0.49595,52.37952],[-0.49046,52.3751],[-0.48852,52.37402],[-0.4923,52.37171],[-0.49853,52.36684],[-0.49989,52.3652],[-0.4987,52.3601],[-0.49601,52.35839],[-0.49299,52.35746],[-0.48801,52.35371],[-0.48428,52.35239],[-0.48416,52.35178],[-0.48061,52.34982],[-0.47827,52.34934],[-0.47734,52.34841],[-0.47843,52.34635],[-0.4805,52.34443],[-0.48326,52.3409],[-0.47244,52.33957],[-0.46777,52.33844],[-0.4671,52.33529],[-0.46523,52.33261],[-0.46451,52.3261],[-0.46537,52.32295],[-0.47415,52.31975],[-0.47626,52.31806],[-0.47813,52.31928],[-0.48188,52.32076],[-0.48714,52.32108],[-0.50665,52.31991],[-0.51684,52.31765],[-0.51983,52.31769],[-0.5198,52.31662],[-0.51405,52.3147],[-0.51687,52.31295],[-0.5406,52.29149],[-0.54197,52.28994],[-0.54196,52.28886],[-0.53869,52.28582],[-0.53815,52.28482],[-0.5341,52.28135],[-0.53416,52.27762],[-0.53252,52.27254],[-0.53119,52.2704],[-0.53643,52.26821],[-0.53932,52.26609],[-0.53774,52.26286],[-0.53762,52.26165],[-0.5399,52.25731],[-0.54288,52.25597],[-0.54614,52.25673],[-0.54997,52.25647],[-0.55233,52.25692],[-0.55474,52.25818],[-0.55805,52.25635],[-0.56569,52.25347],[-0.57158,52.25825],[-0.57935,52.26643],[-0.58088,52.26523],[-0.58811,52.27078],[-0.58634,52.27283],[-0.58897,52.27407],[-0.5961,52.27605],[-0.60289,52.27875],[-0.60762,52.27886],[-0.61062,52.2795],[-0.61108,52.27853],[-0.62006,52.27692],[-0.62698,52.27488],[-0.62692,52.27338],[-0.63141,52.27005],[-0.63547,52.27193],[-0.63991,52.27244],[-0.6469,52.27118],[-0.65108,52.26905],[-0.65366,52.26829],[-0.65276,52.26659],[-0.65003,52.25678],[-0.64979,52.25411],[-0.64897,52.25271],[-0.6455,52.24246],[-0.64309,52.23854],[-0.64345,52.23586],[-0.64273,52.23332],[-0.63966,52.22895],[-0.63733,52.22732],[-0.64362,52.22336],[-0.64863,52.22088],[-0.65237,52.21726],[-0.65358,52.21524],[-0.6585,52.21008],[-0.66146,52.20813],[-0.66866,52.19773],[-0.66814,52.19503],[-0.66794,52.19407],[-0.66599,52.19273],[-0.66131,52.19177],[-0.65745,52.18978],[-0.65558,52.1896],[-0.651,52.18997],[-0.64316,52.18884],[-0.64086,52.18717],[-0.63914,52.18669],[-0.63951,52.18343],[-0.63029,52.18178],[-0.62745,52.18155],[-0.62932,52.17871],[-0.62772,52.17619],[-0.62825,52.17254],[-0.63117,52.17182],[-0.63353,52.16995],[-0.63493,52.16807],[-0.63449,52.16658],[-0.63149,52.16426],[-0.63014,52.16196],[-0.62961,52.15957],[-0.63069,52.15502],[-0.63276,52.15399],[-0.63581,52.15319],[-0.64077,52.15282],[-0.63603,52.14751],[-0.63792,52.14613],[-0.63639,52.14377],[-0.63436,52.14239],[-0.6356,52.1412],[-0.63545,52.13925],[-0.63462,52.13797],[-0.63012,52.13741],[-0.62706,52.13523],[-0.62411,52.13459],[-0.61936,52.13302],[-0.61763,52.13304],[-0.61415,52.1339],[-0.60725,52.13387],[-0.60402,52.13023],[-0.60212,52.12893],[-0.59891,52.12573],[-0.59901,52.1236],[-0.59781,52.12195],[-0.59693,52.11922],[-0.59783,52.11561],[-0.59573,52.11358],[-0.59305,52.11226],[-0.59325,52.11049],[-0.59714,52.10857],[-0.59862,52.10688],[-0.60187,52.10503],[-0.59675,52.10168],[-0.59811,52.10103],[-0.60254,52.10014],[-0.60396,52.09912],[-0.60453,52.09582],[-0.60727,52.09456],[-0.60579,52.09212],[-0.61121,52.09011],[-0.61517,52.08895],[-0.61651,52.08822],[-0.61858,52.08562],[-0.62116,52.08434],[-0.62338,52.08374],[-0.62582,52.08446],[-0.62816,52.08214],[-0.63136,52.08097],[-0.63243,52.07975],[-0.63537,52.07818],[-0.63645,52.07709],[-0.63854,52.07313],[-0.63859,52.0717],[-0.64158,52.06772],[-0.6437,52.06667],[-0.64833,52.0658],[-0.65101,52.06414],[-0.65342,52.06174],[-0.65438,52.0595],[-0.65913,52.05696],[-0.66124,52.05396],[-0.66333,52.05253],[-0.66764,52.05039],[-0.66898,52.04872],[-0.64306,52.03726],[-0.64387,52.03554],[-0.64326,52.03466],[-0.6434,52.03256],[-0.64482,52.03122],[-0.64225,52.03029],[-0.64389,52.02827],[-0.64254,52.02809],[-0.64301,52.0259],[-0.64033,52.02366],[-0.64585,52.02168],[-0.64754,52.01903],[-0.65096,52.01855],[-0.65056,52.01704],[-0.64832,52.01525],[-0.64501,52.01366],[-0.64346,52.0109],[-0.64543,52.01033],[-0.64941,52.01026],[-0.65066,52.00967],[-0.65628,52.00539],[-0.65662,52.00398],[-0.65875,52.00174],[-0.65938,52.00004],[-0.66169,51.99974],[-0.66024,51.99669],[-0.66012,51.99468],[-0.65932,51.99304],[-0.66063,51.9908],[-0.65779,51.98982],[-0.65547,51.9882],[-0.65597,51.98674],[-0.6551,51.98518],[-0.65617,51.98203],[-0.65129,51.97762],[-0.64908,51.97622],[-0.64808,51.9744],[-0.64568,51.97223],[-0.64986,51.97127],[-0.65224,51.97034],[-0.65302,51.96925],[-0.65124,51.96825],[-0.65351,51.96714],[-0.65363,51.9639],[-0.65547,51.96125],[-0.65528,51.96058],[-0.65937,51.95986],[-0.6603,51.9578],[-0.66212,51.95555],[-0.66415,51.95652],[-0.66756,51.95448],[-0.67175,51.95622],[-0.67278,51.95449],[-0.67308,51.95222],[-0.67144,51.95075],[-0.67128,51.94974],[-0.6697,51.94867],[-0.67064,51.94723],[-0.6727,51.94597],[-0.67076,51.94479],[-0.67054,51.94358],[-0.67386,51.9432],[-0.67494,51.94506],[-0.67862,51.9444],[-0.68229,51.94276],[-0.68208,51.9398],[-0.68105,51.93863],[-0.68159,51.93764],[-0.6803,51.93644],[-0.68158,51.93514],[-0.68296,51.93584],[-0.68883,51.92915],[-0.69146,51.92705],[-0.69029,51.92543],[-0.69262,51.92058],[-0.69584,51.91711],[-0.69852,51.91315],[-0.70216,51.90912],[-0.6963,51.90408],[-0.69577,51.90183],[-0.69446,51.90073],[-0.69222,51.90016],[-0.68268,51.90028],[-0.67842,51.90152],[-0.67371,51.90155],[-0.6712,51.9],[-0.66725,51.89663],[-0.66254,51.89598],[-0.65957,51.89422],[-0.65899,51.893],[-0.66037,51.89222],[-0.65963,51.89062],[-0.65531,51.8888],[-0.65481,51.88792],[-0.64796,51.88566],[-0.64644,51.88548],[-0.63734,51.88264],[-0.62908,51.88247],[-0.62842,51.88212],[-0.62302,51.88452],[-0.62009,51.88549],[-0.61256,51.87756],[-0.60897,51.87556],[-0.58686,51.87054],[-0.58356,51.87032],[-0.58248,51.8678],[-0.57975,51.86637],[-0.57727,51.86599],[-0.57386,51.86247],[-0.5735,51.86085],[-0.56925,51.85807],[-0.57144,51.85504],[-0.57073,51.85459],[-0.56927,51.85176],[-0.56682,51.85081],[-0.56537,51.84837],[-0.56199,51.84556],[-0.55734,51.84511],[-0.55593,51.84331],[-0.55331,51.84166],[-0.55105,51.83961],[-0.54825,51.83589],[-0.5453,51.83505],[-0.54186,51.83297],[-0.53762,51.83147],[-0.53963,51.82826],[-0.5415,51.82699],[-0.54236,51.82529],[-0.54373,51.82458],[-0.54627,51.82587],[-0.54894,51.82802],[-0.55003,51.82814],[-0.55361,51.82675],[-0.55538,51.82839],[-0.55714,51.83097],[-0.56066,51.83008],[-0.56127,51.82887],[-0.55798,51.82554],[-0.55879,51.82466],[-0.56079,51.82638],[-0.56242,51.82373],[-0.56623,51.82094],[-0.56714,51.81981],[-0.57106,51.81897],[-0.57242,51.81943],[-0.57517,51.81882],[-0.57624,51.81694],[-0.5743,51.81625],[-0.57722,51.81178],[-0.58157,51.80759],[-0.58183,51.80691],[-0.59165,51.80814],[-0.59448,51.81115],[-0.59483,51.81402],[-0.59761,51.81428],[-0.60318,51.81329],[-0.60643,51.81235],[-0.61187,51.81204],[-0.61429,51.81348],[-0.61555,51.81496],[-0.61839,51.81453],[-0.62067,51.81492],[-0.62181,51.81604],[-0.62565,51.81587],[-0.6276,51.8173],[-0.63294,51.81995],[-0.63441,51.81861],[-0.63722,51.81794],[-0.64101,51.81639],[-0.64438,51.81576],[-0.64777,51.81361],[-0.65112,51.81526],[-0.65623,51.81585],[-0.65925,51.81543],[-0.6629,51.81624],[-0.66428,51.81559],[-0.66725,51.81581],[-0.66888,51.8172],[-0.66908,51.81861],[-0.67223,51.81948],[-0.67677,51.82395],[-0.67846,51.82603],[-0.67969,51.82911],[-0.6821,51.83227],[-0.6833,51.83551],[-0.68799,51.83993],[-0.69031,51.84129],[-0.69207,51.84026],[-0.69545,51.84111],[-0.69177,51.84507],[-0.68677,51.84922],[-0.68836,51.85066],[-0.69233,51.85705],[-0.6946,51.85645],[-0.69643,51.85816],[-0.69997,51.85797],[-0.70193,51.85743],[-0.70358,51.85608],[-0.70716,51.8544],[-0.70916,51.856],[-0.71056,51.85782],[-0.71576,51.8575],[-0.72034,51.85615],[-0.72258,51.85423],[-0.72202,51.8512],[-0.7226,51.85003],[-0.72531,51.8498],[-0.72727,51.85038],[-0.7312,51.84904],[-0.73292,51.84763],[-0.73462,51.84421],[-0.73638,51.8424],[-0.74144,51.84261],[-0.74574,51.84211],[-0.7448,51.83762],[-0.73788,51.83404],[-0.73671,51.8319],[-0.73785,51.83095],[-0.7315,51.82654],[-0.73043,51.82518],[-0.72896,51.82176],[-0.72365,51.81777],[-0.71921,51.81613],[-0.71434,51.81731],[-0.71185,51.81833],[-0.7093,51.82054],[-0.70115,51.81486],[-0.69914,51.81197],[-0.69628,51.81015],[-0.69255,51.8058],[-0.68876,51.80311],[-0.68265,51.79721],[-0.68402,51.79627],[-0.68219,51.79458],[-0.68397,51.79379],[-0.69019,51.79234],[-0.6815,51.78806],[-0.6794,51.78476],[-0.67913,51.78207],[-0.67749,51.78094],[-0.67619,51.77846],[-0.67737,51.77587],[-0.67609,51.77328],[-0.676,51.77126],[-0.67345,51.76848],[-0.6688,51.76578],[-0.66362,51.7648],[-0.65793,51.76287],[-0.6526,51.75948],[-0.6514,51.75996],[-0.6486,51.75855],[-0.64687,51.75601],[-0.64346,51.75402],[-0.63443,51.75311],[-0.631,51.75304],[-0.62828,51.75468],[-0.62323,51.75437],[-0.6202,51.75288],[-0.61729,51.75265],[-0.61377,51.75091],[-0.61354,51.7483],[-0.61112,51.7481],[-0.6091,51.74947],[-0.60515,51.74987],[-0.60087,51.75136],[-0.59527,51.75132],[-0.58638,51.75212],[-0.58415,51.74677],[-0.58081,51.74364],[-0.57943,51.74126],[-0.57617,51.73782],[-0.57276,51.73586],[-0.5637,51.73962],[-0.56295,51.73828],[-0.56558,51.73655],[-0.56345,51.73567],[-0.56032,51.73729],[-0.55925,51.73733],[-0.55835,51.73411],[-0.556,51.73321],[-0.55452,51.73413],[-0.553,51.73333],[-0.5543,51.73234],[-0.55008,51.73058],[-0.55156,51.73004],[-0.5536,51.72841],[-0.55143,51.72517],[-0.5503,51.7244],[-0.55041,51.72304],[-0.55584,51.72182],[-0.55848,51.7193],[-0.5611,51.71808],[-0.56242,51.71587],[-0.56315,51.71168],[-0.55808,51.70848],[-0.55721,51.70708],[-0.55533,51.70553],[-0.55242,51.70404],[-0.54767,51.70318],[-0.54675,51.70132],[-0.54688,51.69864],[-0.54438,51.69725],[-0.54322,51.69514],[-0.5434,51.69278],[-0.54712,51.68921],[-0.54863,51.68701],[-0.54916,51.68487],[-0.54869,51.68265],[-0.54671,51.683],[-0.54628,51.68044],[-0.53963,51.68027],[-0.53889,51.67983],[-0.5348,51.68169],[-0.53212,51.68178],[-0.53112,51.68068],[-0.5276,51.68168],[-0.52427,51.68211],[-0.52493,51.67872],[-0.52247,51.67881],[-0.52165,51.67984],[-0.51681,51.6802],[-0.51539,51.67944],[-0.5109,51.67982],[-0.50982,51.67869],[-0.50793,51.67798],[-0.50511,51.67308],[-0.50789,51.67196],[-0.51002,51.66988],[-0.51247,51.6686],[-0.51406,51.66705],[-0.51472,51.66545],[-0.51751,51.66705],[-0.52099,51.66805],[-0.52253,51.66357],[-0.52236,51.65935],[-0.52425,51.65794],[-0.53263,51.66301],[-0.53327,51.66092],[-0.53634,51.66036],[-0.53646,51.65549],[-0.53425,51.65295],[-0.53667,51.65237],[-0.53093,51.64913],[-0.53196,51.64768],[-0.5349,51.64563],[-0.53739,51.64291],[-0.53884,51.64045],[-0.53926,51.63804],[-0.53413,51.63715],[-0.53564,51.63581],[-0.53567,51.63482],[-0.53454,51.6299],[-0.53198,51.62551],[-0.53006,51.61715],[-0.52823,51.6147],[-0.5263,51.61378],[-0.52428,51.6102],[-0.5225,51.60506],[-0.52053,51.60191],[-0.51765,51.60026],[-0.51143,51.59964],[-0.50342,51.59991],[-0.5006,51.59969],[-0.50017,51.60123],[-0.49812,51.60091],[-0.49668,51.60142],[-0.4972,51.60481],[-0.49856,51.60831],[-0.49894,51.61107],[-0.49778,51.61443],[-0.49703,51.61488],[-0.49532,51.61894],[-0.49687,51.62052],[-0.49911,51.62103],[-0.50015,51.62207],[-0.50005,51.62365],[-0.49837,51.62474],[-0.49764,51.62662],[-0.50015,51.62864],[-0.49926,51.63048],[-0.49713,51.63168],[-0.49153,51.63076],[-0.48818,51.62696],[-0.47867,51.6225],[-0.4767,51.62189],[-0.46915,51.61684],[-0.46445,51.61477],[-0.45713,51.61229],[-0.45535,51.6127],[-0.44888,51.61533],[-0.44555,51.61962],[-0.44326,51.6195],[-0.44058,51.62007],[-0.43828,51.61992],[-0.43273,51.61835],[-0.4284,51.61775],[-0.42648,51.61701],[-0.4209,51.61693],[-0.41662,51.61643],[-0.411,51.61379],[-0.404,51.61318],[-0.39947,51.61341],[-0.39268,51.61518],[-0.38587,51.61582],[-0.38203,51.61742],[-0.37584,51.61819],[-0.36817,51.62065],[-0.36554,51.62133],[-0.35968,51.62526],[-0.34922,51.62691],[-0.34511,51.62833],[-0.33989,51.63072],[-0.33828,51.62947],[-0.33258,51.63374],[-0.32998,51.63534],[-0.32655,51.63672],[-0.31979,51.63822],[-0.31667,51.64054],[-0.31232,51.63896],[-0.30538,51.63711],[-0.30445,51.63635],[-0.29613,51.63545],[-0.29187,51.63648],[-0.28779,51.63651],[-0.2855,51.63695],[-0.28139,51.63835],[-0.27861,51.63832],[-0.27418,51.63931],[-0.27287,51.6421],[-0.26825,51.64239],[-0.26835,51.64383],[-0.26677,51.64411],[-0.26436,51.64363],[-0.26327,51.64483],[-0.2616,51.64399],[-0.26071,51.64267],[-0.25737,51.64182],[-0.25618,51.64351],[-0.25449,51.64368],[-0.25156,51.64795],[-0.24935,51.65606],[-0.24787,51.65525],[-0.24362,51.65669],[-0.24099,51.65684],[-0.23797,51.65779],[-0.23668,51.65878],[-0.23423,51.65825],[-0.22892,51.65998],[-0.22806,51.65859],[-0.22604,51.65763],[-0.2198,51.66066],[-0.21889,51.66006],[-0.21339,51.66238],[-0.21214,51.66135],[-0.20786,51.66286],[-0.21113,51.66695],[-0.20984,51.66756],[-0.20796,51.66659],[-0.20563,51.6686],[-0.20223,51.66781],[-0.20335,51.67013],[-0.19987,51.67017],[-0.19901,51.66821],[-0.19485,51.66831],[-0.19666,51.66548],[-0.19253,51.66475],[-0.19107,51.6639],[-0.18779,51.66788],[-0.1858,51.66851],[-0.18196,51.66868],[-0.17671,51.6721],[-0.17566,51.67316],[-0.17247,51.67309],[-0.16361,51.6824],[-0.16349,51.68812],[-0.15862,51.6874],[-0.15288,51.6858],[-0.14943,51.68551],[-0.14551,51.68614],[-0.13911,51.688],[-0.13465,51.68879],[-0.12876,51.68886],[-0.12207,51.68852],[-0.1182,51.68907],[-0.10976,51.69163],[-0.10578,51.69188],[-0.0984,51.69091],[-0.09483,51.6901],[-0.08389,51.68991],[-0.07896,51.68884],[-0.06715,51.68406],[-0.06209,51.68298],[-0.05701,51.68297],[-0.0517,51.68354],[-0.04931,51.68424],[-0.04706,51.68344],[-0.04367,51.6831],[-0.03339,51.68249],[-0.02838,51.68233],[-0.01977,51.68115],[-0.01107,51.68087],[-0.01033,51.67666],[-0.01135,51.67192],[-0.01056,51.66914],[-0.01122,51.66761],[-0.01149,51.66389],[-0.00909,51.66101],[-0.00894,51.66022],[-0.01178,51.65304],[-0.01184,51.64885],[-0.01226,51.64623],[-0.00921,51.64653],[-0.00734,51.64616],[-0.00845,51.6445],[-0.00819,51.64361],[-0.00456,51.64354],[-0.00398,51.64272],[-0.00049,51.64371],[0.00107,51.64176],[0.0099,51.64145],[0.01742,51.64026],[0.02272,51.64112],[0.02308,51.63772],[0.02516,51.63729],[0.02471,51.63605],[0.02574,51.63457],[0.02433,51.63239],[0.02389,51.6308],[0.02182,51.62883],[0.02459,51.62752],[0.02683,51.62591],[0.0327,51.62234],[0.03748,51.61833],[0.04021,51.61641],[0.04786,51.61741],[0.0531,51.61842],[0.05445,51.61761],[0.05327,51.61634],[0.05191,51.6169],[0.05015,51.61642],[0.0485,51.61503],[0.04887,51.61358],[0.05866,51.6091],[0.06262,51.60704],[0.06396,51.60724],[0.06597,51.60632],[0.07281,51.60468],[0.0767,51.60631],[0.07937,51.60704],[0.08444,51.60634],[0.08714,51.60442],[0.08919,51.60542],[0.09254,51.60619],[0.09173,51.60741],[0.09264,51.60942],[0.09465,51.61079],[0.09228,51.61357],[0.09807,51.61542],[0.10019,51.61273],[0.10341,51.61345],[0.10384,51.61255],[0.10963,51.61396],[0.11671,51.61692],[0.11931,51.61537],[0.1242,51.61751],[0.1261,51.61964],[0.12884,51.62067],[0.12919,51.6214],[0.13581,51.62355],[0.15107,51.62325],[0.15555,51.62334],[0.16584,51.62238],[0.1689,51.62142],[0.1753,51.62359],[0.1804,51.62447],[0.18061,51.62574],[0.18278,51.62573],[0.18593,51.62437],[0.186,51.62552],[0.18981,51.6251],[0.19478,51.62571],[0.20031,51.62494],[0.20361,51.62517],[0.2085,51.62669],[0.21211,51.62719],[0.21755,51.62909],[0.22208,51.63013],[0.22409,51.63174],[0.23735,51.62407],[0.25279,51.61743],[0.25769,51.61418],[0.25905,51.61228],[0.26456,51.60832],[0.26312,51.60732],[0.26168,51.60746],[0.25808,51.60651],[0.258,51.60491],[0.25392,51.60192],[0.25482,51.60134],[0.25825,51.60092],[0.26465,51.59974],[0.26987,51.59955],[0.27032,51.59755],[0.26933,51.5953],[0.26988,51.59247],[0.2721,51.58766],[0.27381,51.58681],[0.28197,51.5789],[0.28503,51.57418],[0.28667,51.57357],[0.28669,51.57155],[0.29029,51.5643],[0.31304,51.56582],[0.31529,51.55784],[0.31844,51.55678],[0.3189,51.55519],[0.32205,51.5542],[0.32231,51.55278],[0.32516,51.55306],[0.32782,51.55099],[0.32798,51.54856],[0.32947,51.54656],[0.33145,51.54594],[0.3339,51.54249],[0.33333,51.54126],[0.33159,51.5408],[0.32244,51.54052],[0.31053,51.53965],[0.31004,51.53929],[0.30072,51.53876],[0.30086,51.53813],[0.29721,51.53766],[0.29775,51.53532],[0.28176,51.53394],[0.27634,51.53293],[0.27071,51.53309],[0.26535,51.53215],[0.26539,51.52496],[0.26675,51.52451],[0.26664,51.52296],[0.26501,51.5229],[0.26404,51.52108],[0.26368,51.51787],[0.2603,51.51837],[0.25893,51.51776],[0.25383,51.51789],[0.25233,51.52479],[0.25154,51.52597],[0.25085,51.52882],[0.24896,51.52867],[0.24829,51.52755],[0.24632,51.52653],[0.24709,51.52509],[0.24584,51.52352],[0.24286,51.52439],[0.24104,51.52261],[0.24072,51.52121],[0.2443,51.52047],[0.24491,51.51876],[0.24394,51.51834],[0.2402,51.51935],[0.23718,51.51933],[0.24114,51.51374],[0.23997,51.51305],[0.24031,51.51076],[0.2415,51.51062],[0.24192,51.50796],[0.23985,51.50728],[0.23344,51.50667],[0.22896,51.5068],[0.2266,51.50656],[0.22661,51.50449],[0.22997,51.49937],[0.22791,51.49886],[0.22436,51.49733],[0.22165,51.49781],[0.21703,51.49658],[0.21549,51.49662],[0.21307,51.49502],[0.21193,51.49104],[0.21069,51.49018],[0.21557,51.4896],[0.21699,51.48877],[0.22217,51.4872],[0.22616,51.48554],[0.22722,51.48549],[0.23045,51.48252],[0.2383,51.47801],[0.24129,51.47582],[0.24712,51.47279],[0.24949,51.47234],[0.2555,51.47049],[0.25693,51.46952],[0.26069,51.46834],[0.26417,51.46771],[0.26639,51.46641],[0.27095,51.46558],[0.27187,51.46466],[0.27457,51.4644],[0.27889,51.46285],[0.28145,51.46139],[0.28319,51.46304],[0.2848,51.46376],[0.28799,51.46713],[0.29187,51.46977],[0.29778,51.4722],[0.30859,51.47441],[0.31007,51.47395],[0.31553,51.47407],[0.32539,51.4716],[0.32816,51.46934],[0.33381,51.46407],[0.33233,51.46177],[0.33474,51.45668],[0.33863,51.45582],[0.33875,51.45388],[0.34086,51.45233],[0.34571,51.45163],[0.35274,51.45127],[0.35823,51.45135],[0.359,51.45112],[0.36572,51.45126],[0.36836,51.45228],[0.37032,51.45165],[0.37766,51.45194],[0.38041,51.45274],[0.38842,51.45292],[0.39367,51.4528],[0.39486,51.4535],[0.4036,51.45372],[0.41324,51.4559],[0.4153,51.45581],[0.42904,51.45948],[0.43034,51.45924],[0.43434,51.46201],[0.43552,51.46475],[0.43547,51.46622],[0.43756,51.47312],[0.43826,51.4741],[0.43975,51.48085],[0.43887,51.48192],[0.43999,51.48292],[0.43963,51.48629],[0.44103,51.49076],[0.44004,51.49185],[0.44171,51.49284],[0.44244,51.49425],[0.44466,51.49598],[0.44558,51.49812],[0.44532,51.49932],[0.44357,51.50115],[0.44072,51.50217],[0.44111,51.50318],[0.44429,51.50468],[0.44914,51.50477],[0.45196,51.50539],[0.45294,51.50497],[0.45767,51.5058],[0.46054,51.50711],[0.46248,51.50587],[0.46518,51.50553],[0.46765,51.50387],[0.46859,51.50117],[0.48722,51.50327],[0.48739,51.50265],[0.50517,51.50465],[0.50497,51.50557],[0.50848,51.50533],[0.51813,51.50895],[0.52016,51.50991],[0.52262,51.5079],[0.53143,51.50854],[0.53357,51.50903],[0.53378,51.50998],[0.5367,51.51054],[0.54125,51.51258],[0.54092,51.51367],[0.53895,51.51441],[0.53221,51.51411],[0.52386,51.51541],[0.52169,51.51624],[0.51974,51.51788],[0.51873,51.51946],[0.5185,51.52158],[0.51901,51.52328],[0.51751,51.52728],[0.51565,51.52831],[0.50856,51.53026],[0.50676,51.53132],[0.50596,51.53301],[0.50782,51.53548],[0.50597,51.53869],[0.50614,51.54175],[0.5056,51.54266],[0.50293,51.5441],[0.49764,51.54464],[0.49445,51.54572],[0.49187,51.54889],[0.49419,51.55258],[0.49489,51.55142],[0.4932,51.55008],[0.493,51.54863],[0.49389,51.54719],[0.49761,51.54527],[0.50069,51.54549],[0.50536,51.54396],[0.50722,51.54192],[0.50774,51.53899],[0.50943,51.53664],[0.50928,51.53552],[0.50753,51.53323],[0.50785,51.53119],[0.51207,51.53079],[0.5122,51.5317],[0.51677,51.52999],[0.52251,51.53283],[0.52658,51.53261],[0.52882,51.53178],[0.5308,51.53182],[0.53333,51.53095],[0.53539,51.53121],[0.53857,51.53395],[0.54239,51.53509],[0.54391,51.54145],[0.54317,51.544],[0.54511,51.54769],[0.54734,51.54768],[0.55095,51.54596],[0.55533,51.54503],[0.55959,51.54466],[0.5639,51.54242],[0.56676,51.54143],[0.5703,51.54116],[0.57867,51.53929],[0.581,51.53966],[0.58749,51.53892],[0.59942,51.53715],[0.60033,51.53725],[0.6042,51.53605],[0.60869,51.53516],[0.61308,51.53494],[0.61432,51.53539],[0.62154,51.53597],[0.62442,51.53678],[0.62857,51.53879],[0.63164,51.53863],[0.63324,51.53924],[0.63656,51.53923],[0.64315,51.54111],[0.64816,51.54049],[0.65225,51.53944],[0.65903,51.53872],[0.66516,51.53884],[0.67072,51.53815],[0.6805,51.53582],[0.69285,51.53494],[0.70275,51.53314],[0.7114,51.53317],[0.71423,51.53228],[0.71822,51.53206],[0.72051,51.53252],[0.73156,51.53006],[0.73651,51.52959],[0.74407,51.52993],[0.75081,51.52953],[0.75708,51.52842],[0.76826,51.52551],[0.77655,51.52267],[0.7821,51.52134],[0.7874,51.52186],[0.79979,51.52977],[0.81091,51.53595],[0.81385,51.5367],[0.81684,51.53913],[0.82097,51.54092],[0.8291,51.54411],[0.83368,51.54524],[0.83889,51.54813],[0.84295,51.54948],[0.84423,51.54938],[0.84877,51.55156],[0.85099,51.55387],[0.85052,51.55657],[0.84124,51.55998],[0.83849,51.56032],[0.83419,51.55974],[0.82979,51.55944],[0.82903,51.56199],[0.8247,51.56353],[0.82078,51.56331],[0.81922,51.56178],[0.81767,51.56312],[0.81962,51.56518],[0.81751,51.56667],[0.81719,51.56813],[0.818,51.56965],[0.81657,51.57187],[0.81488,51.5726],[0.81343,51.57473],[0.81447,51.5749],[0.81366,51.57699],[0.81026,51.57772],[0.80811,51.57871],[0.80379,51.5772],[0.79673,51.576],[0.79564,51.5746],[0.79669,51.57334],[0.79946,51.57252],[0.80065,51.5729],[0.80377,51.57245],[0.80482,51.57156],[0.80998,51.56983],[0.80751,51.56759],[0.8062,51.56864],[0.80712,51.56943],[0.80248,51.572],[0.79877,51.57177],[0.79859,51.57041],[0.79525,51.57269],[0.79366,51.57506],[0.79478,51.57683],[0.79733,51.57779],[0.80209,51.57812],[0.80669,51.57966],[0.80746,51.58131],[0.8059,51.58608],[0.80035,51.58456],[0.79544,51.58353],[0.79072,51.58417],[0.7879,51.5849],[0.78517,51.58479],[0.78278,51.58349],[0.77902,51.5822],[0.77789,51.58252],[0.77502,51.58139],[0.77135,51.58108],[0.77061,51.5797],[0.7678,51.58054],[0.76486,51.58055],[0.76052,51.57862],[0.76097,51.57633],[0.75886,51.57711],[0.75773,51.57859],[0.75201,51.57882],[0.74711,51.57759],[0.74425,51.57795],[0.73932,51.57781],[0.73344,51.57664],[0.73001,51.57644],[0.72705,51.57682],[0.72621,51.57806],[0.72423,51.57903],[0.72407,51.58007],[0.72816,51.57871],[0.73388,51.57897],[0.73844,51.57992],[0.74474,51.58164],[0.74583,51.58222],[0.74765,51.58133],[0.75649,51.58049],[0.75831,51.58056],[0.76035,51.58148],[0.76055,51.58263],[0.75977,51.58468],[0.75477,51.58515],[0.75098,51.58641],[0.75427,51.58819],[0.75591,51.58702],[0.76003,51.586],[0.76169,51.58417],[0.76434,51.58323],[0.76773,51.58357],[0.7691,51.5844],[0.77303,51.58359],[0.77502,51.5845],[0.77815,51.58492],[0.78028,51.58623],[0.78185,51.58652],[0.78378,51.58794],[0.7849,51.58751],[0.78803,51.5878],[0.79639,51.58639],[0.79951,51.58724],[0.80378,51.58911],[0.80957,51.59295],[0.81056,51.594],[0.81636,51.59675],[0.81907,51.5976],[0.8171,51.59943],[0.81618,51.6024],[0.81517,51.60362],[0.81322,51.60458],[0.80905,51.60576],[0.8069,51.60776],[0.80431,51.60844],[0.80175,51.60964],[0.79962,51.61124],[0.79843,51.61368],[0.80009,51.61377],[0.80156,51.61092],[0.80507,51.60929],[0.80824,51.60818],[0.81079,51.60642],[0.81636,51.60455],[0.81761,51.60349],[0.81864,51.60158],[0.81872,51.6002],[0.82043,51.59891],[0.82415,51.59856],[0.829,51.59862],[0.8416,51.59752],[0.84823,51.59644],[0.85402,51.59583],[0.85266,51.59692],[0.85298,51.59821],[0.85621,51.59943],[0.85719,51.60107],[0.8593,51.6003],[0.86105,51.60232],[0.85892,51.60364],[0.85781,51.60758],[0.85402,51.60817],[0.85088,51.60771],[0.84676,51.60901],[0.84662,51.61183],[0.85111,51.61158],[0.85589,51.60973],[0.86082,51.60961],[0.85982,51.61122],[0.85767,51.61186],[0.84594,51.61386],[0.8416,51.61511],[0.84572,51.61622],[0.84496,51.61674],[0.83513,51.61823],[0.84003,51.61653],[0.84168,51.61544],[0.83389,51.61474],[0.82576,51.61535],[0.8216,51.61621],[0.81697,51.61797],[0.81248,51.62074],[0.81022,51.62158],[0.80479,51.62203],[0.79965,51.62165],[0.79508,51.62216],[0.79247,51.62299],[0.78419,51.62327],[0.78439,51.62428],[0.78042,51.62698],[0.77869,51.62945],[0.77509,51.63245],[0.77075,51.63402],[0.76772,51.6356],[0.76396,51.63682],[0.76057,51.63644],[0.75992,51.63542],[0.75621,51.63308],[0.75177,51.6315],[0.73954,51.63061],[0.73709,51.6303],[0.73307,51.63033],[0.73011,51.63071],[0.73086,51.63182],[0.72592,51.63474],[0.72077,51.63566],[0.71827,51.63473],[0.71135,51.63366],[0.70727,51.63354],[0.68853,51.63438],[0.67582,51.63378],[0.67167,51.63402],[0.66978,51.63374],[0.6669,51.63434],[0.66163,51.634],[0.65592,51.63489],[0.65812,51.63272],[0.65818,51.63085],[0.65517,51.62992],[0.65357,51.62888],[0.65061,51.62852],[0.65052,51.62613],[0.65187,51.62574],[0.65169,51.62351],[0.64818,51.62346],[0.64776,51.62506],[0.64395,51.62481],[0.64334,51.62585],[0.64709,51.62602],[0.64568,51.62753],[0.64457,51.63003],[0.64215,51.6296],[0.63914,51.63142],[0.63767,51.63165],[0.63176,51.63117],[0.63007,51.63148],[0.62248,51.63126],[0.6174,51.63077],[0.61327,51.62981],[0.61136,51.62902],[0.60794,51.62858],[0.6026,51.62952],[0.59748,51.62961],[0.59579,51.63135],[0.59244,51.63047],[0.58812,51.63034],[0.58925,51.62857],[0.58695,51.62626],[0.58581,51.62648],[0.5878,51.62854],[0.58689,51.63058],[0.588,51.63124],[0.59229,51.63144],[0.59499,51.63249],[0.59748,51.63237],[0.59874,51.6306],[0.60127,51.63072],[0.60654,51.62973],[0.61126,51.63014],[0.61201,51.63088],[0.61836,51.63253],[0.62245,51.63298],[0.62492,51.63292],[0.62717,51.63351],[0.63223,51.63237],[0.63369,51.63313],[0.63819,51.63322],[0.64351,51.63416],[0.64522,51.6353],[0.64474,51.63699],[0.63984,51.63828],[0.63774,51.63842],[0.63787,51.63666],[0.632,51.63721],[0.62969,51.63773],[0.62849,51.63922],[0.63306,51.63987],[0.63392,51.64035],[0.63626,51.63969],[0.6405,51.6395],[0.64669,51.63821],[0.65288,51.63837],[0.65781,51.63785],[0.65891,51.63912],[0.65846,51.64348],[0.65698,51.64437],[0.65049,51.64574],[0.65099,51.64708],[0.65644,51.64575],[0.66009,51.64422],[0.66526,51.64242],[0.66477,51.64193],[0.65992,51.64307],[0.66073,51.63733],[0.66331,51.63698],[0.66456,51.63905],[0.66705,51.63898],[0.66768,51.64085],[0.66977,51.6394],[0.66934,51.63827],[0.67323,51.63938],[0.67542,51.63869],[0.67612,51.637],[0.67857,51.63668],[0.68522,51.63723],[0.68756,51.6372],[0.68829,51.63786],[0.69201,51.63707],[0.69444,51.63888],[0.69591,51.63933],[0.69937,51.63739],[0.7015,51.6369],[0.70854,51.63674],[0.70958,51.63709],[0.71172,51.64081],[0.71701,51.64309],[0.72249,51.64289],[0.72649,51.64217],[0.73095,51.64309],[0.73455,51.64265],[0.73813,51.64169],[0.74187,51.64132],[0.74611,51.64312],[0.74898,51.64378],[0.75477,51.64277],[0.75655,51.64308],[0.76165,51.64272],[0.76347,51.64215],[0.76467,51.64104],[0.77113,51.63877],[0.77371,51.63762],[0.78002,51.6343],[0.78364,51.63089],[0.78993,51.62699],[0.79512,51.62551],[0.79744,51.62534],[0.80302,51.62589],[0.80209,51.62876],[0.80509,51.62893],[0.80544,51.62675],[0.80752,51.62625],[0.81631,51.6254],[0.81826,51.62458],[0.82153,51.62393],[0.82303,51.62324],[0.83336,51.62257],[0.83778,51.62346],[0.84125,51.62265],[0.84199,51.62292],[0.8539,51.62157],[0.85951,51.62133],[0.86525,51.62204],[0.86731,51.6226],[0.87728,51.62346],[0.88315,51.62338],[0.88539,51.6236],[0.88802,51.62285],[0.89104,51.62405],[0.89424,51.62299],[0.89693,51.62307],[0.90421,51.62253],[0.90802,51.62365],[0.91147,51.62426],[0.91556,51.62573],[0.92152,51.6275],[0.92526,51.62946],[0.92646,51.62902],[0.93445,51.63284],[0.93699,51.63622],[0.93708,51.6404],[0.93484,51.64525],[0.9355,51.65027],[0.93691,51.65161],[0.93676,51.65302],[0.9384,51.65342],[0.93906,51.6553],[0.93834,51.65656],[0.93999,51.65976],[0.94162,51.66083],[0.94095,51.66221],[0.94223,51.66408],[0.94127,51.66559],[0.94255,51.66928],[0.94208,51.6704],[0.94377,51.67443],[0.94637,51.67561],[0.94449,51.67744],[0.94652,51.67885],[0.94607,51.67977],[0.94747,51.68106],[0.94714,51.68271],[0.94869,51.68326],[0.94684,51.68488],[0.94707,51.68716],[0.94661,51.68899],[0.94456,51.69061],[0.94264,51.69396],[0.94135,51.69482],[0.94056,51.69786],[0.93983,51.69894],[0.94193,51.70403],[0.94376,51.7055],[0.94412,51.70737],[0.94285,51.7094],[0.94284,51.71084],[0.9449,51.71581],[0.94611,51.71651],[0.94706,51.71974],[0.94795,51.72059],[0.9491,51.72317],[0.94828,51.7238],[0.94812,51.72777],[0.9488,51.7311],[0.94754,51.7327],[0.94568,51.73322],[0.94616,51.73503],[0.94406,51.73603],[0.94303,51.73751],[0.94026,51.73991],[0.93898,51.74233],[0.93397,51.74422],[0.93033,51.7466],[0.92221,51.74845],[0.91906,51.74743],[0.91177,51.74637],[0.90926,51.74638],[0.90428,51.74577],[0.89959,51.74485],[0.8946,51.74321],[0.89086,51.74138],[0.88876,51.73913],[0.8899,51.73712],[0.88492,51.73364],[0.88626,51.733],[0.88402,51.73108],[0.88265,51.7319],[0.87864,51.72855],[0.87608,51.72566],[0.87392,51.72535],[0.87085,51.72372],[0.86893,51.72193],[0.86754,51.72193],[0.86099,51.71952],[0.86065,51.71891],[0.85232,51.71705],[0.84916,51.71591],[0.84802,51.71652],[0.84025,51.7156],[0.83947,51.71582],[0.83384,51.71508],[0.82436,51.72021],[0.81971,51.72108],[0.81262,51.71966],[0.8059,51.71774],[0.80177,51.71881],[0.79496,51.71852],[0.79249,51.71704],[0.79198,51.71351],[0.79211,51.71023],[0.7938,51.7101],[0.79514,51.70848],[0.79082,51.70906],[0.78904,51.70732],[0.78626,51.70683],[0.78529,51.70775],[0.78252,51.70766],[0.78026,51.70633],[0.77158,51.70406],[0.77424,51.70295],[0.77544,51.70159],[0.77475,51.70013],[0.77584,51.69803],[0.77444,51.6968],[0.77399,51.69351],[0.77743,51.69318],[0.77642,51.69086],[0.77398,51.69145],[0.77293,51.6935],[0.77282,51.69713],[0.77332,51.69818],[0.77204,51.70178],[0.76738,51.70221],[0.76497,51.70127],[0.75921,51.69985],[0.75826,51.6977],[0.75922,51.69572],[0.7594,51.69352],[0.75774,51.69226],[0.75524,51.69151],[0.75254,51.68883],[0.74953,51.68838],[0.74771,51.68858],[0.74621,51.69057],[0.74247,51.68896],[0.74092,51.68718],[0.73846,51.68697],[0.73764,51.68934],[0.73971,51.69009],[0.73922,51.69151],[0.74207,51.69242],[0.74509,51.69199],[0.74828,51.69096],[0.74706,51.69321],[0.74839,51.69474],[0.75373,51.69492],[0.75444,51.69786],[0.7518,51.70053],[0.75343,51.70072],[0.75515,51.70284],[0.76012,51.70384],[0.76215,51.70504],[0.76359,51.7067],[0.76329,51.70784],[0.76055,51.70892],[0.75657,51.70939],[0.75467,51.71],[0.74958,51.70776],[0.75078,51.70962],[0.74652,51.7096],[0.74573,51.71151],[0.74432,51.71087],[0.74004,51.71176],[0.73895,51.71236],[0.73681,51.71174],[0.73504,51.71278],[0.73278,51.71296],[0.72986,51.71258],[0.72205,51.7143],[0.71993,51.71572],[0.71782,51.71624],[0.71327,51.71533],[0.7099,51.71635],[0.70904,51.71742],[0.70695,51.71823],[0.70357,51.72086],[0.70042,51.72146],[0.70023,51.72237],[0.6981,51.72329],[0.6971,51.72433],[0.69847,51.725],[0.69707,51.72649],[0.69179,51.72674],[0.68871,51.72855],[0.68743,51.73142],[0.68632,51.73207],[0.67883,51.73431],[0.67683,51.73425],[0.67469,51.73544],[0.67234,51.73589],[0.6682,51.73725],[0.66383,51.73919],[0.66385,51.74132],[0.66508,51.74118],[0.66416,51.73936],[0.66788,51.73781],[0.67314,51.73613],[0.67506,51.7364],[0.67715,51.73464],[0.68051,51.73428],[0.68526,51.73305],[0.68646,51.73305],[0.6923,51.72978],[0.69359,51.73031],[0.69507,51.72936],[0.70194,51.72758],[0.7035,51.72745],[0.70366,51.72546],[0.70584,51.72398],[0.70792,51.72478],[0.70829,51.72628],[0.71035,51.7299],[0.71244,51.73114],[0.71457,51.73409],[0.7146,51.73499],[0.7117,51.73519],[0.71224,51.73697],[0.71373,51.73761],[0.71556,51.73664],[0.71817,51.73671],[0.72159,51.73624],[0.72705,51.73366],[0.73059,51.73113],[0.73577,51.72948],[0.73779,51.73047],[0.73775,51.73287],[0.73908,51.733],[0.74115,51.73154],[0.74464,51.73091],[0.75053,51.73251],[0.75001,51.7346],[0.74774,51.73534],[0.74436,51.73455],[0.745,51.73645],[0.74609,51.73675],[0.75431,51.73504],[0.75799,51.73727],[0.75981,51.7375],[0.76318,51.73871],[0.7631,51.74033],[0.76473,51.74067],[0.76746,51.73889],[0.77024,51.7388],[0.77193,51.73932],[0.77187,51.74186],[0.77383,51.74277],[0.77757,51.74296],[0.77742,51.74136],[0.77634,51.74078],[0.77856,51.73931],[0.78116,51.73818],[0.78863,51.73665],[0.79188,51.7387],[0.79674,51.74005],[0.79542,51.7408],[0.79012,51.74002],[0.78997,51.74231],[0.79143,51.74279],[0.79155,51.74473],[0.79452,51.74384],[0.79716,51.74235],[0.79866,51.74227],[0.80422,51.74084],[0.80565,51.74113],[0.81014,51.73974],[0.81112,51.73884],[0.81353,51.73857],[0.82168,51.73881],[0.82301,51.73995],[0.82523,51.73844],[0.83476,51.7388],[0.83897,51.7384],[0.84145,51.73874],[0.84285,51.74083],[0.84459,51.74007],[0.84775,51.7403],[0.85305,51.74211],[0.85223,51.74351],[0.84762,51.74464],[0.84673,51.74547],[0.84718,51.74716],[0.84746,51.74749],[0.85021,51.74739],[0.85157,51.74519],[0.85254,51.74525],[0.85471,51.74371],[0.85663,51.74458],[0.85853,51.7447],[0.86136,51.74604],[0.86317,51.74801],[0.86542,51.74874],[0.86991,51.7519],[0.87406,51.75365],[0.87823,51.756],[0.88011,51.75629],[0.88269,51.75762],[0.87823,51.75845],[0.87675,51.75834],[0.87312,51.75965],[0.8715,51.75954],[0.86874,51.76121],[0.86158,51.7631],[0.85699,51.76133],[0.85464,51.7596],[0.85523,51.75857],[0.85218,51.7572],[0.85128,51.75861],[0.8484,51.76042],[0.84951,51.76236],[0.84731,51.765],[0.84581,51.76439],[0.84273,51.76519],[0.84518,51.76695],[0.84099,51.76929],[0.83709,51.76912],[0.83647,51.76976],[0.83577,51.76934],[0.83604,51.76883],[0.83506,51.76947],[0.83357,51.76921],[0.83324,51.7693],[0.83321,51.76974],[0.83291,51.77002],[0.83299,51.7704],[0.83508,51.77134],[0.83761,51.77316],[0.83672,51.77353],[0.83763,51.77405],[0.83874,51.7735],[0.83989,51.77368],[0.84043,51.77276],[0.84146,51.77312],[0.84014,51.77372],[0.84481,51.77375],[0.8468,51.77278],[0.84861,51.77259],[0.85089,51.77331],[0.85126,51.77414],[0.85459,51.77415],[0.85748,51.77504],[0.85839,51.77335],[0.86019,51.773],[0.85947,51.76978],[0.86072,51.76872],[0.86706,51.76812],[0.87051,51.76829],[0.87279,51.76663],[0.87935,51.76465],[0.88365,51.76381],[0.88595,51.76381],[0.88777,51.76463],[0.89073,51.76735],[0.88492,51.76822],[0.885,51.76967],[0.88651,51.77081],[0.88971,51.76978],[0.88788,51.77195],[0.88663,51.77089],[0.88316,51.77499],[0.87725,51.77935],[0.87142,51.77989],[0.86357,51.78222],[0.85934,51.78229],[0.85783,51.78399],[0.84987,51.78279],[0.84578,51.78104],[0.84335,51.7811],[0.83798,51.7832],[0.83928,51.78369],[0.84165,51.78307],[0.84456,51.78352],[0.84753,51.7863],[0.8491,51.78693],[0.85202,51.78636],[0.85244,51.78522],[0.8582,51.78612],[0.86287,51.78552],[0.86338,51.78492],[0.86669,51.78409],[0.87229,51.78323],[0.87028,51.78463],[0.86856,51.7875],[0.87202,51.7867],[0.87395,51.78698],[0.87863,51.78644],[0.87868,51.78445],[0.87944,51.78372],[0.88837,51.77933],[0.89145,51.7795],[0.89517,51.7881],[0.89378,51.79044],[0.89864,51.79162],[0.90273,51.79569],[0.90535,51.79745],[0.90814,51.79857],[0.90902,51.80115],[0.90733,51.80182],[0.9049,51.80164],[0.90481,51.80285],[0.91162,51.80171],[0.91216,51.80111],[0.91328,51.80148],[0.91347,51.80113],[0.91497,51.80051],[0.91838,51.79836],[0.92014,51.79651],[0.91951,51.79483],[0.92074,51.79318],[0.92017,51.7916],[0.9164,51.79184],[0.91335,51.79264],[0.90791,51.79039],[0.90387,51.788],[0.90146,51.78562],[0.90091,51.78356],[0.89977,51.78234],[0.89974,51.78078],[0.89847,51.78025],[0.8984,51.77844],[0.90088,51.77608],[0.90237,51.77548],[0.90236,51.7737],[0.90696,51.7741],[0.92032,51.77312],[0.92573,51.77317],[0.93332,51.77374],[0.9361,51.77365],[0.94255,51.77477],[0.94595,51.77479],[0.95738,51.77921],[0.96229,51.78071],[0.97028,51.78211],[0.98133,51.78519],[0.9822,51.78598],[0.98907,51.78785],[0.99021,51.78868],[0.99363,51.78979],[0.99533,51.79108],[0.99999,51.79314],[1.00114,51.7949],[1.0041,51.79766],[1.00199,51.79859],[0.99932,51.8006],[0.99946,51.80174],[0.99686,51.80275],[0.99101,51.80379],[0.98417,51.80347],[0.97788,51.80464],[0.97636,51.80566],[0.96909,51.80841],[0.96477,51.80882],[0.95729,51.80777],[0.94807,51.80722],[0.94282,51.80677],[0.93883,51.80482],[0.93353,51.80348],[0.93277,51.80218],[0.92977,51.79997],[0.92658,51.80004],[0.92661,51.79921],[0.92457,51.7987],[0.92516,51.7977],[0.9217,51.79553],[0.91784,51.7992],[0.91946,51.79937],[0.92262,51.8012],[0.92413,51.80284],[0.92759,51.80281],[0.9306,51.80187],[0.93106,51.80342],[0.93274,51.80457],[0.93642,51.80541],[0.93641,51.80624],[0.93384,51.80648],[0.92595,51.80605],[0.92119,51.80496],[0.92354,51.80724],[0.92535,51.80826],[0.92778,51.80756],[0.92888,51.80797],[0.93784,51.80798],[0.9405,51.80915],[0.94432,51.81022],[0.95165,51.81079],[0.95391,51.81132],[0.95842,51.8115],[0.96208,51.8125],[0.96959,51.81277],[0.97428,51.81166],[0.97583,51.81089],[0.97863,51.80857],[0.98539,51.80728],[0.99118,51.80725],[0.98332,51.81135],[0.97755,51.81321],[0.97174,51.81718],[0.96659,51.81942],[0.95132,51.82342],[0.94777,51.82287],[0.94679,51.82205],[0.94428,51.82132],[0.94345,51.82218],[0.95076,51.8248],[0.95081,51.82678],[0.95272,51.82724],[0.95232,51.82997],[0.95253,51.83063],[0.95186,51.8308],[0.95257,51.83144],[0.9557,51.83204],[0.95978,51.83184],[0.96335,51.83242],[0.96397,51.83127],[0.9635,51.82951],[0.96453,51.82799],[0.96467,51.82406],[0.96577,51.82263],[0.96818,51.82149],[0.97181,51.82032],[0.97594,51.81857],[0.98224,51.81739],[0.98166,51.81895],[0.97498,51.82704],[0.97412,51.82923],[0.97392,51.83136],[0.97503,51.83337],[0.97662,51.83429],[0.97804,51.83715],[0.97632,51.83727],[0.97836,51.83908],[0.97753,51.84136],[0.97693,51.84491],[0.97591,51.84642],[0.97409,51.84732],[0.96706,51.8493],[0.96094,51.85276],[0.9557,51.8541],[0.95429,51.85338],[0.95089,51.85434],[0.9489,51.85633],[0.94896,51.85842],[0.95088,51.86001],[0.95208,51.86006],[0.94975,51.8569],[0.95037,51.85555],[0.95303,51.85456],[0.95739,51.85467],[0.96242,51.85354],[0.96849,51.85072],[0.97596,51.84931],[0.97984,51.84764],[0.98137,51.8462],[0.9813,51.84304],[0.9875,51.83845],[0.99075,51.8386],[0.99469,51.83644],[0.99964,51.83631],[0.99984,51.83535],[0.99434,51.83555],[0.99184,51.83718],[0.98786,51.83704],[0.98831,51.83597],[0.98647,51.83533],[0.98416,51.82992],[0.98404,51.8277],[0.98569,51.82641],[0.98725,51.82366],[0.99022,51.8208],[0.99108,51.81947],[0.99383,51.81782],[0.99341,51.81665],[0.99601,51.81631],[0.99969,51.8135],[0.99923,51.81285],[1.00287,51.81111],[1.00657,51.80837],[1.01053,51.80646],[1.01297,51.80486],[1.01726,51.80645],[1.02069,51.80641],[1.02573,51.80464],[1.02807,51.8053],[1.03123,51.80527],[1.03652,51.80579],[1.03676,51.80702],[1.04343,51.80945],[1.0477,51.80968],[1.0481,51.80988],[1.04908,51.80849],[1.05058,51.81073],[1.05175,51.81076],[1.05294,51.81058],[1.05363,51.81012],[1.05638,51.81097],[1.05709,51.81056],[1.0601,51.81153],[1.06184,51.81289],[1.06236,51.81422],[1.06457,51.81625],[1.06315,51.82064],[1.06637,51.82072],[1.06469,51.81898],[1.06618,51.81679],[1.06606,51.81567],[1.06371,51.81176],[1.06228,51.81017],[1.05454,51.80754],[1.05078,51.8054],[1.04819,51.80447],[1.04501,51.80382],[1.04444,51.80307],[1.04598,51.80188],[1.04728,51.80302],[1.04891,51.80318],[1.0499,51.80163],[1.05273,51.80091],[1.05454,51.79885],[1.05778,51.79819],[1.05869,51.79884],[1.06132,51.79849],[1.063,51.79888],[1.06665,51.79725],[1.06547,51.79623],[1.06373,51.79795],[1.06091,51.79769],[1.05846,51.79815],[1.05771,51.7976],[1.05464,51.79847],[1.05119,51.79893],[1.0518,51.80085],[1.04988,51.80114],[1.04766,51.80234],[1.04616,51.80127],[1.04273,51.80268],[1.04098,51.80288],[1.03321,51.80064],[1.02851,51.80045],[1.02471,51.80154],[1.02106,51.80318],[1.01876,51.80258],[1.01779,51.80112],[1.02232,51.79822],[1.02548,51.79783],[1.03024,51.79588],[1.03245,51.79411],[1.03419,51.79213],[1.03594,51.79109],[1.03856,51.78844],[1.04149,51.78867],[1.04249,51.78795],[1.04077,51.78555],[1.04108,51.78451],[1.04358,51.78501],[1.04528,51.78398],[1.04143,51.78297],[1.03774,51.784],[1.03663,51.78377],[1.03539,51.78219],[1.03694,51.77845],[1.04128,51.77634],[1.04012,51.77509],[1.04091,51.77339],[1.04574,51.77028],[1.04478,51.76956],[1.05472,51.76951],[1.06471,51.76998],[1.08219,51.77258],[1.08686,51.77203],[1.09208,51.77223],[1.09447,51.77195],[1.09704,51.77234],[1.09991,51.77107],[1.10272,51.77194],[1.10667,51.77178],[1.10915,51.77223],[1.11073,51.77187],[1.11445,51.77273],[1.11632,51.7724],[1.12007,51.77439],[1.12265,51.7751],[1.12638,51.77482],[1.12785,51.77616],[1.1316,51.77671],[1.13392,51.77606],[1.13597,51.77839],[1.13775,51.77918],[1.14115,51.77978],[1.14216,51.78129],[1.14518,51.78248],[1.15284,51.78593],[1.16472,51.79103],[1.16755,51.79149],[1.16936,51.79266],[1.17325,51.7936],[1.17652,51.79496],[1.181,51.796],[1.18197,51.79687],[1.1867,51.79773],[1.18795,51.79863],[1.19601,51.80117],[1.19792,51.8012],[1.20341,51.80298],[1.21114,51.80618],[1.2145,51.80819],[1.21701,51.80835],[1.22016,51.81126],[1.2257,51.81332],[1.22627,51.81419],[1.23189,51.81717],[1.23664,51.81928],[1.23647,51.81972],[1.24251,51.8238],[1.25322,51.83297],[1.25736,51.83604],[1.25819,51.83609],[1.26354,51.8414],[1.26593,51.84154],[1.26994,51.84586],[1.27058,51.84597],[1.27633,51.85167],[1.27937,51.85382],[1.28544,51.85938],[1.28721,51.85929],[1.28766,51.86058],[1.29001,51.86355],[1.29122,51.86777],[1.29155,51.8714],[1.29064,51.87415],[1.28652,51.87554],[1.28473,51.87699],[1.28167,51.8776],[1.28092,51.87841],[1.27799,51.87921],[1.27022,51.88277],[1.26874,51.88422],[1.26473,51.88603],[1.26307,51.88506],[1.26347,51.88275],[1.26717,51.88226],[1.26651,51.88127],[1.26844,51.87945],[1.26899,51.87805],[1.27057,51.87736],[1.27244,51.87832],[1.27352,51.88008],[1.27543,51.87876],[1.27815,51.8783],[1.27813,51.87677],[1.28305,51.87697],[1.2831,51.87535],[1.27728,51.87615],[1.27159,51.87565],[1.2682,51.87625],[1.26804,51.87418],[1.27098,51.86824],[1.27149,51.86441],[1.27356,51.86208],[1.27285,51.86021],[1.27036,51.85823],[1.27021,51.85693],[1.26881,51.85478],[1.27064,51.8541],[1.27076,51.85237],[1.26897,51.85182],[1.26607,51.85414],[1.26485,51.85563],[1.26614,51.85797],[1.26763,51.85757],[1.26903,51.85859],[1.26785,51.86078],[1.26573,51.86196],[1.26789,51.86249],[1.2714,51.8623],[1.26993,51.86363],[1.26453,51.86202],[1.25979,51.86387],[1.25752,51.86226],[1.25337,51.86245],[1.25392,51.86354],[1.25794,51.86366],[1.25823,51.86461],[1.25515,51.86387],[1.25252,51.8637],[1.25307,51.86318],[1.25161,51.86131],[1.25287,51.86084],[1.25383,51.85806],[1.25012,51.85614],[1.24815,51.85903],[1.25082,51.85935],[1.24991,51.86174],[1.24896,51.86165],[1.24575,51.85976],[1.24344,51.85927],[1.24079,51.86062],[1.23566,51.86141],[1.23547,51.85878],[1.23356,51.85781],[1.22804,51.8585],[1.22849,51.85996],[1.23025,51.86159],[1.23031,51.86251],[1.22864,51.86525],[1.22655,51.86546],[1.22607,51.86756],[1.22979,51.86877],[1.2283,51.87044],[1.22435,51.87179],[1.22128,51.86977],[1.21736,51.86911],[1.21547,51.87016],[1.21432,51.86767],[1.20738,51.86849],[1.1997,51.8669],[1.19847,51.8679],[1.20002,51.86944],[1.20046,51.87122],[1.19615,51.87124],[1.19061,51.86969],[1.18786,51.87001],[1.18604,51.87122],[1.18455,51.87145],[1.17819,51.87145],[1.18655,51.87255],[1.19239,51.87176],[1.19454,51.8747],[1.19766,51.87457],[1.198,51.87581],[1.19709,51.87736],[1.20244,51.87802],[1.20184,51.88073],[1.19996,51.88389],[1.20104,51.88464],[1.20521,51.88556],[1.20512,51.88688],[1.20649,51.88717],[1.21102,51.88617],[1.21289,51.88676],[1.21244,51.89036],[1.21579,51.8891],[1.21839,51.88889],[1.2255,51.88955],[1.22738,51.89019],[1.22884,51.89193],[1.23031,51.89231],[1.22772,51.89466],[1.22217,51.89546],[1.22141,51.89644],[1.21732,51.89736],[1.21209,51.89645],[1.21305,51.89854],[1.21706,51.89998],[1.22205,51.90058],[1.22601,51.90379],[1.23077,51.90398],[1.23436,51.90382],[1.23932,51.90239],[1.23929,51.90134],[1.24084,51.90127],[1.24236,51.90088],[1.24352,51.90021],[1.24294,51.89952],[1.24456,51.89714],[1.24615,51.89571],[1.24782,51.89813],[1.2498,51.89906],[1.25233,51.90102],[1.25395,51.90416],[1.25588,51.90671],[1.25645,51.90907],[1.25799,51.91215],[1.2554,51.91209],[1.2517,51.9143],[1.24986,51.91308],[1.24965,51.91614],[1.25061,51.9168],[1.2544,51.91657],[1.25615,51.91711],[1.26124,51.917],[1.26222,51.91859],[1.26589,51.92086],[1.26791,51.9234],[1.26943,51.92338],[1.27296,51.92812],[1.28137,51.93481],[1.28531,51.93686],[1.28783,51.93757],[1.28998,51.93704],[1.29023,51.93967],[1.29136,51.94343],[1.29027,51.94743],[1.29124,51.94898],[1.28781,51.94905],[1.2846,51.94725],[1.28395,51.9456],[1.28033,51.94464],[1.27737,51.94464],[1.27965,51.94211],[1.28022,51.94023],[1.27912,51.93944],[1.27652,51.93917],[1.2743,51.93952],[1.27318,51.94089],[1.26752,51.94245],[1.26657,51.94557],[1.26182,51.9463],[1.26064,51.94775],[1.24565,51.9484],[1.24096,51.94736],[1.23626,51.94447],[1.23285,51.94058],[1.2317,51.94005],[1.22733,51.93946],[1.22199,51.93947],[1.21976,51.94028],[1.21851,51.9415],[1.21215,51.94108],[1.20977,51.94217],[1.20706,51.94266],[1.20431,51.94253],[1.19854,51.94109],[1.19114,51.94058],[1.18791,51.94069],[1.18055,51.94175],[1.17551,51.94355],[1.17162,51.94583],[1.17069,51.948],[1.16489,51.94768],[1.15424,51.94609],[1.15034,51.94589],[1.1472,51.9444],[1.14563,51.94291],[1.13791,51.94073],[1.1352,51.94041],[1.13127,51.94045],[1.12685,51.94168],[1.12352,51.94053],[1.11948,51.94005],[1.11623,51.94074],[1.11394,51.94222],[1.1104,51.94286],[1.1089,51.94233],[1.10609,51.94228],[1.09828,51.94372],[1.09516,51.94406],[1.08995,51.94556],[1.08688,51.94534],[1.08376,51.94449],[1.08097,51.94445],[1.07833,51.94674],[1.07371,51.94694],[1.06934,51.94605],[1.06611,51.94592],[1.06513,51.9464],[1.06196,51.94647],[1.06084,51.94805],[1.0576,51.94928],[1.05393,51.95224],[1.05568,51.95358],[1.05734,51.95149],[1.06036,51.95227],[1.05935,51.95305],[1.05938,51.95538],[1.06403,51.95199],[1.06424,51.95005],[1.06696,51.94955],[1.06741,51.95231],[1.07047,51.95385],[1.07298,51.95419],[1.07308,51.95584],[1.07627,51.95536],[1.08151,51.95672],[1.0842,51.95854],[1.08631,51.95889],[1.08925,51.95865],[1.09433,51.95751],[1.09575,51.95618],[1.10084,51.95548],[1.1,51.95433],[1.10743,51.95381],[1.10929,51.95398],[1.11073,51.95485],[1.11415,51.95575],[1.11898,51.95621],[1.13037,51.95352],[1.13108,51.95644],[1.13225,51.9576],[1.13719,51.95923],[1.13885,51.96056],[1.14408,51.96237],[1.1491,51.96326],[1.15104,51.9648],[1.15279,51.96467],[1.15867,51.96631],[1.16293,51.96868],[1.16352,51.97059],[1.16533,51.96958],[1.16427,51.96806],[1.16562,51.96708],[1.16881,51.96612],[1.17533,51.96569],[1.17923,51.96394],[1.18078,51.96225],[1.18401,51.95759],[1.18702,51.9557],[1.19106,51.95544],[1.19538,51.95623],[1.19974,51.95558],[1.20757,51.95518],[1.21018,51.956],[1.21247,51.95589],[1.21659,51.95355],[1.21977,51.95287],[1.22155,51.95377],[1.22357,51.95563],[1.22446,51.95518],[1.23222,51.95705],[1.23184,51.95809],[1.23328,51.95951],[1.23742,51.96111],[1.23886,51.96017],[1.24052,51.9607],[1.24323,51.96029],[1.24597,51.961],[1.25375,51.96016],[1.25596,51.95967],[1.26684,51.95565],[1.26939,51.95431],[1.27516,51.95616],[1.27818,51.95866],[1.27906,51.96028],[1.2775,51.96188],[1.27676,51.96389],[1.27511,51.96485],[1.2729,51.96822],[1.27063,51.97386],[1.27084,51.97547],[1.26752,51.9764],[1.26912,51.97772],[1.26892,51.97898],[1.27109,51.9794],[1.27062,51.98354],[1.26726,51.98782],[1.26277,51.98814],[1.25792,51.98961],[1.25297,51.99026],[1.24829,51.98946],[1.246,51.99107],[1.24035,51.99311],[1.2399,51.99289],[1.23258,51.99547],[1.22688,51.99676],[1.21183,51.99645],[1.20931,51.99833],[1.20676,52.00166],[1.20554,52.00225],[1.20343,52.00481],[1.19989,52.00601],[1.19867,52.00591],[1.19417,52.00692],[1.19132,52.00704],[1.19082,52.00635],[1.18811,52.00645],[1.18227,52.00854],[1.17925,52.0109],[1.17749,52.01134],[1.17555,52.01329],[1.17437,52.01366],[1.17028,52.01653],[1.16699,52.01814],[1.16521,52.02022],[1.16346,52.02351],[1.16129,52.02521],[1.16199,52.02669],[1.15874,52.02768],[1.15684,52.02897],[1.15349,52.03294],[1.15035,52.03384],[1.15102,52.03503],[1.15289,52.03484],[1.15474,52.03563],[1.15614,52.03841],[1.15728,52.03918],[1.15654,52.04036],[1.16012,52.04432],[1.16024,52.04685],[1.16373,52.04504],[1.16096,52.04185],[1.1585,52.03828],[1.158,52.03458],[1.15972,52.03219],[1.1627,52.03005],[1.16391,52.02964],[1.16972,52.03037],[1.17374,52.02432],[1.18251,52.01956],[1.18489,52.01686],[1.18793,52.0152],[1.19132,52.01489],[1.19272,52.01533],[1.19768,52.01536],[1.20035,52.01487],[1.20296,52.01353],[1.20722,52.01265],[1.21032,52.01151],[1.21171,52.0105],[1.21541,52.00652],[1.21929,52.0059],[1.22516,52.00611],[1.22716,52.00659],[1.23001,52.00636],[1.23269,52.00551],[1.23575,52.00392],[1.24613,51.99967],[1.24858,51.99881],[1.25259,51.99807],[1.25312,51.99741],[1.25691,51.99651],[1.25671,51.99784],[1.2553,51.99939],[1.25684,52.00215],[1.25809,52.00144],[1.25803,51.99969],[1.26105,51.99851],[1.26309,51.99831],[1.26426,51.99579],[1.26876,51.99547],[1.27145,51.99584],[1.27976,51.99247],[1.2795,51.99176],[1.28242,51.99091],[1.28329,51.99005],[1.28168,51.983],[1.28316,51.98492],[1.2846,51.98476],[1.28737,51.98126],[1.2866,51.98049],[1.28125,51.98017],[1.28078,51.97757],[1.28136,51.9723],[1.28235,51.96988],[1.28387,51.96755],[1.2826,51.9661],[1.31343,51.95243],[1.31586,51.95092],[1.31256,51.95062],[1.3169,51.94272],[1.31933,51.94315],[1.31971,51.93936],[1.31834,51.93715],[1.3177,51.93489],[1.3179,51.9335],[1.31915,51.93237],[1.32286,51.93556],[1.32814,51.94153],[1.3346,51.94678],[1.33977,51.95251],[1.3445,51.95692],[1.34713,51.95824],[1.35063,51.95931],[1.35952,51.96149],[1.36357,51.96301],[1.36972,51.96434],[1.37247,51.96663],[1.38016,51.97437],[1.38627,51.97731],[1.38817,51.97855],[1.38914,51.98004],[1.38935,51.98429],[1.39148,51.98938],[1.38967,51.98978],[1.3884,51.98913],[1.38619,51.98994],[1.3868,51.99133],[1.38564,51.9922],[1.38442,51.99516],[1.3819,51.99747],[1.37845,51.99957],[1.37347,52.00174],[1.36827,52.00229],[1.36452,52.0041],[1.36109,52.00613],[1.35869,52.00985],[1.35878,52.01265],[1.35932,52.01471],[1.35937,52.01808],[1.3583,52.02019],[1.35484,52.02304],[1.34912,52.02528],[1.34235,52.02601],[1.34011,52.02531],[1.33945,52.02428],[1.33702,52.02524],[1.34077,52.02738],[1.34123,52.0284],[1.33917,52.03142],[1.3401,52.03405],[1.33909,52.03529],[1.3411,52.0356],[1.34285,52.03694],[1.34051,52.03809],[1.33684,52.0352],[1.3366,52.03709],[1.33529,52.03893],[1.33718,52.0395],[1.33881,52.04111],[1.33768,52.0423],[1.34004,52.04504],[1.34156,52.04163],[1.3411,52.04066],[1.34211,52.03996],[1.3411,52.03819],[1.3433,52.03721],[1.34455,52.03813],[1.34121,52.04072],[1.34204,52.04184],[1.33955,52.04604],[1.33371,52.04841],[1.33434,52.04958],[1.33194,52.05254],[1.33155,52.0565],[1.33294,52.0584],[1.33235,52.05939],[1.32722,52.06223],[1.32449,52.06275],[1.3223,52.0648],[1.32017,52.06476],[1.31951,52.06605],[1.32438,52.06769],[1.32311,52.07053],[1.31917,52.07285],[1.31744,52.07614],[1.31386,52.07598],[1.31076,52.07726],[1.3087,52.07619],[1.30778,52.07679],[1.30446,52.07696],[1.29791,52.07572],[1.29474,52.07566],[1.29531,52.07796],[1.29714,52.07776],[1.30249,52.07817],[1.31096,52.07855],[1.3136,52.07777],[1.31189,52.08056],[1.31479,52.08313],[1.31731,52.08423],[1.31602,52.08592],[1.31726,52.08898],[1.32063,52.09049],[1.32258,52.09077],[1.32236,52.09196],[1.32513,52.09397],[1.32566,52.0956],[1.32814,52.096],[1.3304,52.09826],[1.32988,52.09985],[1.33093,52.10101],[1.33311,52.10189],[1.33635,52.10257],[1.33827,52.10368],[1.33958,52.10233],[1.33747,52.10179],[1.33814,52.09995],[1.33672,52.09913],[1.33234,52.09797],[1.33167,52.09628],[1.33201,52.09421],[1.33063,52.09316],[1.3276,52.09291],[1.32734,52.09043],[1.32593,52.08911],[1.32122,52.08803],[1.31971,52.08625],[1.32034,52.08448],[1.31898,52.0805],[1.32122,52.07921],[1.32897,52.07289],[1.33012,52.07156],[1.32992,52.06894],[1.33089,52.06825],[1.33772,52.06658],[1.34376,52.06414],[1.34349,52.06213],[1.34231,52.06125],[1.34386,52.06032],[1.3447,52.05763],[1.34411,52.05609],[1.34098,52.053],[1.34375,52.05271],[1.35228,52.04499],[1.35147,52.04093],[1.35214,52.03963],[1.35157,52.038],[1.34946,52.03629],[1.3448,52.03375],[1.34427,52.03247],[1.3454,52.03071],[1.34945,52.02911],[1.35442,52.02771],[1.35656,52.02672],[1.35892,52.02637],[1.35953,52.02506],[1.36188,52.02291],[1.36443,52.02114],[1.36452,52.01992],[1.36606,52.01897],[1.36565,52.01552],[1.36654,52.0153],[1.36621,52.01131],[1.36414,52.01052],[1.36593,52.00836],[1.37014,52.0062],[1.37503,52.00501],[1.3826,52.00244],[1.38791,52.00028],[1.38965,51.99911],[1.39262,51.99635],[1.3946,51.99277],[1.39397,51.99046],[1.3938,51.98653],[1.40879,51.99232],[1.4148,51.99521],[1.42365,52.00052],[1.42973,52.00548],[1.43123,52.00575],[1.43297,52.00813],[1.43457,52.00854],[1.4358,52.01439],[1.43902,52.01893],[1.44577,52.02738],[1.44996,52.03064],[1.45436,52.03215],[1.45594,52.03361],[1.45573,52.03552],[1.45715,52.03733],[1.4608,52.04449],[1.45848,52.04455],[1.45834,52.0435],[1.45695,52.04311],[1.45495,52.04355],[1.45069,52.0432],[1.45112,52.04418],[1.45771,52.04334],[1.45784,52.04486],[1.4602,52.04585],[1.4609,52.04701],[1.46334,52.04866],[1.46446,52.04878],[1.46842,52.05147],[1.47443,52.05424],[1.47286,52.05507],[1.47544,52.05584],[1.47846,52.05852],[1.48162,52.05935],[1.48409,52.06092],[1.48587,52.06086],[1.48892,52.06241],[1.49307,52.06334],[1.49535,52.06432],[1.49657,52.06777],[1.49985,52.07013],[1.49992,52.07103],[1.49438,52.07114],[1.48979,52.07299],[1.48902,52.07509],[1.48971,52.07827],[1.48939,52.07977],[1.4907,52.0816],[1.49288,52.08311],[1.49491,52.08392],[1.49641,52.08534],[1.49684,52.08731],[1.49582,52.09136],[1.49286,52.09481],[1.4935,52.09708],[1.49183,52.0982],[1.48732,52.09807],[1.48564,52.09849],[1.48464,52.10005],[1.48686,52.10238],[1.48779,52.10146],[1.48618,52.09984],[1.48745,52.09895],[1.48898,52.09962],[1.49275,52.09987],[1.49574,52.09866],[1.49584,52.09648],[1.49418,52.09495],[1.49697,52.09294],[1.49819,52.09131],[1.4983,52.08579],[1.49598,52.08316],[1.49243,52.08143],[1.49102,52.08032],[1.49116,52.0793],[1.49033,52.07498],[1.49179,52.07259],[1.49483,52.07209],[1.50045,52.07209],[1.50354,52.07106],[1.50609,52.07101],[1.50929,52.06955],[1.51253,52.0705],[1.51741,52.07451],[1.52144,52.07974],[1.52489,52.08177],[1.52675,52.08184],[1.53499,52.08056],[1.5379,52.08108],[1.53598,52.08765],[1.53675,52.08936],[1.53833,52.09062],[1.54215,52.09172],[1.54645,52.09188],[1.54937,52.09153],[1.55253,52.09211],[1.55478,52.09348],[1.55778,52.09608],[1.56605,52.1003],[1.56709,52.10273],[1.56538,52.10651],[1.56514,52.10795],[1.56622,52.11181],[1.56839,52.1132],[1.5764,52.11588],[1.5819,52.11978],[1.5841,52.12274],[1.58392,52.12453],[1.58476,52.12627],[1.5878,52.12897],[1.58911,52.13117],[1.58966,52.13648],[1.59233,52.13917],[1.59539,52.14107],[1.59472,52.14216],[1.59188,52.14189],[1.58627,52.14044],[1.58382,52.14027],[1.58052,52.14075],[1.57401,52.14258],[1.57126,52.14406],[1.5683,52.14848],[1.5688,52.1503],[1.56791,52.15267],[1.56924,52.15535],[1.56772,52.1561],[1.56298,52.15485],[1.56195,52.153],[1.55775,52.15206],[1.55782,52.15363],[1.55481,52.15251],[1.55444,52.15051],[1.55144,52.15078],[1.54905,52.15221],[1.54485,52.15269],[1.54283,52.15356],[1.54375,52.15509],[1.54007,52.15616],[1.53708,52.15634],[1.53416,52.15739],[1.53296,52.15667],[1.52998,52.15652],[1.52887,52.15709],[1.52576,52.15685],[1.52393,52.15578],[1.52478,52.15366],[1.52441,52.15205],[1.52154,52.15069],[1.51768,52.15009],[1.51063,52.15104],[1.50905,52.15216],[1.50495,52.15411],[1.50555,52.1556],[1.50433,52.15589],[1.50428,52.15845],[1.50158,52.16054],[1.50102,52.16162],[1.4989,52.16291],[1.49922,52.1645],[1.50184,52.16505],[1.503,52.16376],[1.50619,52.16445],[1.50918,52.16417],[1.50955,52.16248],[1.51174,52.16158],[1.51158,52.1596],[1.51307,52.15898],[1.5112,52.15507],[1.51566,52.1571],[1.51618,52.15832],[1.51842,52.15775],[1.5197,52.15892],[1.52385,52.1609],[1.52787,52.1612],[1.52862,52.16345],[1.53118,52.1631],[1.53721,52.1653],[1.54894,52.16477],[1.55428,52.16545],[1.55768,52.16242],[1.55679,52.16144],[1.55347,52.16107],[1.55559,52.15871],[1.55872,52.15899],[1.56345,52.1604],[1.56677,52.16038],[1.57172,52.15976],[1.57596,52.158],[1.5799,52.15495],[1.58029,52.15299],[1.57909,52.15136],[1.57694,52.15014],[1.57189,52.14872],[1.57127,52.14801],[1.57329,52.14546],[1.57538,52.14421],[1.58054,52.14251],[1.58363,52.14226],[1.58747,52.14289],[1.5923,52.14504],[1.59729,52.14422],[1.59854,52.14221],[1.59813,52.13966],[1.59549,52.137],[1.59475,52.13505],[1.59444,52.13216],[1.59335,52.12989],[1.58988,52.12735],[1.58895,52.12591],[1.58809,52.12226],[1.58694,52.11978],[1.58346,52.11767],[1.57746,52.11329],[1.57537,52.11239],[1.57079,52.11155],[1.56875,52.10982],[1.56851,52.10766],[1.57082,52.10304],[1.56995,52.10036],[1.56781,52.09788],[1.56202,52.09478],[1.55732,52.09098],[1.55488,52.08988],[1.54996,52.08924],[1.54547,52.08944],[1.54198,52.09002],[1.54059,52.08945],[1.53966,52.08722],[1.5416,52.08375],[1.54158,52.07918],[1.54553,52.08015],[1.54929,52.08144],[1.55666,52.08511],[1.55905,52.08587],[1.56214,52.08619],[1.56407,52.08749],[1.56464,52.09003],[1.56776,52.09146],[1.57027,52.09173],[1.57818,52.09111],[1.58046,52.0914],[1.58016,52.08852],[1.57474,52.08764],[1.57426,52.08932],[1.57581,52.08955],[1.57552,52.09109],[1.57055,52.0915],[1.56715,52.09097],[1.565,52.08989],[1.56456,52.0874],[1.56226,52.08584],[1.55945,52.08568],[1.55682,52.08485],[1.55016,52.08135],[1.54349,52.079],[1.54117,52.07758],[1.53744,52.07472],[1.52742,52.07148],[1.52303,52.06964],[1.51906,52.06752],[1.51542,52.06644],[1.51241,52.06628],[1.51058,52.06558],[1.50608,52.06466],[1.50359,52.06374],[1.49943,52.06308],[1.49077,52.06043],[1.4843,52.05733],[1.47953,52.05399],[1.47003,52.0498],[1.46813,52.04755],[1.48217,52.05437],[1.4907,52.05779],[1.49831,52.06027],[1.51823,52.06595],[1.52675,52.06848],[1.54055,52.07279],[1.56489,52.07989],[1.57444,52.0837],[1.5797,52.08711],[1.5824,52.09077],[1.58767,52.10288],[1.59063,52.11187],[1.59358,52.12674],[1.59502,52.13101],[1.59718,52.13534],[1.60669,52.16145],[1.61012,52.16953],[1.61225,52.17295],[1.61962,52.18237],[1.62311,52.18854],[1.62254,52.19282],[1.6226,52.20472],[1.62434,52.21537],[1.6249,52.22547],[1.62598,52.23037],[1.62876,52.23869],[1.62901,52.24587],[1.63023,52.26729],[1.63111,52.2713],[1.63447,52.27945],[1.64104,52.29102],[1.64419,52.29534],[1.64976,52.30034],[1.66065,52.30785],[1.67242,52.3141],[1.67047,52.31507],[1.66881,52.3151],[1.6668,52.31629],[1.65917,52.32219],[1.65834,52.32378],[1.6519,52.32405],[1.64835,52.32571],[1.64553,52.32824],[1.64069,52.32921],[1.63825,52.33004],[1.638,52.3283],[1.63649,52.32734],[1.63483,52.32754],[1.63384,52.32865],[1.63004,52.3264],[1.6314,52.32433],[1.62949,52.3237],[1.62881,52.32224],[1.62303,52.32063],[1.61979,52.31932],[1.61916,52.31811],[1.61661,52.31673],[1.60975,52.31614],[1.60854,52.3155],[1.60648,52.31609],[1.60469,52.31896],[1.60197,52.32033],[1.60026,52.32242],[1.59738,52.32384],[1.59621,52.32687],[1.59888,52.32941],[1.60068,52.3299],[1.60479,52.32905],[1.60603,52.32834],[1.60637,52.32605],[1.61018,52.32041],[1.61132,52.32243],[1.61313,52.32421],[1.61244,52.32676],[1.61597,52.3276],[1.62037,52.32954],[1.62383,52.33019],[1.62612,52.33022],[1.63066,52.33125],[1.63329,52.33131],[1.63459,52.33249],[1.63569,52.33206],[1.63625,52.33141],[1.63746,52.33175],[1.64083,52.32966],[1.64501,52.32906],[1.64974,52.32569],[1.65167,52.32495],[1.65622,52.3246],[1.6588,52.32498],[1.66029,52.32218],[1.66254,52.32029],[1.66805,52.31651],[1.66995,52.31597],[1.67487,52.31364],[1.67747,52.31657],[1.67986,52.32224],[1.68218,52.3252],[1.68566,52.33101],[1.68688,52.33505],[1.68744,52.3394],[1.68983,52.34601],[1.69358,52.35221],[1.69846,52.35821],[1.70103,52.36281],[1.70272,52.36496],[1.70511,52.36723],[1.70726,52.37154],[1.71326,52.38007],[1.7173,52.38469],[1.72772,52.40008],[1.73004,52.40599],[1.73231,52.41935],[1.73315,52.42715],[1.73329,52.4344],[1.73044,52.4369],[1.7323,52.44262],[1.73274,52.44486],[1.73614,52.45127],[1.74183,52.45897],[1.74655,52.46633],[1.74952,52.47001],[1.75068,52.471],[1.75051,52.47259],[1.74486,52.47266],[1.74236,52.47213],[1.73991,52.47224],[1.73827,52.47305],[1.73141,52.47426],[1.72593,52.47476],[1.72316,52.47695],[1.7169,52.47375],[1.71603,52.47303],[1.71373,52.47318],[1.71217,52.475],[1.71584,52.47489],[1.72165,52.47762],[1.7251,52.47736],[1.72711,52.47629],[1.73065,52.47537],[1.74291,52.47324],[1.74496,52.47343],[1.74845,52.473],[1.75445,52.47418],[1.75573,52.47575],[1.75767,52.47693],[1.76048,52.47627],[1.75904,52.4746],[1.75591,52.47277],[1.75779,52.47236],[1.75975,52.4739],[1.76129,52.47645],[1.76212,52.48026],[1.76323,52.4812],[1.76198,52.48364],[1.76121,52.48733],[1.75808,52.49619],[1.75572,52.50011],[1.7531,52.50599],[1.74813,52.51765],[1.73915,52.53398],[1.73724,52.53853],[1.73595,52.54261],[1.73356,52.55183],[1.73219,52.56338],[1.73256,52.56935],[1.73605,52.57164],[1.73253,52.57236],[1.73137,52.57997],[1.72879,52.58506],[1.7281,52.58892],[1.72545,52.59273],[1.72613,52.59775],[1.72492,52.60343],[1.72286,52.60625],[1.71952,52.6083],[1.71882,52.60963],[1.71486,52.61129],[1.71135,52.61113],[1.70651,52.60881],[1.70579,52.60816],[1.70151,52.60721],[1.69756,52.60702],[1.69238,52.60412],[1.68948,52.60341],[1.6837,52.60067],[1.67673,52.59957],[1.67376,52.5986],[1.67053,52.59892],[1.66465,52.5978],[1.66142,52.59764],[1.65862,52.5968],[1.65636,52.59559],[1.65215,52.59478],[1.65006,52.59388],[1.64964,52.59222],[1.65149,52.587],[1.64969,52.5859],[1.64825,52.58409],[1.64831,52.58232],[1.65025,52.57925],[1.65054,52.57631],[1.64397,52.57436],[1.63908,52.57477],[1.63611,52.57385],[1.63412,52.57213],[1.63332,52.57039],[1.63465,52.56396],[1.63368,52.56123],[1.63264,52.56013],[1.62882,52.55766],[1.62583,52.55413],[1.62313,52.55252],[1.61985,52.55151],[1.61282,52.55141],[1.60972,52.55022],[1.60772,52.54843],[1.60592,52.54444],[1.6063,52.54243],[1.60796,52.54123],[1.61041,52.54046],[1.61399,52.54026],[1.61858,52.54089],[1.62116,52.53995],[1.62197,52.53861],[1.62172,52.53639],[1.62032,52.53356],[1.62321,52.53106],[1.62758,52.52857],[1.62891,52.52613],[1.62878,52.52301],[1.63123,52.52073],[1.63971,52.51713],[1.64573,52.51592],[1.64761,52.51453],[1.6474,52.51277],[1.64555,52.51004],[1.64539,52.50878],[1.64707,52.50712],[1.65224,52.50446],[1.65405,52.50176],[1.65591,52.50114],[1.6591,52.50119],[1.67071,52.50421],[1.67375,52.50329],[1.6749,52.50177],[1.67619,52.49786],[1.68089,52.49664],[1.68268,52.49535],[1.68272,52.49143],[1.68183,52.48834],[1.68288,52.48305],[1.68212,52.477],[1.688,52.47437],[1.69065,52.47378],[1.69173,52.47448],[1.69665,52.47598],[1.69856,52.47545],[1.69871,52.47428],[1.70054,52.47403],[1.70353,52.47541],[1.70539,52.47555],[1.7089,52.47653],[1.71053,52.47498],[1.70972,52.47413],[1.70747,52.47461],[1.70517,52.47375],[1.70634,52.47124],[1.7031,52.47089],[1.69985,52.47159],[1.69762,52.47302],[1.6935,52.47371],[1.68807,52.47298],[1.6812,52.47433],[1.68236,52.48277],[1.68135,52.48721],[1.68148,52.48934],[1.67721,52.4869],[1.6763,52.48419],[1.67228,52.4827],[1.67101,52.48087],[1.6718,52.4779],[1.6709,52.47605],[1.66377,52.4748],[1.66372,52.47517],[1.6697,52.47622],[1.67134,52.47827],[1.6703,52.48199],[1.67054,52.48302],[1.67394,52.48342],[1.67566,52.48424],[1.67715,52.48747],[1.68072,52.48944],[1.68196,52.49073],[1.68201,52.49533],[1.68056,52.49633],[1.67652,52.49719],[1.67557,52.49775],[1.67425,52.50186],[1.67255,52.50343],[1.66951,52.50363],[1.66358,52.50176],[1.65908,52.50083],[1.6565,52.50075],[1.6541,52.50126],[1.65167,52.50444],[1.64683,52.50679],[1.64493,52.50854],[1.64492,52.50996],[1.6469,52.51313],[1.64601,52.51537],[1.6383,52.51725],[1.63095,52.52053],[1.62826,52.52304],[1.62826,52.5266],[1.62711,52.52841],[1.57878,52.55604],[1.57419,52.55828],[1.56893,52.559],[1.56635,52.55863],[1.5625,52.55707],[1.5595,52.55733],[1.55634,52.55913],[1.55453,52.55934],[1.54554,52.55544],[1.5436,52.55506],[1.54069,52.55527],[1.53873,52.55691],[1.53801,52.56023],[1.53682,52.56149],[1.535,52.56214],[1.53334,52.56192],[1.53034,52.5593],[1.52845,52.55904],[1.52591,52.55966],[1.52245,52.56184],[1.52086,52.56347],[1.52076,52.56531],[1.52369,52.56813],[1.52385,52.57019],[1.52239,52.57248],[1.51838,52.57523],[1.51469,52.57588],[1.50927,52.57307],[1.50059,52.5706],[1.49694,52.5711],[1.49442,52.57299],[1.49178,52.57565],[1.49143,52.57799],[1.4879,52.58022],[1.48694,52.58146],[1.4876,52.58383],[1.48703,52.58512],[1.48499,52.58672],[1.48352,52.58719],[1.48035,52.58673],[1.4779,52.58593],[1.47474,52.58578],[1.46875,52.58643],[1.46703,52.58718],[1.46624,52.58846],[1.46603,52.59077],[1.46246,52.59345],[1.46115,52.59377],[1.45772,52.59338],[1.45529,52.59349],[1.4536,52.59432],[1.45247,52.59654],[1.45384,52.59909],[1.45351,52.60055],[1.4517,52.60151],[1.44401,52.60376],[1.4421,52.6049],[1.43744,52.60945],[1.43296,52.61162],[1.4323,52.61317],[1.43601,52.61617],[1.43656,52.61755],[1.43601,52.61873],[1.43308,52.6196],[1.43102,52.61808],[1.42926,52.61775],[1.42744,52.61831],[1.42435,52.62088],[1.42195,52.62192],[1.4188,52.62076],[1.41435,52.62078],[1.40927,52.61841],[1.40824,52.61687],[1.40829,52.61447],[1.40766,52.61342],[1.4059,52.61301],[1.404,52.61408],[1.40181,52.61324],[1.40091,52.61178],[1.40069,52.60949],[1.39988,52.60795],[1.39518,52.60617],[1.3921,52.6044],[1.38753,52.60403],[1.3852,52.6044],[1.38128,52.60561],[1.38057,52.60627],[1.37978,52.60915],[1.37757,52.61161],[1.37597,52.61619],[1.37632,52.61945],[1.37571,52.62047],[1.3731,52.62101],[1.36949,52.62357],[1.36444,52.62394],[1.35997,52.62263],[1.35065,52.62089],[1.34894,52.62117],[1.34788,52.62337],[1.34451,52.62367],[1.34228,52.62478],[1.33566,52.62477],[1.32887,52.62387],[1.33195,52.62626],[1.34123,52.62599],[1.34317,52.62537],[1.3446,52.62413],[1.34756,52.6239],[1.35077,52.62135],[1.36009,52.62318],[1.36557,52.62461],[1.36924,52.62414],[1.37348,52.62145],[1.37596,52.62109],[1.37708,52.61952],[1.37722,52.61449],[1.37849,52.61192],[1.38101,52.60885],[1.38147,52.60635],[1.38385,52.60524],[1.38754,52.60463],[1.39147,52.60479],[1.39371,52.60629],[1.39884,52.60852],[1.39961,52.60929],[1.39993,52.61203],[1.40071,52.61323],[1.40321,52.61473],[1.40613,52.61376],[1.40739,52.61442],[1.4077,52.61798],[1.4108,52.62001],[1.41354,52.62115],[1.41605,52.62143],[1.4184,52.62115],[1.42028,52.62226],[1.42206,52.62234],[1.42457,52.62156],[1.42827,52.61861],[1.43065,52.61863],[1.43195,52.61971],[1.43248,52.62138],[1.43773,52.61832],[1.43735,52.61661],[1.43381,52.61323],[1.43418,52.61192],[1.43868,52.61509],[1.44103,52.61704],[1.44281,52.61649],[1.43553,52.61129],[1.43839,52.60989],[1.44254,52.6056],[1.44425,52.60445],[1.45074,52.60265],[1.4537,52.60145],[1.45485,52.59982],[1.45353,52.59601],[1.45459,52.59458],[1.45688,52.59393],[1.46227,52.59458],[1.4663,52.59167],[1.46734,52.59027],[1.46739,52.58808],[1.46929,52.58701],[1.47348,52.58647],[1.47635,52.58644],[1.48397,52.58798],[1.48739,52.58607],[1.4886,52.58499],[1.48787,52.5816],[1.48819,52.5808],[1.49191,52.57872],[1.49277,52.5756],[1.4963,52.57217],[1.49791,52.57132],[1.50031,52.57117],[1.50728,52.57302],[1.50961,52.57397],[1.5128,52.57593],[1.51499,52.57665],[1.51845,52.57584],[1.52291,52.5731],[1.52494,52.57002],[1.5249,52.56826],[1.52156,52.56499],[1.52264,52.56259],[1.52616,52.56025],[1.5285,52.55954],[1.53001,52.55975],[1.53288,52.56231],[1.53602,52.56238],[1.53827,52.56086],[1.5396,52.55698],[1.54187,52.55553],[1.54388,52.55548],[1.54659,52.55627],[1.55269,52.55941],[1.55647,52.55956],[1.56009,52.55763],[1.56312,52.55777],[1.56591,52.5591],[1.56881,52.55934],[1.5737,52.55887],[1.57687,52.55776],[1.57799,52.55695],[1.58017,52.55686],[1.58209,52.55786],[1.58602,52.55831],[1.58942,52.55785],[1.59183,52.55823],[1.59432,52.55969],[1.59504,52.5622],[1.59691,52.56441],[1.60023,52.56683],[1.60268,52.56813],[1.60646,52.56869],[1.60833,52.57022],[1.60672,52.57245],[1.60721,52.57419],[1.6117,52.57539],[1.61452,52.57517],[1.61683,52.57397],[1.62039,52.57371],[1.62502,52.5754],[1.62633,52.57654],[1.62651,52.57853],[1.62737,52.57994],[1.62954,52.58101],[1.63298,52.58093],[1.63607,52.58183],[1.63786,52.58385],[1.63777,52.58602],[1.63879,52.58755],[1.64088,52.58839],[1.64452,52.5884],[1.64653,52.59094],[1.64781,52.59384],[1.64964,52.59562],[1.65284,52.59733],[1.65341,52.59882],[1.65498,52.60036],[1.65752,52.60185],[1.65905,52.60395],[1.6631,52.6058],[1.66716,52.60664],[1.67551,52.60741],[1.68176,52.60838],[1.68263,52.61019],[1.68517,52.6107],[1.68833,52.61311],[1.68995,52.61366],[1.6931,52.61699],[1.6957,52.61831],[1.69897,52.61783],[1.70499,52.61914],[1.70573,52.6196],[1.71034,52.61923],[1.71401,52.618],[1.71617,52.61666],[1.71467,52.61525],[1.71537,52.61303],[1.71965,52.61143],[1.72251,52.6119],[1.72335,52.61406],[1.72152,52.61596],[1.72186,52.61984],[1.72546,52.6216],[1.72613,52.62419],[1.72482,52.62696],[1.72001,52.63048],[1.71707,52.63094],[1.71007,52.63064],[1.70616,52.62919],[1.70403,52.6264],[1.70123,52.62535],[1.69838,52.62516],[1.69693,52.6231],[1.6942,52.62158],[1.69235,52.62132],[1.68796,52.62314],[1.6873,52.62484],[1.68827,52.62626],[1.68731,52.6275],[1.68226,52.62781],[1.67912,52.62929],[1.67388,52.62922],[1.66978,52.6287],[1.66679,52.63012],[1.66006,52.62997],[1.65559,52.63077],[1.65312,52.63179],[1.64989,52.63038],[1.64296,52.6302],[1.63755,52.63032],[1.63339,52.6325],[1.62944,52.63144],[1.62687,52.63123],[1.62449,52.63168],[1.62246,52.63325],[1.61844,52.63255],[1.61677,52.63173],[1.61794,52.62941],[1.61645,52.62784],[1.61398,52.62722],[1.61228,52.62541],[1.60895,52.62413],[1.60606,52.62377],[1.59958,52.62518],[1.5983,52.62639],[1.59828,52.62772],[1.59653,52.62853],[1.59385,52.62847],[1.59255,52.62908],[1.59352,52.63165],[1.59124,52.63425],[1.59213,52.63682],[1.58997,52.63816],[1.58516,52.63649],[1.58171,52.63645],[1.57744,52.63724],[1.57447,52.63928],[1.57175,52.63736],[1.56965,52.63724],[1.56774,52.6378],[1.56612,52.63973],[1.56655,52.64379],[1.56969,52.64709],[1.56913,52.64828],[1.56761,52.6489],[1.55941,52.64973],[1.55678,52.65137],[1.55665,52.65433],[1.55975,52.65839],[1.56056,52.66238],[1.56181,52.66604],[1.56109,52.66834],[1.55991,52.67001],[1.55608,52.67138],[1.55392,52.67259],[1.55188,52.67526],[1.54983,52.6812],[1.54629,52.67975],[1.54298,52.67948],[1.54016,52.68077],[1.53793,52.68131],[1.53699,52.68292],[1.53546,52.68344],[1.53272,52.68292],[1.53079,52.68157],[1.52767,52.68165],[1.52445,52.68296],[1.52286,52.68553],[1.51897,52.6867],[1.513,52.68914],[1.50992,52.69015],[1.50463,52.68868],[1.50189,52.6902],[1.50053,52.6895],[1.50006,52.68752],[1.49831,52.68673],[1.49512,52.6869],[1.49133,52.68764],[1.48884,52.68933],[1.48934,52.69184],[1.48802,52.69309],[1.48405,52.69315],[1.48153,52.69255],[1.47715,52.68941],[1.47512,52.68897],[1.47183,52.69029],[1.4716,52.69317],[1.46844,52.69371],[1.46709,52.69462],[1.46823,52.69757],[1.46518,52.69901],[1.46292,52.70254],[1.46237,52.70422],[1.46073,52.70525],[1.4569,52.70256],[1.45241,52.70286],[1.4468,52.70249],[1.4417,52.70127],[1.44293,52.69544],[1.44187,52.69505],[1.44159,52.69823],[1.44088,52.7014],[1.44654,52.70289],[1.45126,52.7034],[1.45543,52.70285],[1.45763,52.70352],[1.46115,52.70592],[1.46292,52.70422],[1.46562,52.69929],[1.46902,52.69773],[1.46764,52.6954],[1.46903,52.69406],[1.47221,52.69336],[1.47219,52.69092],[1.47331,52.68981],[1.47643,52.68968],[1.48164,52.69316],[1.48385,52.69363],[1.48756,52.69361],[1.48969,52.69308],[1.49004,52.69191],[1.48941,52.68954],[1.49006,52.68858],[1.49371,52.6875],[1.49784,52.68712],[1.49959,52.6878],[1.50004,52.68971],[1.50278,52.69045],[1.50552,52.68903],[1.50878,52.69035],[1.51154,52.69032],[1.51687,52.68798],[1.52308,52.68589],[1.52479,52.68332],[1.5266,52.68231],[1.53034,52.68189],[1.53252,52.68328],[1.53592,52.68373],[1.53748,52.68312],[1.53855,52.68148],[1.54312,52.67987],[1.54631,52.68021],[1.54876,52.68162],[1.54955,52.68634],[1.5494,52.68794],[1.54816,52.68971],[1.54502,52.69233],[1.54449,52.69377],[1.54504,52.69569],[1.54905,52.69873],[1.55438,52.70105],[1.55896,52.70209],[1.56351,52.70229],[1.56854,52.70143],[1.57099,52.70176],[1.57341,52.70275],[1.57663,52.70465],[1.57813,52.70769],[1.58031,52.70953],[1.58428,52.71141],[1.59587,52.7138],[1.59908,52.71479],[1.60563,52.71562],[1.61297,52.71581],[1.61264,52.71536],[1.60573,52.71542],[1.60245,52.71502],[1.59339,52.71287],[1.58951,52.71237],[1.58275,52.71041],[1.579,52.70813],[1.57778,52.70541],[1.57651,52.70415],[1.57343,52.70236],[1.57011,52.70127],[1.56782,52.70118],[1.56204,52.70204],[1.5569,52.70138],[1.55422,52.70071],[1.55053,52.69911],[1.54577,52.69592],[1.54493,52.69391],[1.5456,52.69225],[1.54868,52.6897],[1.55006,52.68709],[1.54966,52.68195],[1.55087,52.68017],[1.55347,52.67375],[1.55503,52.67249],[1.55903,52.67099],[1.56117,52.66927],[1.56244,52.66551],[1.56053,52.65846],[1.55767,52.6551],[1.55735,52.652],[1.55893,52.65035],[1.56129,52.64975],[1.56595,52.64959],[1.56988,52.64822],[1.57008,52.64615],[1.5676,52.64438],[1.56662,52.64184],[1.56701,52.63938],[1.56974,52.63757],[1.57231,52.63813],[1.57483,52.63963],[1.57759,52.63759],[1.58317,52.63671],[1.58543,52.63694],[1.58825,52.6385],[1.58987,52.63871],[1.59224,52.63757],[1.59295,52.63639],[1.59177,52.63449],[1.5939,52.63204],[1.59345,52.62908],[1.59808,52.6285],[1.5997,52.62553],[1.6046,52.62427],[1.60794,52.62427],[1.61137,52.6252],[1.61376,52.62747],[1.61746,52.62894],[1.61633,52.63236],[1.62228,52.6335],[1.62458,52.63196],[1.62632,52.63147],[1.62944,52.63169],[1.63359,52.63278],[1.63639,52.63103],[1.63891,52.63041],[1.64956,52.63063],[1.65317,52.63206],[1.65781,52.63055],[1.66382,52.63026],[1.66716,52.6304],[1.66978,52.62901],[1.67404,52.62955],[1.67911,52.62968],[1.68228,52.62814],[1.6862,52.6282],[1.68775,52.62779],[1.68883,52.62635],[1.68772,52.62459],[1.68812,52.6235],[1.69274,52.62162],[1.69637,52.62331],[1.69832,52.6257],[1.70105,52.62565],[1.70377,52.62685],[1.70458,52.62912],[1.70673,52.63013],[1.71002,52.63101],[1.71834,52.63137],[1.72138,52.63042],[1.72543,52.62722],[1.72654,52.62531],[1.72673,52.62316],[1.72543,52.62102],[1.72234,52.61966],[1.72185,52.61616],[1.72383,52.61401],[1.72323,52.61223],[1.72002,52.61075],[1.72105,52.60822],[1.72416,52.60603],[1.72565,52.60413],[1.72682,52.60044],[1.72727,52.59756],[1.72675,52.59251],[1.72922,52.58919],[1.73047,52.58451],[1.73259,52.58029],[1.73372,52.57414],[1.73536,52.57294],[1.7394,52.57297],[1.74303,52.5741],[1.73805,52.5752],[1.73883,52.57998],[1.74488,52.58002],[1.739,52.58264],[1.73799,52.58247],[1.73748,52.58731],[1.73767,52.59152],[1.73914,52.60289],[1.74071,52.60837],[1.74238,52.61992],[1.74523,52.62622],[1.74168,52.63441],[1.73697,52.64746],[1.73466,52.65011],[1.73094,52.65785],[1.72817,52.66693],[1.72322,52.67329],[1.71706,52.68466],[1.70975,52.69488],[1.70612,52.7012],[1.70474,52.70441],[1.7045,52.70744],[1.70003,52.71695],[1.69752,52.72361],[1.69444,52.72645],[1.68704,52.73182],[1.68055,52.73845],[1.67486,52.74258],[1.65907,52.75523],[1.64548,52.76467],[1.64035,52.76798],[1.6327,52.77224],[1.61537,52.78354],[1.61305,52.78431],[1.6022,52.79027],[1.60178,52.79135],[1.59998,52.79157],[1.59189,52.79625],[1.59096,52.79765],[1.5885,52.7984],[1.58624,52.80002],[1.58655,52.80165],[1.58357,52.80209],[1.57706,52.80419],[1.5639,52.81091],[1.55704,52.81381],[1.54902,52.81771],[1.54189,52.82046],[1.5399,52.82159],[1.53791,52.82346],[1.53072,52.82803],[1.5197,52.83426],[1.51372,52.83716],[1.49396,52.84577],[1.48869,52.84892],[1.47389,52.85619],[1.45008,52.87021],[1.44483,52.87377],[1.4412,52.8768],[1.43655,52.87948],[1.41389,52.8906],[1.40649,52.89382],[1.39811,52.89658],[1.38579,52.90139],[1.37694,52.90424],[1.36229,52.90951],[1.36121,52.91056],[1.35547,52.91304],[1.348,52.91768],[1.34315,52.91997],[1.32156,52.92585],[1.31512,52.92808],[1.31314,52.92932],[1.30189,52.93228],[1.29874,52.93331],[1.28332,52.93559],[1.27573,52.93699],[1.26943,52.93864],[1.25376,52.9409],[1.25164,52.94169],[1.22979,52.94351],[1.22143,52.94457],[1.21755,52.9453],[1.21444,52.94524],[1.20238,52.94631],[1.202,52.94611],[1.18643,52.94633],[1.14,52.94931],[1.12422,52.95132],[1.11452,52.95295],[1.09244,52.957],[1.08521,52.9588],[1.05479,52.96456],[1.04246,52.96731],[1.01755,52.97307],[0.9952,52.97773],[0.98298,52.97953],[0.97392,52.98032],[0.96976,52.97869],[0.96441,52.97773],[0.96134,52.97677],[0.96191,52.97475],[0.96083,52.97341],[0.96081,52.9718],[0.96398,52.97157],[0.96529,52.97394],[0.9691,52.97656],[0.97131,52.97627],[0.96822,52.97295],[0.97067,52.97342],[0.97337,52.97241],[0.97772,52.97173],[0.98053,52.97185],[0.98252,52.97051],[0.98651,52.97169],[0.9885,52.97267],[0.99113,52.97267],[0.99189,52.97179],[0.99496,52.97205],[0.99687,52.97123],[0.99656,52.97041],[1.00252,52.97105],[1.00975,52.97139],[1.0125,52.97089],[1.01775,52.97046],[1.02065,52.96913],[1.02258,52.96779],[1.02475,52.96703],[1.02891,52.96698],[1.03107,52.9677],[1.03694,52.96734],[1.04294,52.9662],[1.04523,52.96477],[1.04446,52.9631],[1.0427,52.96399],[1.03776,52.96436],[1.03546,52.96537],[1.03053,52.96661],[1.0281,52.96617],[1.02424,52.9663],[1.02133,52.96515],[1.01785,52.96506],[1.01608,52.96255],[1.01647,52.95848],[1.01761,52.9564],[1.01536,52.9554],[1.01382,52.95676],[1.00973,52.95739],[1.00717,52.95589],[1.00403,52.95715],[1.00378,52.95711],[1.00367,52.95713],[1.00322,52.95728],[1.00263,52.95798],[1.00119,52.95709],[0.99891,52.95797],[0.99891,52.95638],[0.99818,52.95575],[0.99771,52.95622],[0.99601,52.95631],[0.99278,52.95743],[0.98618,52.9582],[0.98163,52.96078],[0.97875,52.9599],[0.97847,52.96072],[0.97657,52.96147],[0.97489,52.96178],[0.97476,52.9626],[0.97221,52.962],[0.97002,52.96185],[0.96878,52.95944],[0.96795,52.95914],[0.96444,52.9596],[0.96126,52.95867],[0.96159,52.95751],[0.95811,52.95712],[0.95502,52.95908],[0.9543,52.95927],[0.95409,52.95978],[0.94958,52.9588],[0.94598,52.95897],[0.94627,52.96077],[0.94503,52.96354],[0.94118,52.96281],[0.93977,52.96297],[0.93823,52.96196],[0.93767,52.96003],[0.93529,52.95898],[0.93462,52.95789],[0.93242,52.95725],[0.92773,52.95702],[0.92893,52.95733],[0.92724,52.95978],[0.92572,52.95921],[0.92419,52.9593],[0.92117,52.96085],[0.91952,52.96125],[0.91854,52.96243],[0.91361,52.96321],[0.91064,52.96332],[0.90855,52.96246],[0.90802,52.96053],[0.91024,52.95965],[0.90972,52.95787],[0.90754,52.95871],[0.90805,52.96221],[0.90544,52.96244],[0.90401,52.96152],[0.90014,52.96062],[0.89816,52.96082],[0.89665,52.95977],[0.89536,52.96096],[0.89332,52.96059],[0.89396,52.95698],[0.8935,52.95689],[0.8921,52.95734],[0.89142,52.9578],[0.89106,52.95759],[0.89037,52.95749],[0.89041,52.95762],[0.8901,52.95788],[0.88999,52.95851],[0.88894,52.95879],[0.88827,52.95883],[0.88649,52.95865],[0.88516,52.9597],[0.88301,52.95896],[0.87812,52.95902],[0.87794,52.9583],[0.87585,52.95731],[0.87061,52.95636],[0.8663,52.9573],[0.86392,52.95703],[0.85496,52.95698],[0.8511,52.9577],[0.85045,52.95911],[0.85061,52.97238],[0.85209,52.97312],[0.8461,52.97424],[0.84679,52.97534],[0.84537,52.97766],[0.83824,52.97808],[0.82523,52.97828],[0.81085,52.97661],[0.80748,52.97582],[0.80519,52.9764],[0.78629,52.97773],[0.7744,52.97944],[0.76734,52.97869],[0.7598,52.97873],[0.75541,52.9781],[0.75059,52.97674],[0.75425,52.97589],[0.754,52.97466],[0.75553,52.97252],[0.75462,52.97107],[0.7583,52.97173],[0.75884,52.97064],[0.75783,52.96938],[0.75324,52.96949],[0.75025,52.96829],[0.7467,52.965],[0.74176,52.9643],[0.73865,52.96519],[0.73485,52.963],[0.73326,52.96445],[0.73084,52.96463],[0.73499,52.96725],[0.7355,52.96834],[0.73281,52.97181],[0.73538,52.97166],[0.73482,52.97059],[0.73745,52.9691],[0.7402,52.96863],[0.74218,52.9695],[0.74441,52.96924],[0.74528,52.97065],[0.74845,52.97244],[0.75188,52.97156],[0.75223,52.97281],[0.74979,52.9735],[0.74793,52.97482],[0.73478,52.97463],[0.73066,52.97292],[0.72352,52.97174],[0.71811,52.97169],[0.71142,52.97224],[0.70518,52.9732],[0.70382,52.97435],[0.70418,52.97544],[0.7031,52.97681],[0.70157,52.97736],[0.69331,52.97899],[0.69144,52.97821],[0.69026,52.97664],[0.68743,52.97466],[0.6868,52.97373],[0.68424,52.9728],[0.68014,52.9719],[0.67874,52.97089],[0.68064,52.96934],[0.68318,52.97065],[0.68548,52.97011],[0.68706,52.97117],[0.68999,52.97068],[0.68569,52.9683],[0.68495,52.96975],[0.68373,52.97009],[0.6801,52.9678],[0.67789,52.96761],[0.67703,52.96862],[0.67394,52.96892],[0.67147,52.96963],[0.66848,52.96836],[0.66353,52.96712],[0.66213,52.96786],[0.66267,52.96938],[0.66023,52.97006],[0.65393,52.96938],[0.65343,52.96855],[0.64976,52.96853],[0.64939,52.96951],[0.65109,52.97063],[0.65395,52.97053],[0.65809,52.97122],[0.66375,52.97102],[0.66756,52.96997],[0.66898,52.97023],[0.67526,52.97396],[0.67412,52.97616],[0.67158,52.97752],[0.66724,52.97782],[0.66638,52.97849],[0.66273,52.97867],[0.65904,52.97825],[0.65497,52.97699],[0.65089,52.97698],[0.63433,52.97451],[0.62266,52.97376],[0.61989,52.97202],[0.62078,52.97025],[0.62391,52.9714],[0.62569,52.97142],[0.62601,52.97071],[0.62572,52.96813],[0.62159,52.96797],[0.62052,52.96725],[0.6184,52.96721],[0.61797,52.96761],[0.61529,52.96721],[0.61546,52.96885],[0.61788,52.96919],[0.61955,52.97046],[0.61775,52.97273],[0.61211,52.97358],[0.60253,52.97457],[0.58793,52.97707],[0.58718,52.97574],[0.58739,52.97427],[0.59119,52.97295],[0.58944,52.97068],[0.58605,52.97177],[0.5829,52.9715],[0.5811,52.96941],[0.57524,52.96807],[0.57449,52.96612],[0.57211,52.96647],[0.57118,52.9685],[0.56609,52.9696],[0.56683,52.97051],[0.56932,52.97112],[0.56922,52.97231],[0.57156,52.97387],[0.56923,52.97534],[0.56407,52.97611],[0.54726,52.97562],[0.53863,52.97484],[0.53419,52.97412],[0.51871,52.96854],[0.51376,52.96431],[0.51518,52.96374],[0.51397,52.96163],[0.50836,52.95829],[0.50159,52.95529],[0.49709,52.95298],[0.48975,52.94748],[0.48662,52.94215],[0.48529,52.93859],[0.47935,52.93132],[0.47772,52.92679],[0.47639,52.92407],[0.47453,52.91656],[0.47254,52.91314],[0.4716,52.90857],[0.46482,52.89834],[0.46065,52.89228],[0.4532,52.88437],[0.44631,52.87561],[0.44488,52.87286],[0.44339,52.86789],[0.44421,52.86566],[0.44597,52.86443],[0.44568,52.85987],[0.44616,52.85855],[0.44493,52.85365],[0.44196,52.85463],[0.4368,52.85398],[0.433,52.8531],[0.42746,52.84982],[0.42188,52.84805],[0.41895,52.84634],[0.41543,52.84278],[0.41388,52.84031],[0.40975,52.83972],[0.40827,52.83862],[0.40651,52.83866],[0.40439,52.83669],[0.40261,52.83683],[0.40015,52.83446],[0.39835,52.83374],[0.39686,52.83222],[0.39309,52.83148],[0.39144,52.82923],[0.38934,52.82845],[0.38874,52.82755],[0.38447,52.8255],[0.381,52.82326],[0.3795,52.82291],[0.37716,52.82117],[0.37503,52.82042],[0.37342,52.8189],[0.37058,52.81789],[0.36869,52.81828],[0.366,52.81625],[0.36179,52.81389],[0.35784,52.81274],[0.35746,52.81081],[0.35935,52.80856],[0.35826,52.80784],[0.35961,52.80529],[0.36185,52.80269],[0.36809,52.79445],[0.37076,52.79052],[0.38881,52.76205],[0.39151,52.75738],[0.39191,52.75439],[0.39405,52.7498],[0.39461,52.74749],[0.39309,52.74481],[0.39008,52.74204],[0.37744,52.73296],[0.37575,52.73147],[0.37675,52.72965],[0.37379,52.73047],[0.35865,52.71998],[0.35693,52.71825],[0.35454,52.71407],[0.35431,52.71056],[0.35596,52.70667],[0.36074,52.70129],[0.36205,52.69919],[0.36344,52.69838],[0.36793,52.69676],[0.37221,52.69303],[0.37287,52.69176],[0.37233,52.68971],[0.37333,52.68765],[0.37153,52.68384],[0.36497,52.6745],[0.36116,52.66663],[0.36136,52.66527],[0.36427,52.66108],[0.3652,52.65812],[0.36671,52.65466],[0.36623,52.64592],[0.36829,52.6433],[0.36883,52.64047],[0.36767,52.63748],[0.36805,52.63507],[0.36779,52.63226],[0.36561,52.62854],[0.36643,52.62506],[0.36366,52.62244],[0.3634,52.62165],[0.36361,52.61669],[0.36543,52.61389],[0.36537,52.61111],[0.3646,52.60975],[0.3623,52.60794],[0.36079,52.60419],[0.35937,52.60247],[0.35387,52.5973],[0.34917,52.59576],[0.34542,52.59366],[0.34164,52.5905],[0.34123,52.58735],[0.34228,52.58394],[0.34041,52.58247],[0.29983,52.54644],[0.2606,52.51156],[0.24566,52.50038],[0.15408,52.43154],[0.14042,52.42138],[0.12391,52.41512],[0.11544,52.41068],[0.10657,52.40395],[0.10019,52.39849],[0.09351,52.39078],[0.04999,52.35684],[0.04678,52.35501],[0.04323,52.3523],[0.03862,52.35326],[0.03501,52.35332],[0.02649,52.35112],[0.01444,52.34378],[0.01415,52.34396],[0.02595,52.35129],[0.02995,52.3523],[0.03062,52.35286],[0.03459,52.35367],[0.03756,52.3539],[0.04086,52.3531],[0.04342,52.35297],[0.05117,52.3583],[0.09322,52.39086],[0.10014,52.39876],[0.10849,52.40574],[0.11507,52.41066],[0.1238,52.4153],[0.14025,52.4215],[0.15509,52.43262],[0.24552,52.50055],[0.26039,52.51173],[0.3,52.54705],[0.34023,52.58305],[0.34097,52.58476],[0.34024,52.58932],[0.34093,52.59068],[0.34445,52.59371],[0.34864,52.59622],[0.35317,52.59767],[0.35826,52.60224],[0.36023,52.60478],[0.36135,52.60793],[0.36416,52.61074],[0.36462,52.61329],[0.36282,52.61631],[0.36228,52.62144],[0.3633,52.62361],[0.36534,52.62519],[0.36454,52.62838],[0.36668,52.63209],[0.3671,52.63537],[0.36661,52.63772],[0.36776,52.64101],[0.36738,52.64312],[0.36508,52.64634],[0.36564,52.64861],[0.36531,52.65142],[0.36572,52.65431],[0.3641,52.65664],[0.36321,52.66034],[0.36015,52.66491],[0.35984,52.66642],[0.3638,52.67463],[0.37166,52.68623],[0.37186,52.6876],[0.37089,52.68998],[0.37131,52.69207],[0.37061,52.69318],[0.36748,52.69586],[0.36163,52.69834],[0.35959,52.70108],[0.35471,52.70562],[0.35193,52.70376],[0.35119,52.70407],[0.35425,52.70612],[0.35298,52.70838],[0.35278,52.71243],[0.35327,52.71487],[0.35426,52.717],[0.35719,52.72042],[0.36422,52.72552],[0.38478,52.73999],[0.39188,52.74639],[0.39219,52.74833],[0.38995,52.75265],[0.38794,52.75934],[0.36864,52.78844],[0.3605,52.79897],[0.35363,52.80642],[0.35209,52.80936],[0.34854,52.81134],[0.34475,52.81413],[0.34129,52.81535],[0.33836,52.81505],[0.33497,52.81707],[0.33194,52.81795],[0.32799,52.81846],[0.32232,52.81835],[0.31567,52.81883],[0.31276,52.81837],[0.3054,52.81859],[0.3026,52.81817],[0.29607,52.81851],[0.29078,52.81804],[0.28722,52.81922],[0.2858,52.81845],[0.28126,52.81751],[0.27932,52.81638],[0.27504,52.81681],[0.26978,52.81597],[0.27215,52.81249],[0.26945,52.81237],[0.26745,52.81322],[0.26393,52.80625],[0.26401,52.80551],[0.26207,52.80362],[0.25312,52.79741],[0.26096,52.79608],[0.25199,52.79257],[0.24504,52.78447],[0.27223,52.77281],[0.26992,52.77205],[0.26589,52.77165],[0.25408,52.76717],[0.2517,52.76713],[0.2475,52.76484],[0.24395,52.764],[0.23316,52.76027],[0.22781,52.75717],[0.21737,52.75325],[0.21175,52.74954],[0.19659,52.7422],[0.19482,52.73872],[0.19228,52.73834],[0.18632,52.73535],[0.17211,52.73794]]],[[[0.54017,51.51765],[0.53969,51.51855],[0.53741,51.51854],[0.53421,51.51765],[0.53194,51.51625],[0.53682,51.51647],[0.54017,51.51765]]],[[[0.52527,51.51707],[0.52136,51.52139],[0.52173,51.51872],[0.5229,51.51757],[0.52527,51.51707]]],[[[0.62591,51.52662],[0.62347,51.52518],[0.62551,51.52466],[0.62556,51.52564],[0.62591,51.52662]]],[[[0.62825,51.52655],[0.62609,51.52743],[0.6256,51.52517],[0.62603,51.52466],[0.62896,51.52607],[0.62825,51.52655]]],[[[0.62206,51.52874],[0.6193,51.52839],[0.62055,51.52706],[0.62345,51.52773],[0.62206,51.52874]]],[[[0.61751,51.52949],[0.61412,51.5282],[0.61708,51.5273],[0.61822,51.52881],[0.61751,51.52949]]],[[[0.60842,51.5321],[0.60936,51.53063],[0.61263,51.53024],[0.61392,51.53087],[0.60842,51.5321]]],[[[0.60279,51.53403],[0.60124,51.53494],[0.59917,51.53384],[0.60116,51.53328],[0.60279,51.53403]]],[[[0.58586,51.53728],[0.58606,51.53658],[0.58898,51.53579],[0.59169,51.53564],[0.5967,51.5341],[0.60061,51.53547],[0.5961,51.53643],[0.59073,51.53701],[0.58586,51.53728]]],[[[0.6405,51.53638],[0.63595,51.5342],[0.63453,51.53409],[0.6335,51.53462],[0.62869,51.53362],[0.62729,51.53266],[0.62913,51.53164],[0.63537,51.53208],[0.64021,51.53343],[0.64072,51.53464],[0.6405,51.53638]]],[[[0.64564,51.53896],[0.64374,51.53917],[0.64006,51.53774],[0.63585,51.53726],[0.63296,51.53814],[0.62962,51.5382],[0.62759,51.53774],[0.62454,51.53637],[0.62122,51.53578],[0.6172,51.53562],[0.61414,51.5349],[0.61171,51.53388],[0.6155,51.53315],[0.61719,51.53338],[0.61928,51.5327],[0.62465,51.53263],[0.6267,51.53213],[0.62742,51.53309],[0.62866,51.53371],[0.63233,51.53451],[0.63398,51.53473],[0.63542,51.53457],[0.63651,51.53483],[0.63665,51.53547],[0.63998,51.53632],[0.63971,51.53695],[0.641,51.53733],[0.64113,51.53593],[0.6424,51.53581],[0.64498,51.537],[0.64564,51.53896]]],[[[0.56458,51.54088],[0.56344,51.54116],[0.5617,51.53954],[0.56333,51.53911],[0.56358,51.53935],[0.56412,51.5394],[0.56458,51.54088]]],[[[0.5587,51.54396],[0.5548,51.54369],[0.55204,51.5422],[0.55487,51.54104],[0.55782,51.54164],[0.56001,51.54045],[0.5622,51.54055],[0.56355,51.54155],[0.56107,51.54326],[0.5587,51.54396]]],[[[0.54621,51.54742],[0.54501,51.54674],[0.54386,51.54427],[0.54439,51.54136],[0.54418,51.53879],[0.54319,51.53692],[0.5432,51.53446],[0.53865,51.53345],[0.53522,51.53056],[0.53355,51.53028],[0.52411,51.53246],[0.52251,51.53224],[0.52001,51.53029],[0.51825,51.52968],[0.52072,51.52727],[0.52292,51.52434],[0.52573,51.5199],[0.52848,51.51834],[0.53219,51.51882],[0.53242,51.51941],[0.53952,51.52067],[0.54636,51.51838],[0.54904,51.51601],[0.55218,51.5114],[0.55327,51.51054],[0.573,51.5078],[0.57683,51.50883],[0.58054,51.50921],[0.58415,51.51117],[0.58446,51.5128],[0.5874,51.5131],[0.58794,51.5117],[0.58944,51.51088],[0.59779,51.51212],[0.60001,51.51226],[0.60957,51.51382],[0.61701,51.51433],[0.62077,51.5158],[0.62504,51.5164],[0.62448,51.51867],[0.62674,51.51855],[0.62662,51.51969],[0.62788,51.52048],[0.63124,51.5211],[0.63464,51.52099],[0.63412,51.52232],[0.62779,51.52249],[0.62485,51.52072],[0.62211,51.52041],[0.61722,51.52098],[0.61775,51.52195],[0.62047,51.52098],[0.62415,51.52138],[0.62581,51.52274],[0.62419,51.52311],[0.62142,51.52634],[0.61916,51.52607],[0.61018,51.52724],[0.60352,51.52962],[0.59867,51.5301],[0.60306,51.53162],[0.60153,51.53295],[0.59558,51.53399],[0.59147,51.53533],[0.58908,51.53543],[0.58666,51.53626],[0.5852,51.53594],[0.582,51.5381],[0.57716,51.53819],[0.5741,51.53881],[0.5653,51.5413],[0.56426,51.5396],[0.56399,51.53912],[0.56405,51.53935],[0.56337,51.5391],[0.56374,51.53883],[0.55908,51.54035],[0.55482,51.54092],[0.55154,51.5422],[0.55425,51.54383],[0.55661,51.54447],[0.55085,51.54561],[0.54621,51.54742]]],[[[0.83391,51.57003],[0.83376,51.57259],[0.83134,51.57327],[0.82892,51.57226],[0.82723,51.56994],[0.82524,51.56613],[0.82578,51.56447],[0.8296,51.56279],[0.83141,51.56023],[0.83502,51.56073],[0.84028,51.56087],[0.83906,51.56228],[0.8378,51.56528],[0.83436,51.56707],[0.83391,51.57003]]],[[[0.83474,51.59029],[0.83471,51.59197],[0.83635,51.5949],[0.83014,51.59597],[0.8268,51.59601],[0.82276,51.5956],[0.81834,51.59411],[0.81219,51.59013],[0.8096,51.58769],[0.80807,51.58563],[0.80957,51.58112],[0.80938,51.57912],[0.81069,51.57837],[0.81435,51.57789],[0.81557,51.57694],[0.81582,51.57338],[0.81818,51.57185],[0.8195,51.56963],[0.81838,51.56764],[0.8207,51.56545],[0.82295,51.56488],[0.82412,51.56584],[0.82328,51.56839],[0.82352,51.56932],[0.82617,51.57058],[0.82689,51.57256],[0.82977,51.57414],[0.83041,51.57651],[0.83424,51.5814],[0.8367,51.58341],[0.83749,51.58518],[0.83474,51.59029]]],[[[0.86616,51.59972],[0.86615,51.60135],[0.86341,51.60076],[0.86137,51.59901],[0.85853,51.59895],[0.85617,51.5957],[0.86051,51.59577],[0.86316,51.59632],[0.86527,51.59763],[0.86616,51.59972]]],[[[0.86422,51.60769],[0.86152,51.60755],[0.86093,51.6051],[0.86209,51.60314],[0.86576,51.60248],[0.86422,51.60769]]],[[[0.82544,51.61842],[0.8221,51.61866],[0.82189,51.61711],[0.82544,51.61842]]],[[[0.64746,51.62559],[0.64418,51.62585],[0.64418,51.62492],[0.64746,51.62559]]],[[[0.64972,51.62389],[0.65164,51.62507],[0.65032,51.62597],[0.64853,51.62458],[0.64972,51.62389]]],[[[0.94551,51.62057],[0.93883,51.61995],[0.93291,51.61841],[0.92927,51.61648],[0.92292,51.61727],[0.91818,51.61587],[0.91518,51.61645],[0.91289,51.61534],[0.90913,51.61466],[0.9045,51.61517],[0.90308,51.61408],[0.90031,51.61365],[0.89828,51.61489],[0.89569,51.61447],[0.88991,51.61562],[0.88211,51.61612],[0.87866,51.61571],[0.87362,51.61373],[0.87159,51.61131],[0.87229,51.61072],[0.87118,51.60632],[0.87122,51.60177],[0.86974,51.59811],[0.87022,51.59775],[0.86685,51.5952],[0.86281,51.59344],[0.85915,51.59252],[0.8487,51.5928],[0.84511,51.59372],[0.8403,51.59442],[0.83878,51.59426],[0.83768,51.59262],[0.83813,51.5893],[0.83971,51.5878],[0.84076,51.58475],[0.84009,51.58198],[0.84362,51.58329],[0.84633,51.58272],[0.84794,51.58103],[0.84761,51.5795],[0.84839,51.57833],[0.85364,51.57745],[0.85646,51.57766],[0.85844,51.57693],[0.8595,51.5738],[0.85852,51.57364],[0.85731,51.57641],[0.84911,51.57719],[0.84615,51.57893],[0.84631,51.58162],[0.84383,51.5825],[0.84181,51.58129],[0.83868,51.5815],[0.83795,51.5804],[0.83884,51.57871],[0.83753,51.57814],[0.83628,51.58028],[0.83282,51.57575],[0.83529,51.57246],[0.83584,51.5669],[0.83884,51.56521],[0.83891,51.5637],[0.84023,51.56159],[0.84219,51.56067],[0.85273,51.55742],[0.85503,51.55737],[0.85652,51.55654],[0.85911,51.55699],[0.86072,51.55777],[0.86374,51.5584],[0.86498,51.55939],[0.8677,51.56018],[0.87092,51.56225],[0.87182,51.56391],[0.8742,51.56464],[0.88043,51.56755],[0.88139,51.56869],[0.88455,51.56965],[0.8863,51.56974],[0.89077,51.5725],[0.89383,51.57357],[0.89486,51.57452],[0.89715,51.57505],[0.90459,51.57934],[0.91079,51.58211],[0.91095,51.58244],[0.91839,51.58637],[0.92577,51.59128],[0.93052,51.59424],[0.93682,51.59862],[0.937,51.59917],[0.94104,51.60225],[0.94209,51.60361],[0.94345,51.60403],[0.94767,51.60837],[0.95081,51.61076],[0.95203,51.61251],[0.95371,51.61306],[0.95706,51.61689],[0.95839,51.61983],[0.95283,51.61956],[0.94551,51.62057]]],[[[0.65044,51.62621],[0.65019,51.62851],[0.6486,51.62819],[0.64839,51.62562],[0.65044,51.62621]]],[[[0.64774,51.62663],[0.64796,51.62962],[0.64526,51.6291],[0.6458,51.62752],[0.64774,51.62663]]],[[[0.65052,51.63054],[0.65051,51.63276],[0.64869,51.63291],[0.6489,51.63052],[0.65052,51.63054]]],[[[0.65518,51.62997],[0.65568,51.63214],[0.65299,51.63356],[0.65131,51.63256],[0.65091,51.62886],[0.65518,51.62997]]],[[[0.65639,51.6339],[0.65416,51.63324],[0.65588,51.63212],[0.65625,51.63051],[0.65806,51.63107],[0.65788,51.63278],[0.65639,51.6339]]],[[[0.65424,51.6337],[0.65496,51.63446],[0.65074,51.63506],[0.64917,51.63484],[0.64939,51.63297],[0.65297,51.63372],[0.65424,51.6337]]],[[[0.65534,51.63538],[0.65133,51.63591],[0.65061,51.63512],[0.65497,51.63448],[0.65534,51.63538]]],[[[0.7433,51.63504],[0.74,51.63572],[0.73931,51.63475],[0.7433,51.63504]]],[[[0.67016,51.638],[0.66752,51.63873],[0.66486,51.6387],[0.66448,51.63707],[0.67035,51.63711],[0.67016,51.638]]],[[[0.74729,51.63817],[0.7456,51.63875],[0.73908,51.63868],[0.73873,51.63742],[0.74174,51.63658],[0.74216,51.63566],[0.74651,51.63516],[0.74851,51.63604],[0.74729,51.63817]]],[[[0.66926,51.63843],[0.66956,51.63936],[0.66776,51.64067],[0.66716,51.63886],[0.66926,51.63843]]],[[[0.73517,51.63929],[0.73288,51.63947],[0.73226,51.63803],[0.73513,51.63763],[0.73517,51.63929]]],[[[0.73203,51.63799],[0.73282,51.63951],[0.72921,51.6397],[0.72934,51.63842],[0.73203,51.63799]]],[[[0.75529,51.63947],[0.75295,51.63962],[0.75273,51.63801],[0.75511,51.63875],[0.75529,51.63947]]],[[[0.72794,51.64021],[0.72476,51.64006],[0.72837,51.63815],[0.72794,51.64021]]],[[[0.71944,51.64144],[0.71582,51.6412],[0.71374,51.63853],[0.71332,51.63731],[0.72053,51.63883],[0.72419,51.63875],[0.72908,51.63777],[0.72922,51.63733],[0.73365,51.63498],[0.73648,51.63461],[0.73396,51.6374],[0.73231,51.63764],[0.73133,51.63637],[0.72917,51.63788],[0.72522,51.63875],[0.72312,51.63997],[0.72104,51.63922],[0.71829,51.63889],[0.71349,51.63736],[0.71367,51.63826],[0.71582,51.64102],[0.71944,51.64144]]],[[[0.75124,51.64234],[0.75065,51.64136],[0.74692,51.63919],[0.74858,51.63754],[0.74958,51.63777],[0.74947,51.64027],[0.75245,51.64147],[0.75551,51.64115],[0.75869,51.64135],[0.75835,51.63972],[0.76276,51.64034],[0.76105,51.64168],[0.75653,51.64156],[0.75207,51.64187],[0.75124,51.64234]]],[[[0.75052,51.64241],[0.74742,51.64224],[0.74522,51.641],[0.74527,51.63988],[0.73971,51.64036],[0.73244,51.64211],[0.73027,51.64206],[0.72681,51.64092],[0.72891,51.63978],[0.73394,51.63956],[0.73687,51.64018],[0.7455,51.63974],[0.74595,51.64107],[0.74854,51.6423],[0.75052,51.64241]]],[[[0.77702,51.72566],[0.77553,51.72644],[0.77209,51.72664],[0.77199,51.72534],[0.77474,51.72526],[0.77564,51.72559],[0.77702,51.72566]]],[[[0.76975,51.72683],[0.76588,51.72681],[0.76369,51.72623],[0.75625,51.72672],[0.75464,51.72486],[0.7552,51.72369],[0.75692,51.72257],[0.76268,51.72152],[0.77013,51.71905],[0.77227,51.71868],[0.77853,51.71948],[0.7795,51.7202],[0.78253,51.7202],[0.78596,51.72184],[0.78491,51.72382],[0.78059,51.72389],[0.77771,51.72496],[0.77626,51.72517],[0.77572,51.72552],[0.77474,51.7252],[0.7692,51.7254],[0.76597,51.72653],[0.77027,51.72549],[0.76975,51.72683]]],[[[0.72304,51.72978],[0.72118,51.73065],[0.71931,51.73014],[0.71765,51.72856],[0.7164,51.72602],[0.71529,51.72529],[0.71462,51.72309],[0.71239,51.7218],[0.71065,51.72014],[0.70813,51.71964],[0.7119,51.71812],[0.71687,51.71928],[0.72617,51.71705],[0.72914,51.71841],[0.72954,51.72148],[0.73028,51.72233],[0.7292,51.72342],[0.72755,51.72301],[0.72594,51.72171],[0.72458,51.72201],[0.72991,51.72458],[0.72833,51.72582],[0.72514,51.7268],[0.72467,51.72823],[0.72304,51.72978]]],[[[0.88601,51.73681],[0.88406,51.73767],[0.88314,51.73517],[0.88601,51.73681]]],[[[0.84935,51.74699],[0.84792,51.74733],[0.84728,51.74712],[0.84691,51.74542],[0.84989,51.74596],[0.84935,51.74699]]],[[[0.87237,51.7638],[0.87665,51.76209],[0.88132,51.76068],[0.88366,51.76115],[0.87237,51.7638]]],[[[0.85439,51.76568],[0.85253,51.76249],[0.85278,51.7613],[0.85592,51.76176],[0.86067,51.76426],[0.85738,51.76543],[0.85439,51.76568]]],[[[0.89152,51.76791],[0.88913,51.76568],[0.89361,51.76646],[0.89152,51.76791]]],[[[0.85057,51.77282],[0.84946,51.77122],[0.85183,51.77116],[0.85057,51.77282]]],[[[0.83802,51.77337],[0.83588,51.77176],[0.83446,51.77101],[0.83307,51.77005],[0.83349,51.76926],[0.83485,51.76952],[0.83563,51.76935],[0.83654,51.76981],[0.83721,51.76919],[0.84007,51.76968],[0.84305,51.76847],[0.84684,51.76911],[0.84881,51.76752],[0.85009,51.76717],[0.85407,51.76773],[0.85333,51.76875],[0.84944,51.77007],[0.84681,51.77139],[0.84348,51.7711],[0.84252,51.77221],[0.84053,51.77225],[0.83965,51.77321],[0.83802,51.77337]]],[[[0.85302,51.77329],[0.852,51.77271],[0.85281,51.77051],[0.85589,51.77],[0.85619,51.7733],[0.85302,51.77329]]],[[[0.8997,51.7732],[0.89715,51.77214],[0.89818,51.7707],[0.9001,51.77012],[0.90266,51.77058],[0.90136,51.77247],[0.8997,51.7732]]],[[[0.88425,51.77909],[0.88522,51.77748],[0.89163,51.77192],[0.89205,51.77324],[0.89069,51.77604],[0.88804,51.77767],[0.88556,51.77818],[0.88425,51.77909]]],[[[0.88688,51.77973],[0.8915,51.77708],[0.89337,51.77655],[0.89262,51.77904],[0.8881,51.77914],[0.88688,51.77973]]],[[[0.87327,51.78662],[0.87177,51.78666],[0.87279,51.78472],[0.87389,51.784],[0.87638,51.78564],[0.87327,51.78662]]],[[[0.87798,51.78506],[0.87624,51.78488],[0.87623,51.78362],[0.87849,51.78397],[0.87798,51.78506]]],[[[1.03967,51.78565],[1.04132,51.78844],[1.03835,51.78753],[1.03703,51.78561],[1.03967,51.78565]]],[[[1.03182,51.78607],[1.0308,51.78461],[1.03293,51.7783],[1.03464,51.77628],[1.04059,51.77101],[1.04389,51.77105],[1.04047,51.77334],[1.03966,51.7731],[1.03847,51.77592],[1.03996,51.77613],[1.03634,51.77827],[1.03554,51.77929],[1.03426,51.78322],[1.03472,51.78407],[1.03416,51.7868],[1.03182,51.78607]]],[[[0.91228,51.7974],[0.9127,51.79807],[0.91169,51.79803],[0.91185,51.7976],[0.91077,51.79759],[0.91047,51.79724],[0.90892,51.79774],[0.90355,51.79462],[0.90018,51.79077],[0.8971,51.78566],[0.90057,51.78863],[0.90537,51.79159],[0.91089,51.79418],[0.91086,51.79531],[0.91228,51.7974]]],[[[0.91502,51.79954],[0.91321,51.79898],[0.9113,51.79486],[0.91473,51.79489],[0.91761,51.79739],[0.91654,51.79902],[0.91502,51.79954]]],[[[0.91177,51.80138],[0.91055,51.80151],[0.90951,51.79954],[0.90943,51.79803],[0.91042,51.79735],[0.91071,51.79768],[0.91149,51.79763],[0.91121,51.79828],[0.91223,51.79815],[0.91297,51.79863],[0.91287,51.79931],[0.91451,51.80005],[0.9133,51.8013],[0.91218,51.80099],[0.91177,51.80138]]],[[[0.92656,51.80035],[0.92398,51.80019],[0.92443,51.79907],[0.9265,51.79923],[0.92656,51.80035]]],[[[1.03963,51.80425],[1.03602,51.80439],[1.03102,51.80394],[1.0295,51.80407],[1.02555,51.80333],[1.02845,51.80222],[1.0313,51.80205],[1.03393,51.80247],[1.03963,51.80425]]],[[[0.97466,51.81018],[0.97249,51.81103],[0.96915,51.8112],[0.97509,51.80864],[0.97466,51.81018]]],[[[1.0482,51.80951],[1.04377,51.80943],[1.03741,51.80702],[1.03727,51.80567],[1.03998,51.80563],[1.04313,51.80643],[1.04764,51.80822],[1.04902,51.80836],[1.0482,51.80951]]],[[[1.05175,51.81071],[1.0506,51.81068],[1.05017,51.80948],[1.05173,51.80906],[1.05355,51.8095],[1.05175,51.81071]]],[[[0.9823,51.81577],[0.98023,51.81663],[0.97686,51.81742],[0.97555,51.81691],[0.97839,51.81495],[0.98178,51.81362],[0.98457,51.81328],[0.9823,51.81577]]],[[[0.95525,51.83168],[0.95341,51.83133],[0.95228,51.8308],[0.95307,51.83028],[0.95262,51.82986],[0.95277,51.82877],[0.95388,51.82776],[0.95198,51.82611],[0.95199,51.82507],[0.95553,51.82363],[0.96404,51.82198],[0.96307,51.82461],[0.96319,51.82779],[0.96029,51.8308],[0.95891,51.83143],[0.95678,51.83114],[0.95525,51.83168]]],[[[1.25687,51.86805],[1.25658,51.86711],[1.25972,51.86635],[1.25996,51.8657],[1.26331,51.86401],[1.26581,51.8642],[1.26834,51.86511],[1.2679,51.8672],[1.26344,51.86528],[1.25964,51.86687],[1.25949,51.86765],[1.25687,51.86805]]],[[[1.25008,51.87082],[1.24921,51.86992],[1.24558,51.86917],[1.24739,51.86843],[1.25159,51.86961],[1.25008,51.87082]]],[[[1.23141,51.87209],[1.2295,51.87261],[1.22952,51.87051],[1.23195,51.87012],[1.23141,51.87209]]],[[[1.20921,51.87442],[1.20722,51.87477],[1.20507,51.87398],[1.20806,51.87278],[1.20921,51.87442]]],[[[1.25648,51.87304],[1.25306,51.87336],[1.25179,51.87152],[1.25415,51.8698],[1.25624,51.86898],[1.25936,51.86913],[1.26154,51.86759],[1.26478,51.86612],[1.26757,51.8676],[1.26706,51.8695],[1.2646,51.87227],[1.25983,51.8725],[1.2578,51.87333],[1.25648,51.87304]]],[[[1.21327,51.87908],[1.21202,51.87922],[1.20981,51.87764],[1.20774,51.87698],[1.20161,51.87594],[1.20281,51.87487],[1.20449,51.87467],[1.21023,51.87619],[1.21327,51.87908]]],[[[1.22467,51.8803],[1.22402,51.87724],[1.2187,51.87813],[1.21577,51.87628],[1.21726,51.87596],[1.21812,51.87468],[1.21587,51.87314],[1.21342,51.87387],[1.21004,51.87271],[1.2088,51.8712],[1.2114,51.87082],[1.21657,51.87235],[1.21991,51.87189],[1.22162,51.87231],[1.22155,51.87375],[1.2233,51.87491],[1.22451,51.87661],[1.22467,51.8803]]],[[[1.27394,51.87967],[1.27247,51.8768],[1.27523,51.87768],[1.27538,51.87873],[1.27394,51.87967]]],[[[1.2629,51.88022],[1.26199,51.88062],[1.25988,51.87878],[1.26038,51.87664],[1.25967,51.87558],[1.25505,51.87453],[1.2593,51.87407],[1.26374,51.87304],[1.26411,51.87769],[1.2629,51.88022]]],[[[1.25661,51.88377],[1.25686,51.88336],[1.25032,51.88275],[1.2487,51.88167],[1.24465,51.88125],[1.24109,51.88187],[1.23738,51.88094],[1.23652,51.88192],[1.23369,51.88217],[1.22969,51.88147],[1.22783,51.88054],[1.22706,51.87933],[1.22701,51.87641],[1.22829,51.87543],[1.23292,51.87446],[1.238,51.87019],[1.23991,51.86945],[1.24168,51.86976],[1.24459,51.86889],[1.24492,51.86992],[1.2437,51.87097],[1.24693,51.87279],[1.24603,51.8746],[1.24826,51.87506],[1.25016,51.87692],[1.25321,51.87696],[1.25833,51.87658],[1.25861,51.87872],[1.26029,51.88186],[1.25915,51.88315],[1.25661,51.88377]]],[[[1.23625,51.89342],[1.23395,51.89368],[1.23416,51.89285],[1.23256,51.89264],[1.23068,51.89],[1.23156,51.88749],[1.2336,51.88675],[1.23908,51.88644],[1.24267,51.88659],[1.24016,51.88918],[1.2367,51.89141],[1.23724,51.8923],[1.23625,51.89342]]],[[[1.22804,51.898],[1.22596,51.8983],[1.22349,51.89756],[1.22003,51.89835],[1.21886,51.89744],[1.22487,51.89668],[1.22868,51.89553],[1.22919,51.89674],[1.22804,51.898]]],[[[1.2307,51.90241],[1.22822,51.90033],[1.22871,51.89821],[1.23031,51.89651],[1.22987,51.89551],[1.23237,51.89413],[1.23581,51.89365],[1.23684,51.89321],[1.23745,51.89239],[1.2375,51.89128],[1.2416,51.88826],[1.24459,51.88791],[1.24668,51.89129],[1.24423,51.89293],[1.24488,51.8955],[1.24191,51.89551],[1.2382,51.89653],[1.23641,51.89917],[1.23494,51.89964],[1.2307,51.90241]]],[[[1.23182,51.90391],[1.23113,51.90332],[1.23542,51.89998],[1.23751,51.89934],[1.23947,51.89675],[1.24134,51.8965],[1.24435,51.89695],[1.24272,51.89893],[1.24317,51.90014],[1.24154,51.90109],[1.23928,51.9013],[1.23845,51.90219],[1.23499,51.903],[1.2343,51.90378],[1.23182,51.90391]]],[[[1.25742,51.9168],[1.25357,51.91648],[1.25047,51.91654],[1.24982,51.916],[1.24985,51.91314],[1.25172,51.91439],[1.25544,51.91225],[1.25892,51.91527],[1.25742,51.9168]]],[[[1.23725,51.95897],[1.23332,51.95786],[1.2332,51.95706],[1.23703,51.95779],[1.23725,51.95897]]],[[[1.23809,51.96034],[1.23505,51.9601],[1.23622,51.95903],[1.23809,51.96034]]],[[[1.36609,52.01382],[1.36479,52.01371],[1.36407,52.01174],[1.36605,52.01219],[1.36609,52.01382]]],[[[1.33895,52.03934],[1.33736,52.03949],[1.33572,52.0387],[1.33867,52.03781],[1.33895,52.03934]]],[[[1.34251,52.04426],[1.34108,52.04391],[1.34334,52.04169],[1.34167,52.04126],[1.34434,52.03855],[1.34643,52.03879],[1.34771,52.04066],[1.34644,52.04269],[1.34444,52.04308],[1.34251,52.04426]]],[[[1.47567,52.0548],[1.47839,52.05672],[1.48416,52.05934],[1.4817,52.05921],[1.47863,52.05842],[1.47555,52.05567],[1.47567,52.0548]]],[[[1.52719,52.08052],[1.52454,52.07978],[1.52239,52.07662],[1.51983,52.07365],[1.51418,52.0696],[1.5142,52.06903],[1.51079,52.06801],[1.50779,52.06782],[1.50294,52.06947],[1.50085,52.06854],[1.49931,52.06649],[1.49998,52.06553],[1.50446,52.06568],[1.51016,52.06684],[1.51231,52.06766],[1.51494,52.06768],[1.51665,52.06873],[1.5231,52.07154],[1.53004,52.07423],[1.53683,52.07645],[1.53791,52.07747],[1.53815,52.079],[1.53541,52.07868],[1.52719,52.08052]]],[[[1.57298,52.1527],[1.57154,52.15459],[1.56932,52.1553],[1.56803,52.15267],[1.56852,52.15168],[1.57056,52.15171],[1.57298,52.1527]]],[[[1.61662,52.31984],[1.6107,52.3193],[1.61195,52.31792],[1.61345,52.31928],[1.61662,52.31984]]],[[[1.63531,52.33206],[1.63627,52.33121],[1.63698,52.3286],[1.63369,52.32959],[1.63031,52.32872],[1.63032,52.32743],[1.63352,52.3291],[1.63696,52.32805],[1.63755,52.33156],[1.63623,52.33128],[1.63531,52.33206]]],[[[1.68273,52.47618],[1.682,52.47438],[1.68833,52.47309],[1.68654,52.47442],[1.68273,52.47618]]],[[[1.64513,52.58775],[1.63984,52.5876],[1.63872,52.58614],[1.63883,52.58417],[1.63754,52.58215],[1.63482,52.58086],[1.63259,52.58044],[1.62993,52.58058],[1.62745,52.57903],[1.6274,52.5772],[1.62575,52.57513],[1.62376,52.57424],[1.61993,52.57319],[1.61744,52.57336],[1.6144,52.57458],[1.61066,52.57474],[1.60767,52.57384],[1.60741,52.57232],[1.60895,52.57044],[1.6075,52.56835],[1.60304,52.56777],[1.60186,52.56725],[1.5967,52.56323],[1.59481,52.55938],[1.59229,52.55776],[1.58903,52.55744],[1.58485,52.55787],[1.57923,52.5562],[1.58036,52.55545],[1.61648,52.53471],[1.61877,52.53548],[1.61972,52.53478],[1.62131,52.53722],[1.621,52.53954],[1.61885,52.5406],[1.61295,52.53999],[1.61011,52.54025],[1.60786,52.54093],[1.60529,52.54323],[1.60617,52.54634],[1.60749,52.54867],[1.61001,52.55098],[1.61438,52.55197],[1.61973,52.5518],[1.62381,52.55334],[1.62937,52.55866],[1.63277,52.56085],[1.63414,52.56378],[1.6329,52.56932],[1.63294,52.57111],[1.63455,52.57332],[1.63836,52.57514],[1.6427,52.57472],[1.64731,52.57582],[1.64949,52.57819],[1.64954,52.57948],[1.64765,52.58161],[1.64631,52.58539],[1.64513,52.58775]]],[[[0.86278,52.95956],[0.85785,52.95906],[0.85628,52.95762],[0.8611,52.95771],[0.86221,52.95811],[0.86278,52.95956]]],[[[0.87552,52.96036],[0.87596,52.95909],[0.87436,52.95835],[0.87204,52.95864],[0.87152,52.95716],[0.87327,52.95693],[0.87591,52.95744],[0.87795,52.95836],[0.87781,52.95971],[0.87552,52.96036]]],[[[0.86733,52.96106],[0.86691,52.96046],[0.8661,52.95987],[0.86906,52.95904],[0.87139,52.9603],[0.86733,52.96106]]],[[[0.86667,52.96037],[0.86514,52.9606],[0.86399,52.96136],[0.86252,52.9602],[0.86292,52.95946],[0.86241,52.95802],[0.86647,52.95802],[0.86731,52.95946],[0.86602,52.95986],[0.86667,52.96037]]],[[[0.85566,52.96144],[0.85706,52.96027],[0.8586,52.96025],[0.8598,52.9614],[0.85765,52.96133],[0.85566,52.96144]]],[[[0.99649,52.95878],[0.99335,52.95741],[0.99606,52.95647],[0.99849,52.95618],[0.99881,52.9565],[0.99836,52.95753],[0.99775,52.95892],[0.99649,52.95878]]],[[[0.89145,52.9604],[0.88874,52.96053],[0.88809,52.95937],[0.88973,52.95864],[0.88997,52.95879],[0.89021,52.95784],[0.89093,52.95759],[0.89147,52.95789],[0.89165,52.95765],[0.8935,52.95691],[0.89394,52.95698],[0.89347,52.95846],[0.89348,52.95922],[0.89145,52.9604]]],[[[0.9582,52.95966],[0.95719,52.9603],[0.95435,52.9593],[0.95509,52.9591],[0.95806,52.95746],[0.95868,52.95772],[0.95905,52.95865],[0.95811,52.95939],[0.9582,52.95966]]],[[[0.73764,52.96589],[0.73571,52.96687],[0.73386,52.96634],[0.73335,52.96492],[0.73498,52.96361],[0.73764,52.96589]]],[[[0.62138,52.96926],[0.61956,52.96996],[0.61793,52.96897],[0.61606,52.9685],[0.616,52.96746],[0.61789,52.96764],[0.62045,52.9676],[0.62138,52.96926]]],[[[0.96829,52.96094],[0.96649,52.96116],[0.96524,52.95968],[0.96843,52.95933],[0.96829,52.96094]]],[[[0.87717,52.96324],[0.8765,52.96404],[0.87401,52.9632],[0.87285,52.96169],[0.87779,52.95998],[0.88108,52.96222],[0.88089,52.96335],[0.88015,52.9635],[0.88002,52.96325],[0.87961,52.96296],[0.87957,52.9632],[0.87825,52.96378],[0.87717,52.96324]]],[[[0.74088,52.96772],[0.73861,52.96662],[0.74008,52.96559],[0.74271,52.96532],[0.74267,52.96663],[0.74166,52.9662],[0.74085,52.96628],[0.74089,52.96639],[0.74179,52.9664],[0.74133,52.96677],[0.74191,52.96687],[0.74088,52.96772]]],[[[0.86018,52.96343],[0.85953,52.96194],[0.86,52.96157],[0.85881,52.96036],[0.86014,52.96043],[0.86354,52.96204],[0.86332,52.96505],[0.86012,52.96399],[0.86018,52.96343]]],[[[0.86018,52.96343],[0.85717,52.9639],[0.85572,52.96535],[0.85371,52.96592],[0.85318,52.96271],[0.8538,52.96056],[0.85236,52.95837],[0.85399,52.95776],[0.85585,52.95888],[0.85499,52.95995],[0.85559,52.96206],[0.85781,52.96137],[0.85942,52.96196],[0.86018,52.96343]]],[[[0.62213,52.96812],[0.62568,52.9682],[0.62569,52.97103],[0.62467,52.97128],[0.62165,52.96992],[0.62213,52.96812]]],[[[0.94884,52.96394],[0.94585,52.96342],[0.94561,52.96243],[0.94687,52.96138],[0.94624,52.95898],[0.94945,52.95887],[0.95191,52.95962],[0.95438,52.95983],[0.95477,52.95959],[0.95699,52.9604],[0.95801,52.96023],[0.95834,52.95937],[0.95909,52.9587],[0.95914,52.95812],[0.96185,52.95907],[0.9633,52.96012],[0.95898,52.96168],[0.95502,52.96217],[0.95128,52.96384],[0.94884,52.96394]]],[[[0.98558,52.96194],[0.98302,52.96087],[0.9838,52.95976],[0.9861,52.95853],[0.98933,52.95911],[0.99133,52.95774],[0.99345,52.95759],[0.99462,52.95904],[0.99151,52.9603],[0.98953,52.95998],[0.98844,52.96198],[0.98558,52.96194]]],[[[0.74599,52.97023],[0.7456,52.9693],[0.74059,52.96841],[0.73793,52.96827],[0.73609,52.96707],[0.73831,52.96672],[0.73955,52.96803],[0.74091,52.96811],[0.74149,52.96735],[0.74184,52.9673],[0.74197,52.96686],[0.74151,52.96668],[0.74236,52.96653],[0.74269,52.96667],[0.74248,52.96842],[0.74278,52.96658],[0.74377,52.9662],[0.74445,52.9656],[0.74681,52.96792],[0.74599,52.97023]]],[[[0.67791,52.97166],[0.67548,52.97153],[0.67519,52.97049],[0.67848,52.97074],[0.67791,52.97166]]],[[[0.86347,52.96774],[0.8609,52.96752],[0.86123,52.96509],[0.8628,52.96562],[0.86347,52.96774]]],[[[0.92096,52.96681],[0.91936,52.96671],[0.91574,52.96556],[0.91449,52.96395],[0.91616,52.96291],[0.91886,52.96293],[0.91958,52.96167],[0.92356,52.95965],[0.92569,52.95926],[0.92735,52.95982],[0.92853,52.95868],[0.92918,52.95728],[0.93306,52.95746],[0.93519,52.95913],[0.93722,52.96013],[0.93588,52.9627],[0.93441,52.96236],[0.93078,52.96294],[0.9261,52.96495],[0.92285,52.96527],[0.92096,52.96681]]],[[[0.86933,52.96771],[0.86644,52.96815],[0.86747,52.96521],[0.86432,52.96472],[0.86383,52.96381],[0.8656,52.96084],[0.86759,52.96138],[0.8706,52.96078],[0.87237,52.9614],[0.87555,52.9664],[0.87543,52.96713],[0.87288,52.96805],[0.86933,52.96771]]],[[[0.90299,52.96639],[0.90038,52.96685],[0.89812,52.96628],[0.89728,52.96527],[0.89364,52.96452],[0.89289,52.96341],[0.8909,52.96363],[0.89172,52.9622],[0.89168,52.96191],[0.89327,52.961],[0.90332,52.96175],[0.90568,52.96288],[0.90795,52.96284],[0.91005,52.96468],[0.91154,52.96403],[0.91216,52.9659],[0.9096,52.96658],[0.90658,52.96596],[0.90556,52.96675],[0.90299,52.96639]]],[[[0.9813,52.96604],[0.97907,52.96412],[0.97568,52.96354],[0.96998,52.96368],[0.96909,52.9623],[0.97216,52.96208],[0.97474,52.96268],[0.97507,52.96181],[0.9775,52.96131],[0.97859,52.96073],[0.97876,52.9603],[0.98147,52.96087],[0.98417,52.96192],[0.98532,52.9642],[0.98375,52.96542],[0.9813,52.96604]]],[[[0.87115,52.96863],[0.87023,52.96905],[0.86557,52.96895],[0.86566,52.96829],[0.87115,52.96863]]],[[[0.90734,52.96815],[0.90527,52.96727],[0.90749,52.96619],[0.90907,52.96706],[0.91287,52.96624],[0.91197,52.9676],[0.90734,52.96815]]],[[[1.00745,52.96571],[1.00628,52.96477],[1.00899,52.96426],[1.00959,52.96512],[1.00745,52.96571]]],[[[1.00648,52.96549],[1.00552,52.96592],[1.00232,52.96558],[1.00131,52.96449],[0.9997,52.9652],[0.99609,52.96392],[0.99338,52.96497],[0.99213,52.96431],[0.98902,52.96527],[0.98623,52.96394],[0.98892,52.9621],[0.98932,52.96105],[0.99449,52.9597],[0.996,52.95996],[0.99647,52.95929],[0.99783,52.95897],[0.99936,52.95794],[1.0022,52.9584],[1.00322,52.95777],[1.00338,52.95734],[1.00366,52.95716],[1.00392,52.95714],[1.00514,52.9575],[1.00528,52.95673],[1.00697,52.95602],[1.00785,52.95653],[1.00793,52.95894],[1.01017,52.9589],[1.01123,52.95774],[1.01382,52.95707],[1.01566,52.9557],[1.01715,52.95672],[1.01569,52.95924],[1.01541,52.9624],[1.01586,52.96338],[1.01442,52.9651],[1.0121,52.96563],[1.01142,52.96479],[1.00875,52.96417],[1.0062,52.96469],[1.00648,52.96549]]],[[[0.71178,52.97391],[0.71144,52.97235],[0.71611,52.97191],[0.71178,52.97391]]],[[[0.72357,52.97444],[0.72155,52.97448],[0.72067,52.97176],[0.72386,52.97185],[0.72856,52.9726],[0.72822,52.97362],[0.72365,52.9735],[0.72357,52.97444]]],[[[1.04501,52.96475],[1.0432,52.96599],[1.03932,52.96683],[1.03393,52.96739],[1.03031,52.96738],[1.02983,52.96688],[1.03559,52.96558],[1.03734,52.96471],[1.04435,52.96394],[1.04501,52.96475]]],[[[0.89419,52.97078],[0.89298,52.96884],[0.88975,52.96674],[0.888,52.96703],[0.88674,52.96617],[0.88482,52.96586],[0.88355,52.96489],[0.88079,52.96537],[0.87981,52.96769],[0.87672,52.96772],[0.87514,52.96497],[0.87813,52.96389],[0.87982,52.9632],[0.88019,52.96364],[0.88113,52.9633],[0.88125,52.96318],[0.88115,52.96221],[0.87885,52.96027],[0.88345,52.95912],[0.88491,52.95987],[0.88631,52.95892],[0.88812,52.95958],[0.88866,52.96076],[0.88995,52.96105],[0.8916,52.96208],[0.89046,52.96363],[0.89375,52.96459],[0.89718,52.96535],[0.89804,52.9663],[0.90105,52.96711],[0.90179,52.96691],[0.90525,52.96806],[0.89904,52.96955],[0.89737,52.97056],[0.89419,52.97078]]],[[[0.88982,52.9718],[0.88752,52.97013],[0.88754,52.96908],[0.88691,52.96765],[0.88963,52.96688],[0.8925,52.96892],[0.89217,52.97073],[0.88982,52.9718]]],[[[0.72515,52.9775],[0.72335,52.97762],[0.71733,52.9766],[0.71334,52.97659],[0.71051,52.97763],[0.70762,52.97682],[0.70543,52.97681],[0.70612,52.97406],[0.70767,52.97394],[0.71235,52.9748],[0.71413,52.97288],[0.71634,52.97292],[0.72104,52.97479],[0.7256,52.9748],[0.72753,52.97445],[0.72994,52.97498],[0.73025,52.97703],[0.72515,52.9775]]],[[[0.73283,52.97889],[0.73282,52.97697],[0.73561,52.97624],[0.73878,52.97657],[0.73625,52.97878],[0.73283,52.97889]]],[[[0.87831,52.97568],[0.87483,52.97783],[0.86994,52.97905],[0.86788,52.97902],[0.86572,52.97813],[0.86479,52.97543],[0.86215,52.97201],[0.85991,52.97039],[0.85697,52.96973],[0.85507,52.96799],[0.8549,52.96668],[0.85769,52.96629],[0.85876,52.96819],[0.86639,52.96927],[0.87378,52.96911],[0.87495,52.96744],[0.87661,52.96786],[0.87959,52.96793],[0.8806,52.9674],[0.88087,52.96572],[0.88349,52.96501],[0.88472,52.96603],[0.88659,52.96633],[0.88681,52.96782],[0.88739,52.96884],[0.88725,52.97089],[0.88543,52.97109],[0.8828,52.97006],[0.87924,52.97292],[0.87831,52.97568]]],[[[0.69739,52.98736],[0.68944,52.98786],[0.67083,52.98775],[0.66172,52.98699],[0.65805,52.98627],[0.65943,52.98543],[0.65914,52.98369],[0.66148,52.98291],[0.66697,52.98436],[0.66995,52.9842],[0.67185,52.98329],[0.67261,52.98462],[0.67124,52.98555],[0.67446,52.98662],[0.67599,52.986],[0.67871,52.98622],[0.68079,52.98546],[0.67912,52.98294],[0.67868,52.98002],[0.6802,52.97846],[0.68211,52.97741],[0.68461,52.97805],[0.68804,52.98022],[0.69198,52.98114],[0.69651,52.98088],[0.6996,52.98024],[0.70007,52.9795],[0.70438,52.97913],[0.70616,52.97951],[0.7102,52.97893],[0.71725,52.9796],[0.71878,52.979],[0.72249,52.97882],[0.72465,52.97935],[0.7285,52.97902],[0.73149,52.97977],[0.73256,52.98054],[0.73421,52.97892],[0.73725,52.97874],[0.73841,52.97975],[0.74317,52.97786],[0.74501,52.97806],[0.7477,52.97702],[0.74932,52.9771],[0.751,52.97817],[0.75014,52.97966],[0.74615,52.98064],[0.7366,52.98217],[0.71815,52.98407],[0.69739,52.98736]]]]}},{"type":"Feature","properties":{"countryCode":"GB","code":"E12000007","nom":"Londres","outreMer":false},"geometry":{"type":"MultiPolygon","coordinates":[[[[-0.5006,51.59969],[-0.4994,51.59532],[-0.49857,51.59444],[-0.49954,51.59214],[-0.49791,51.59096],[-0.49721,51.58934],[-0.49574,51.58812],[-0.49483,51.58478],[-0.4896,51.58177],[-0.48855,51.57962],[-0.48947,51.57815],[-0.48806,51.57646],[-0.48403,51.57513],[-0.48553,51.57384],[-0.48401,51.5712],[-0.48476,51.56687],[-0.48258,51.56573],[-0.48225,51.56392],[-0.48279,51.56282],[-0.48075,51.56178],[-0.48042,51.56081],[-0.47752,51.56028],[-0.4766,51.55803],[-0.47733,51.55527],[-0.47888,51.55484],[-0.48266,51.55152],[-0.48423,51.55146],[-0.4866,51.55003],[-0.48815,51.54743],[-0.48931,51.54638],[-0.49139,51.54608],[-0.49078,51.54504],[-0.4921,51.54245],[-0.49549,51.53843],[-0.49333,51.53584],[-0.49048,51.53416],[-0.49119,51.53327],[-0.49013,51.53207],[-0.48897,51.52909],[-0.48946,51.52762],[-0.49082,51.52644],[-0.49026,51.52459],[-0.49117,51.52128],[-0.49037,51.52017],[-0.49163,51.5189],[-0.49233,51.51708],[-0.4912,51.51526],[-0.48956,51.51408],[-0.48979,51.51153],[-0.48585,51.50984],[-0.48359,51.50808],[-0.48327,51.50664],[-0.4851,51.50517],[-0.48469,51.5036],[-0.4863,51.50177],[-0.48626,51.50086],[-0.48876,51.5002],[-0.4887,51.49597],[-0.48963,51.49553],[-0.49144,51.49306],[-0.49483,51.49266],[-0.49494,51.49132],[-0.49863,51.48926],[-0.49798,51.48888],[-0.49968,51.48683],[-0.4987,51.48608],[-0.50196,51.48286],[-0.50349,51.48052],[-0.50594,51.47248],[-0.5085,51.46942],[-0.50981,51.46921],[-0.51024,51.4675],[-0.5073,51.46694],[-0.50638,51.46775],[-0.50102,51.46731],[-0.49694,51.46585],[-0.49387,51.46276],[-0.49215,51.46299],[-0.48962,51.4618],[-0.4862,51.46137],[-0.47715,51.46138],[-0.47605,51.46008],[-0.47362,51.45858],[-0.46876,51.45783],[-0.46111,51.45717],[-0.45872,51.45634],[-0.45929,51.45272],[-0.46132,51.45239],[-0.46148,51.44899],[-0.45746,51.44909],[-0.45744,51.443],[-0.45539,51.44212],[-0.45648,51.43822],[-0.45366,51.43849],[-0.44629,51.44],[-0.44772,51.435],[-0.43975,51.43462],[-0.43998,51.43063],[-0.43264,51.42902],[-0.42953,51.4288],[-0.42783,51.42925],[-0.42749,51.43082],[-0.4235,51.43088],[-0.42115,51.43217],[-0.41908,51.43236],[-0.4179,51.43103],[-0.41381,51.43008],[-0.41245,51.42878],[-0.41309,51.42786],[-0.41087,51.42734],[-0.40901,51.42545],[-0.40844,51.42383],[-0.40536,51.42248],[-0.40176,51.42331],[-0.39811,51.42356],[-0.39451,51.42324],[-0.39132,51.42232],[-0.38664,51.42008],[-0.38769,51.41933],[-0.38676,51.41765],[-0.38612,51.41428],[-0.39029,51.41434],[-0.38965,51.41069],[-0.38378,51.41012],[-0.38335,51.40854],[-0.37943,51.40783],[-0.37386,51.40849],[-0.36474,51.41159],[-0.36124,51.41204],[-0.35914,51.4119],[-0.35536,51.41075],[-0.35511,51.40981],[-0.3492,51.40662],[-0.34687,51.40585],[-0.34372,51.4039],[-0.34053,51.40309],[-0.33899,51.40188],[-0.33671,51.39922],[-0.33229,51.39599],[-0.32867,51.39231],[-0.32586,51.39144],[-0.31983,51.39259],[-0.3177,51.39367],[-0.31411,51.39022],[-0.31674,51.38877],[-0.31599,51.38757],[-0.31323,51.38872],[-0.31081,51.38621],[-0.31064,51.38482],[-0.30849,51.3805],[-0.30787,51.37836],[-0.30867,51.37545],[-0.31432,51.37464],[-0.31667,51.37317],[-0.31748,51.37197],[-0.31848,51.36576],[-0.31826,51.3635],[-0.31977,51.35993],[-0.32373,51.35441],[-0.32795,51.35221],[-0.33051,51.34842],[-0.32788,51.34374],[-0.32896,51.34023],[-0.3297,51.33276],[-0.32909,51.33026],[-0.33066,51.32901],[-0.33012,51.32752],[-0.32822,51.32647],[-0.32395,51.32672],[-0.31896,51.32796],[-0.31674,51.32915],[-0.31369,51.33141],[-0.31093,51.33239],[-0.30514,51.33635],[-0.30539,51.33956],[-0.30407,51.34317],[-0.30138,51.3453],[-0.29923,51.34837],[-0.29288,51.35235],[-0.2927,51.35366],[-0.29133,51.35509],[-0.2912,51.35658],[-0.28901,51.35874],[-0.28702,51.3594],[-0.28521,51.36119],[-0.2872,51.36254],[-0.28407,51.36515],[-0.28216,51.366],[-0.27982,51.36783],[-0.27656,51.36881],[-0.27583,51.37001],[-0.27402,51.37066],[-0.27245,51.37225],[-0.26904,51.37354],[-0.26462,51.37562],[-0.26227,51.37741],[-0.26099,51.3796],[-0.25821,51.37892],[-0.25388,51.37875],[-0.25186,51.37896],[-0.24847,51.38006],[-0.24503,51.38006],[-0.24468,51.36906],[-0.24538,51.36689],[-0.24115,51.36626],[-0.24089,51.36704],[-0.23678,51.3668],[-0.23395,51.36538],[-0.23319,51.36601],[-0.22694,51.36263],[-0.22406,51.35927],[-0.22274,51.35709],[-0.22197,51.35353],[-0.22209,51.35132],[-0.22042,51.35142],[-0.22019,51.35008],[-0.21778,51.34563],[-0.21726,51.34339],[-0.22409,51.34004],[-0.22683,51.33789],[-0.22982,51.33652],[-0.22084,51.3298],[-0.21609,51.3298],[-0.21423,51.33025],[-0.21197,51.33333],[-0.21305,51.33555],[-0.20205,51.34014],[-0.2012,51.33988],[-0.19956,51.34188],[-0.19732,51.3436],[-0.19323,51.34263],[-0.18746,51.34081],[-0.17502,51.33381],[-0.17414,51.33321],[-0.17285,51.33001],[-0.17007,51.32947],[-0.16308,51.33026],[-0.16229,51.32889],[-0.16436,51.32813],[-0.16419,51.32604],[-0.1606,51.32324],[-0.15863,51.32398],[-0.15652,51.32149],[-0.16188,51.31963],[-0.16118,51.31752],[-0.15958,51.3171],[-0.15931,51.31596],[-0.15717,51.31339],[-0.15833,51.31099],[-0.15432,51.31032],[-0.15716,51.30671],[-0.15502,51.30579],[-0.15774,51.30443],[-0.15668,51.30359],[-0.15532,51.30127],[-0.15336,51.30168],[-0.14981,51.3002],[-0.14845,51.3007],[-0.14563,51.29983],[-0.14358,51.30124],[-0.14284,51.30003],[-0.14086,51.29958],[-0.13721,51.30074],[-0.13617,51.29828],[-0.13436,51.29838],[-0.13104,51.29548],[-0.13133,51.29462],[-0.13029,51.29289],[-0.12633,51.28966],[-0.12605,51.2884],[-0.1243,51.28679],[-0.11779,51.28718],[-0.11694,51.28949],[-0.11473,51.29245],[-0.11105,51.29225],[-0.10264,51.29601],[-0.10055,51.29645],[-0.09428,51.29944],[-0.0974,51.30038],[-0.096,51.30151],[-0.09482,51.30062],[-0.09122,51.30148],[-0.09117,51.30339],[-0.0887,51.30515],[-0.08883,51.30722],[-0.08676,51.30879],[-0.08193,51.31065],[-0.08189,51.31261],[-0.0848,51.31587],[-0.08018,51.31784],[-0.07883,51.3181],[-0.07891,51.31977],[-0.07494,51.32024],[-0.07102,51.32122],[-0.07007,51.3189],[-0.06399,51.31864],[-0.06066,51.32006],[-0.05839,51.32038],[-0.05621,51.32168],[-0.05486,51.32128],[-0.05253,51.32242],[-0.04977,51.32527],[-0.04787,51.32525],[-0.04783,51.32651],[-0.04907,51.32861],[-0.05108,51.33085],[-0.05028,51.33264],[-0.04661,51.33354],[-0.04199,51.33386],[-0.03965,51.33748],[-0.03792,51.33872],[-0.03282,51.33742],[-0.03078,51.33747],[-0.02613,51.33855],[-0.02215,51.33813],[-0.02059,51.3372],[-0.01786,51.33302],[-0.01604,51.33205],[-0.01364,51.33153],[-0.01095,51.33368],[-0.00721,51.33339],[-0.00168,51.33031],[-0.0005,51.32878],[0.00226,51.32913],[0.00487,51.32208],[0.00555,51.31844],[0.0066,51.31568],[0.01035,51.31615],[0.00839,51.31056],[0.01214,51.29962],[0.01501,51.29179],[0.0191,51.29168],[0.02087,51.29557],[0.02095,51.29678],[0.0236,51.2997],[0.02484,51.30215],[0.02798,51.30469],[0.03028,51.30556],[0.03291,51.30752],[0.03634,51.30586],[0.04262,51.30133],[0.04309,51.29905],[0.0443,51.29858],[0.04331,51.29658],[0.0424,51.29267],[0.04477,51.29309],[0.04573,51.294],[0.0485,51.29372],[0.05079,51.29399],[0.05439,51.29209],[0.05605,51.2924],[0.05851,51.28935],[0.06756,51.29038],[0.07337,51.29161],[0.08158,51.29184],[0.08569,51.29308],[0.08926,51.29609],[0.09118,51.29683],[0.0894,51.29776],[0.08621,51.30017],[0.08543,51.30252],[0.08282,51.30563],[0.08488,51.30604],[0.08475,51.30835],[0.08357,51.31053],[0.08507,51.3126],[0.08564,51.31478],[0.08503,51.31602],[0.08779,51.31831],[0.09278,51.31981],[0.09618,51.32129],[0.10018,51.32407],[0.10079,51.32559],[0.10324,51.326],[0.1049,51.32741],[0.10724,51.32752],[0.10976,51.32668],[0.11015,51.32804],[0.11421,51.3274],[0.11574,51.32951],[0.12025,51.33214],[0.12168,51.33364],[0.12001,51.33474],[0.11668,51.3413],[0.11723,51.34316],[0.11846,51.34415],[0.12224,51.34466],[0.12521,51.34587],[0.13167,51.34519],[0.13696,51.34417],[0.1372,51.34587],[0.13871,51.34752],[0.14262,51.35073],[0.14288,51.35266],[0.14405,51.35486],[0.14511,51.35576],[0.1459,51.35822],[0.14485,51.35844],[0.14539,51.36034],[0.1445,51.36106],[0.14505,51.36285],[0.14835,51.36637],[0.14728,51.36701],[0.14944,51.36916],[0.15162,51.36838],[0.15206,51.36969],[0.15013,51.37016],[0.15121,51.37219],[0.1496,51.37358],[0.15174,51.37544],[0.15324,51.37804],[0.14961,51.38009],[0.15037,51.38109],[0.15047,51.38345],[0.14999,51.38584],[0.14865,51.38867],[0.14984,51.39087],[0.14753,51.39216],[0.14774,51.3928],[0.15827,51.39224],[0.16238,51.39249],[0.15898,51.39582],[0.15773,51.39815],[0.15736,51.40078],[0.15525,51.40397],[0.15282,51.40627],[0.1511,51.40664],[0.14869,51.40813],[0.14931,51.40914],[0.15293,51.40871],[0.15377,51.41127],[0.14975,51.41166],[0.14916,51.41244],[0.15115,51.41506],[0.15106,51.41762],[0.15409,51.41776],[0.15464,51.41847],[0.15116,51.42043],[0.15313,51.42232],[0.15376,51.42752],[0.1553,51.42898],[0.15588,51.43088],[0.16392,51.42893],[0.16685,51.43207],[0.16669,51.43505],[0.16871,51.43748],[0.17089,51.4412],[0.17284,51.44329],[0.17604,51.44199],[0.17872,51.44352],[0.18415,51.44464],[0.18739,51.44688],[0.18764,51.44872],[0.19101,51.44879],[0.19208,51.45084],[0.19629,51.45248],[0.19741,51.45177],[0.20339,51.45433],[0.20387,51.4558],[0.20261,51.45623],[0.20305,51.45795],[0.20444,51.45998],[0.2075,51.4616],[0.21024,51.4625],[0.20998,51.46557],[0.21101,51.46843],[0.20816,51.47084],[0.21136,51.47323],[0.2119,51.47583],[0.21566,51.47686],[0.21627,51.47747],[0.21599,51.47949],[0.21767,51.48041],[0.21168,51.48271],[0.20922,51.48182],[0.20507,51.48089],[0.20226,51.4806],[0.20215,51.47899],[0.20012,51.47895],[0.19857,51.47968],[0.19381,51.47932],[0.19031,51.47973],[0.18332,51.48115],[0.17834,51.48338],[0.1725,51.48883],[0.17165,51.49772],[0.17002,51.50006],[0.16658,51.50345],[0.16449,51.50454],[0.16034,51.50548],[0.15395,51.50605],[0.15284,51.50637],[0.14686,51.50667],[0.13222,51.51227],[0.12894,51.51322],[0.12505,51.51299],[0.12022,51.51145],[0.11349,51.51015],[0.10689,51.50941],[0.09946,51.50964],[0.09457,51.50895],[0.09198,51.50898],[0.08803,51.5055],[0.08666,51.50355],[0.08232,51.49894],[0.07625,51.49585],[0.07575,51.49605],[0.07033,51.49513],[0.0641,51.49468],[0.05757,51.49444],[0.0403,51.49543],[0.02904,51.49385],[0.02429,51.49382],[0.01796,51.49505],[0.01388,51.497],[0.00515,51.5044],[0.00326,51.50494],[0.00082,51.50453],[-0.00174,51.50284],[-0.00219,51.49984],[-0.00098,51.49628],[0.00072,51.49544],[0.00269,51.49187],[0.0024,51.48953],[0.00138,51.48781],[-0.00327,51.48486],[-0.00726,51.48377],[-0.00993,51.4836],[-0.01354,51.4829],[-0.0179,51.4832],[-0.0227,51.48456],[-0.02755,51.48722],[-0.02939,51.48894],[-0.03238,51.49305],[-0.03255,51.49601],[-0.03232,51.50435],[-0.03419,51.5063],[-0.03726,51.50723],[-0.0413,51.50749],[-0.04437,51.50695],[-0.05072,51.5029],[-0.05725,51.50085],[-0.06379,51.50063],[-0.07078,51.50221],[-0.07272,51.5036],[-0.08114,51.50594],[-0.08469,51.50662],[-0.09208,51.50723],[-0.09611,51.50838],[-0.10472,51.50856],[-0.111,51.50849],[-0.11512,51.50766],[-0.11823,51.50583],[-0.11938,51.50381],[-0.12135,51.49437],[-0.12212,51.4919],[-0.1242,51.48785],[-0.127,51.48582],[-0.13206,51.48374],[-0.13672,51.48279],[-0.14004,51.48274],[-0.14625,51.48356],[-0.14893,51.48361],[-0.16624,51.48133],[-0.17163,51.48026],[-0.17395,51.47908],[-0.17526,51.47775],[-0.17566,51.47618],[-0.17685,51.47488],[-0.17851,51.47077],[-0.18096,51.46758],[-0.1836,51.46546],[-0.19036,51.46341],[-0.1991,51.46271],[-0.20367,51.4632],[-0.20727,51.4639],[-0.21276,51.46555],[-0.21804,51.46819],[-0.22292,51.47184],[-0.22487,51.47368],[-0.22662,51.47619],[-0.22684,51.48097],[-0.22802,51.48512],[-0.23131,51.48788],[-0.23564,51.489],[-0.239,51.48886],[-0.24108,51.48828],[-0.2484,51.48383],[-0.24938,51.48206],[-0.24922,51.47922],[-0.24966,51.47608],[-0.25148,51.47363],[-0.25568,51.47117],[-0.25855,51.47043],[-0.26403,51.47022],[-0.26783,51.47123],[-0.27244,51.47397],[-0.27399,51.47565],[-0.27794,51.48206],[-0.28039,51.48378],[-0.28443,51.4859],[-0.28729,51.4865],[-0.29,51.48634],[-0.29526,51.48483],[-0.30258,51.47925],[-0.3068,51.47493],[-0.3146,51.47179],[-0.31772,51.471],[-0.31921,51.46844],[-0.31977,51.46467],[-0.31693,51.46247],[-0.31388,51.46073],[-0.30799,51.45881],[-0.30504,51.45646],[-0.3028,51.4534],[-0.30282,51.45131],[-0.30576,51.4486],[-0.30956,51.44727],[-0.31706,51.44576],[-0.32171,51.44537],[-0.32779,51.44344],[-0.33008,51.44159],[-0.33008,51.43966],[-0.32802,51.4367],[-0.32907,51.43666],[-0.33058,51.43847],[-0.33163,51.44126],[-0.33037,51.44296],[-0.32719,51.44564],[-0.32515,51.44653],[-0.3215,51.44686],[-0.3189,51.44643],[-0.31574,51.44691],[-0.30885,51.44868],[-0.30563,51.45044],[-0.30435,51.45162],[-0.30389,51.45329],[-0.30595,51.45616],[-0.30753,51.45721],[-0.314,51.45971],[-0.31896,51.46266],[-0.32177,51.46543],[-0.32223,51.46904],[-0.32145,51.47049],[-0.31907,51.47149],[-0.31217,51.47371],[-0.30693,51.47621],[-0.30412,51.47961],[-0.30093,51.4817],[-0.29885,51.4853],[-0.29246,51.48746],[-0.28745,51.48761],[-0.28157,51.48629],[-0.27672,51.48334],[-0.27306,51.47697],[-0.26913,51.47355],[-0.26568,51.47192],[-0.26214,51.47136],[-0.25807,51.47166],[-0.25465,51.47291],[-0.2527,51.47506],[-0.25153,51.47733],[-0.2514,51.48218],[-0.24943,51.48556],[-0.24764,51.48734],[-0.24306,51.48943],[-0.24049,51.4901],[-0.23437,51.49041],[-0.22867,51.48883],[-0.22501,51.48431],[-0.22408,51.48243],[-0.22355,51.47739],[-0.22255,51.47475],[-0.2215,51.47348],[-0.21678,51.46961],[-0.21053,51.46714],[-0.20276,51.46534],[-0.19953,51.465],[-0.19416,51.46484],[-0.19044,51.46526],[-0.18629,51.46653],[-0.18306,51.46922],[-0.18099,51.4726],[-0.17926,51.47799],[-0.17576,51.48162],[-0.16378,51.48364],[-0.14998,51.48547],[-0.14645,51.48568],[-0.14004,51.48482],[-0.1381,51.48481],[-0.1325,51.48573],[-0.12841,51.48819],[-0.1254,51.49164],[-0.12471,51.49471],[-0.12306,51.50423],[-0.12239,51.50606],[-0.11954,51.50906],[-0.11689,51.5101],[-0.11156,51.51083],[-0.09987,51.51083],[-0.09523,51.51018],[-0.09192,51.50942],[-0.08031,51.50808],[-0.07127,51.50578],[-0.06867,51.50454],[-0.06258,51.5031],[-0.05963,51.50283],[-0.05616,51.50388],[-0.05042,51.50759],[-0.04606,51.50936],[-0.04211,51.5098],[-0.03592,51.50938],[-0.03316,51.50868],[-0.03041,51.50724],[-0.02846,51.50567],[-0.02675,51.50334],[-0.02741,51.50181],[-0.02787,51.49468],[-0.0257,51.4907],[-0.02382,51.48895],[-0.02098,51.48733],[-0.01638,51.48614],[-0.0115,51.48614],[-0.00667,51.48708],[-0.00369,51.48898],[-0.00306,51.49088],[-0.0033,51.49227],[-0.00696,51.49834],[-0.00774,51.5008],[-0.00722,51.50312],[-0.00343,51.50662],[-0.00173,51.50748],[0.00368,51.50838],[0.0058,51.50827],[0.00879,51.50737],[0.00896,51.50884],[0.00558,51.51003],[0.00739,51.51273],[0.00554,51.51352],[0.00433,51.5106],[0.00176,51.51091],[0.00359,51.51455],[0.00267,51.51552],[-0.00259,51.51779],[-0.00254,51.51848],[0.00315,51.51583],[0.00439,51.5147],[0.00257,51.51097],[0.00371,51.51104],[0.00428,51.51341],[0.00632,51.51461],[0.00818,51.51254],[0.00657,51.51003],[0.00983,51.50917],[0.01047,51.50858],[0.00969,51.50684],[0.01308,51.50445],[0.01713,51.501],[0.01968,51.49964],[0.02236,51.4989],[0.0268,51.49862],[0.03496,51.49964],[0.04347,51.49991],[0.04931,51.49956],[0.05761,51.49845],[0.06012,51.49836],[0.06969,51.49919],[0.07367,51.50036],[0.0778,51.50458],[0.08025,51.5084],[0.08368,51.51097],[0.08332,51.51152],[0.09026,51.5148],[0.094,51.51498],[0.09477,51.51649],[0.09394,51.51897],[0.09531,51.51891],[0.09562,51.51699],[0.09906,51.51495],[0.10664,51.51395],[0.10883,51.51417],[0.11429,51.51598],[0.11899,51.51815],[0.12265,51.51909],[0.12674,51.51957],[0.13243,51.51883],[0.13628,51.51856],[0.13929,51.51762],[0.14374,51.51506],[0.15171,51.51275],[0.15994,51.51176],[0.165,51.51165],[0.1662,51.51067],[0.17221,51.50833],[0.1741,51.50799],[0.17853,51.50527],[0.18027,51.50217],[0.18018,51.50136],[0.18252,51.4994],[0.18249,51.49652],[0.18332,51.49537],[0.18387,51.49224],[0.18479,51.49071],[0.18748,51.48857],[0.18917,51.48771],[0.1916,51.48809],[0.19631,51.48816],[0.20105,51.48915],[0.20964,51.48977],[0.21069,51.49018],[0.21193,51.49104],[0.21307,51.49502],[0.21549,51.49662],[0.21703,51.49658],[0.22165,51.49781],[0.22436,51.49733],[0.22791,51.49886],[0.22997,51.49937],[0.22661,51.50449],[0.2266,51.50656],[0.22896,51.5068],[0.23344,51.50667],[0.23985,51.50728],[0.24192,51.50796],[0.2415,51.51062],[0.24031,51.51076],[0.23997,51.51305],[0.24114,51.51374],[0.23718,51.51933],[0.2402,51.51935],[0.24394,51.51834],[0.24491,51.51876],[0.2443,51.52047],[0.24072,51.52121],[0.24104,51.52261],[0.24286,51.52439],[0.24584,51.52352],[0.24709,51.52509],[0.24632,51.52653],[0.24829,51.52755],[0.24896,51.52867],[0.25085,51.52882],[0.25154,51.52597],[0.25233,51.52479],[0.25383,51.51789],[0.25893,51.51776],[0.2603,51.51837],[0.26368,51.51787],[0.26404,51.52108],[0.26501,51.5229],[0.26664,51.52296],[0.26675,51.52451],[0.26539,51.52496],[0.26535,51.53215],[0.27071,51.53309],[0.27634,51.53293],[0.28176,51.53394],[0.29775,51.53532],[0.29721,51.53766],[0.30086,51.53813],[0.30072,51.53876],[0.31004,51.53929],[0.31053,51.53965],[0.32244,51.54052],[0.33159,51.5408],[0.33333,51.54126],[0.3339,51.54249],[0.33145,51.54594],[0.32947,51.54656],[0.32798,51.54856],[0.32782,51.55099],[0.32516,51.55306],[0.32231,51.55278],[0.32205,51.5542],[0.3189,51.55519],[0.31844,51.55678],[0.31529,51.55784],[0.31304,51.56582],[0.29029,51.5643],[0.28669,51.57155],[0.28667,51.57357],[0.28503,51.57418],[0.28197,51.5789],[0.27381,51.58681],[0.2721,51.58766],[0.26988,51.59247],[0.26933,51.5953],[0.27032,51.59755],[0.26987,51.59955],[0.26465,51.59974],[0.25825,51.60092],[0.25482,51.60134],[0.25392,51.60192],[0.258,51.60491],[0.25808,51.60651],[0.26168,51.60746],[0.26312,51.60732],[0.26456,51.60832],[0.25905,51.61228],[0.25769,51.61418],[0.25279,51.61743],[0.23735,51.62407],[0.22409,51.63174],[0.22208,51.63013],[0.21755,51.62909],[0.21211,51.62719],[0.2085,51.62669],[0.20361,51.62517],[0.20031,51.62494],[0.19478,51.62571],[0.18981,51.6251],[0.186,51.62552],[0.18593,51.62437],[0.18278,51.62573],[0.18061,51.62574],[0.1804,51.62447],[0.1753,51.62359],[0.1689,51.62142],[0.16584,51.62238],[0.15555,51.62334],[0.15107,51.62325],[0.13581,51.62355],[0.12919,51.6214],[0.12884,51.62067],[0.1261,51.61964],[0.1242,51.61751],[0.11931,51.61537],[0.11671,51.61692],[0.10963,51.61396],[0.10384,51.61255],[0.10341,51.61345],[0.10019,51.61273],[0.09807,51.61542],[0.09228,51.61357],[0.09465,51.61079],[0.09264,51.60942],[0.09173,51.60741],[0.09254,51.60619],[0.08919,51.60542],[0.08714,51.60442],[0.08444,51.60634],[0.07937,51.60704],[0.0767,51.60631],[0.07281,51.60468],[0.06597,51.60632],[0.06396,51.60724],[0.06262,51.60704],[0.05866,51.6091],[0.04887,51.61358],[0.0485,51.61503],[0.05015,51.61642],[0.05191,51.6169],[0.05327,51.61634],[0.05445,51.61761],[0.0531,51.61842],[0.04786,51.61741],[0.04021,51.61641],[0.03748,51.61833],[0.0327,51.62234],[0.02683,51.62591],[0.02459,51.62752],[0.02182,51.62883],[0.02389,51.6308],[0.02433,51.63239],[0.02574,51.63457],[0.02471,51.63605],[0.02516,51.63729],[0.02308,51.63772],[0.02272,51.64112],[0.01742,51.64026],[0.0099,51.64145],[0.00107,51.64176],[-0.00049,51.64371],[-0.00398,51.64272],[-0.00456,51.64354],[-0.00819,51.64361],[-0.00845,51.6445],[-0.00734,51.64616],[-0.00921,51.64653],[-0.01226,51.64623],[-0.01184,51.64885],[-0.01178,51.65304],[-0.00894,51.66022],[-0.00909,51.66101],[-0.01149,51.66389],[-0.01122,51.66761],[-0.01056,51.66914],[-0.01135,51.67192],[-0.01033,51.67666],[-0.01107,51.68087],[-0.01977,51.68115],[-0.02838,51.68233],[-0.03339,51.68249],[-0.04367,51.6831],[-0.04706,51.68344],[-0.04931,51.68424],[-0.0517,51.68354],[-0.05701,51.68297],[-0.06209,51.68298],[-0.06715,51.68406],[-0.07896,51.68884],[-0.08389,51.68991],[-0.09483,51.6901],[-0.0984,51.69091],[-0.10578,51.69188],[-0.10976,51.69163],[-0.1182,51.68907],[-0.12207,51.68852],[-0.12876,51.68886],[-0.13465,51.68879],[-0.13911,51.688],[-0.14551,51.68614],[-0.14943,51.68551],[-0.15288,51.6858],[-0.15862,51.6874],[-0.16349,51.68812],[-0.16361,51.6824],[-0.17247,51.67309],[-0.17566,51.67316],[-0.17671,51.6721],[-0.18196,51.66868],[-0.1858,51.66851],[-0.18779,51.66788],[-0.19107,51.6639],[-0.19253,51.66475],[-0.19666,51.66548],[-0.19485,51.66831],[-0.19901,51.66821],[-0.19987,51.67017],[-0.20335,51.67013],[-0.20223,51.66781],[-0.20563,51.6686],[-0.20796,51.66659],[-0.20984,51.66756],[-0.21113,51.66695],[-0.20786,51.66286],[-0.21214,51.66135],[-0.21339,51.66238],[-0.21889,51.66006],[-0.2198,51.66066],[-0.22604,51.65763],[-0.22806,51.65859],[-0.22892,51.65998],[-0.23423,51.65825],[-0.23668,51.65878],[-0.23797,51.65779],[-0.24099,51.65684],[-0.24362,51.65669],[-0.24787,51.65525],[-0.24935,51.65606],[-0.25156,51.64795],[-0.25449,51.64368],[-0.25618,51.64351],[-0.25737,51.64182],[-0.26071,51.64267],[-0.2616,51.64399],[-0.26327,51.64483],[-0.26436,51.64363],[-0.26677,51.64411],[-0.26835,51.64383],[-0.26825,51.64239],[-0.27287,51.6421],[-0.27418,51.63931],[-0.27861,51.63832],[-0.28139,51.63835],[-0.2855,51.63695],[-0.28779,51.63651],[-0.29187,51.63648],[-0.29613,51.63545],[-0.30445,51.63635],[-0.30538,51.63711],[-0.31232,51.63896],[-0.31667,51.64054],[-0.31979,51.63822],[-0.32655,51.63672],[-0.32998,51.63534],[-0.33258,51.63374],[-0.33828,51.62947],[-0.33989,51.63072],[-0.34511,51.62833],[-0.34922,51.62691],[-0.35968,51.62526],[-0.36554,51.62133],[-0.36817,51.62065],[-0.37584,51.61819],[-0.38203,51.61742],[-0.38587,51.61582],[-0.39268,51.61518],[-0.39947,51.61341],[-0.404,51.61318],[-0.411,51.61379],[-0.41662,51.61643],[-0.4209,51.61693],[-0.42648,51.61701],[-0.4284,51.61775],[-0.43273,51.61835],[-0.43828,51.61992],[-0.44058,51.62007],[-0.44326,51.6195],[-0.44555,51.61962],[-0.44888,51.61533],[-0.45535,51.6127],[-0.45713,51.61229],[-0.46445,51.61477],[-0.46915,51.61684],[-0.4767,51.62189],[-0.47867,51.6225],[-0.48818,51.62696],[-0.49153,51.63076],[-0.49713,51.63168],[-0.49926,51.63048],[-0.50015,51.62864],[-0.49764,51.62662],[-0.49837,51.62474],[-0.50005,51.62365],[-0.50015,51.62207],[-0.49911,51.62103],[-0.49687,51.62052],[-0.49532,51.61894],[-0.49703,51.61488],[-0.49778,51.61443],[-0.49894,51.61107],[-0.49856,51.60831],[-0.4972,51.60481],[-0.49668,51.60142],[-0.49812,51.60091],[-0.50017,51.60123],[-0.5006,51.59969]]],[[[-0.32176,51.44583],[-0.32579,51.44572],[-0.32807,51.44397],[-0.32176,51.44583]]]]}},{"type":"Feature","properties":{"countryCode":"GB","code":"E12000008","nom":"Sud-Est","outreMer":false},"geometry":{"type":"MultiPolygon","coordinates":[[[[-1.3319,52.16849],[-1.33309,52.16735],[-1.33395,52.1654],[-1.33401,52.15908],[-1.33824,52.15884],[-1.34234,52.1549],[-1.34346,52.15324],[-1.34161,52.15068],[-1.34281,52.14873],[-1.34104,52.14486],[-1.34337,52.14422],[-1.34683,52.14235],[-1.34994,52.14159],[-1.35026,52.14086],[-1.34831,52.1378],[-1.34975,52.13485],[-1.35207,52.13481],[-1.35573,52.13601],[-1.35982,52.13506],[-1.36282,52.1348],[-1.36405,52.13671],[-1.3696,52.13472],[-1.37115,52.13327],[-1.3752,52.13091],[-1.38273,52.12754],[-1.38546,52.1284],[-1.3933,52.11896],[-1.39218,52.11707],[-1.3907,52.11679],[-1.38538,52.11746],[-1.38161,52.11695],[-1.37769,52.11813],[-1.37458,52.11832],[-1.37084,52.11753],[-1.37144,52.11617],[-1.37015,52.11508],[-1.37037,52.11272],[-1.36794,52.11165],[-1.36518,52.1113],[-1.36529,52.11002],[-1.36301,52.10893],[-1.36136,52.1075],[-1.36137,52.10629],[-1.35967,52.1057],[-1.35777,52.10131],[-1.36255,52.10108],[-1.36615,52.09994],[-1.36757,52.1],[-1.37155,52.09908],[-1.37442,52.09973],[-1.37831,52.09676],[-1.3777,52.09606],[-1.3854,52.09415],[-1.38715,52.09611],[-1.38755,52.09742],[-1.3909,52.0989],[-1.39554,52.1017],[-1.39672,52.10192],[-1.40034,52.10433],[-1.40263,52.10633],[-1.4028,52.1089],[-1.40389,52.11009],[-1.41146,52.11305],[-1.41442,52.11544],[-1.41963,52.11764],[-1.42496,52.11828],[-1.43125,52.11728],[-1.43707,52.1167],[-1.44123,52.11556],[-1.44387,52.1152],[-1.44847,52.1161],[-1.45158,52.11445],[-1.45347,52.11299],[-1.44922,52.10831],[-1.44806,52.10516],[-1.44833,52.10047],[-1.44698,52.09886],[-1.44719,52.09763],[-1.45361,52.09734],[-1.45353,52.09854],[-1.45821,52.098],[-1.45974,52.09753],[-1.46508,52.09742],[-1.46756,52.09706],[-1.47074,52.09795],[-1.47178,52.09946],[-1.47414,52.101],[-1.4773,52.10135],[-1.48007,52.09356],[-1.4862,52.09423],[-1.4878,52.09396],[-1.48814,52.09283],[-1.48682,52.09148],[-1.48473,52.0913],[-1.48561,52.08773],[-1.48779,52.08777],[-1.48995,52.08623],[-1.49056,52.0838],[-1.49435,52.08223],[-1.49329,52.0796],[-1.49067,52.07714],[-1.49217,52.07548],[-1.49918,52.07392],[-1.50186,52.07163],[-1.50007,52.06994],[-1.50262,52.06918],[-1.50182,52.06633],[-1.49919,52.06358],[-1.49724,52.06087],[-1.49735,52.05895],[-1.49964,52.05244],[-1.50184,52.04958],[-1.50346,52.04355],[-1.50494,52.04144],[-1.5069,52.03723],[-1.5074,52.03338],[-1.51012,52.02671],[-1.51095,52.02145],[-1.51357,52.01838],[-1.51558,52.01443],[-1.52116,52.00589],[-1.52161,52.0016],[-1.52283,51.99684],[-1.52493,51.99321],[-1.52793,51.99175],[-1.52913,51.99263],[-1.53476,51.99436],[-1.536,51.99536],[-1.5399,51.99637],[-1.54393,51.99632],[-1.54683,51.9947],[-1.54968,51.99394],[-1.55404,51.9919],[-1.55722,51.99166],[-1.55672,51.98947],[-1.54955,51.98085],[-1.56354,51.97704],[-1.56864,51.97627],[-1.58057,51.973],[-1.58841,51.97423],[-1.6003,51.97694],[-1.59669,51.97428],[-1.5958,51.97256],[-1.59163,51.97045],[-1.59472,51.96827],[-1.59692,51.96439],[-1.60579,51.95957],[-1.61234,51.9554],[-1.61361,51.95569],[-1.61989,51.96071],[-1.6219,51.96186],[-1.62357,51.96484],[-1.62628,51.96751],[-1.62972,51.96991],[-1.63236,51.97046],[-1.63591,51.97373],[-1.64309,51.9779],[-1.65658,51.98354],[-1.65733,51.98444],[-1.66575,51.98749],[-1.66464,51.9851],[-1.66534,51.98056],[-1.66752,51.9784],[-1.66894,51.97527],[-1.66608,51.97113],[-1.66428,51.96645],[-1.66253,51.964],[-1.66096,51.96335],[-1.65722,51.96311],[-1.65237,51.96151],[-1.65347,51.95985],[-1.65518,51.95982],[-1.65537,51.9575],[-1.65233,51.95768],[-1.64893,51.95892],[-1.64577,51.95698],[-1.64339,51.95714],[-1.63884,51.95668],[-1.63531,51.95683],[-1.63249,51.95565],[-1.62887,51.9532],[-1.62535,51.94993],[-1.62304,51.94655],[-1.61519,51.93768],[-1.61728,51.93729],[-1.61991,51.93747],[-1.6236,51.93574],[-1.62826,51.93313],[-1.63001,51.93153],[-1.63612,51.92745],[-1.64002,51.92511],[-1.64337,51.92373],[-1.64553,51.92229],[-1.64282,51.9222],[-1.64118,51.92156],[-1.64146,51.91977],[-1.64484,51.91869],[-1.64357,51.91609],[-1.64537,51.91487],[-1.64392,51.91306],[-1.64144,51.91372],[-1.63795,51.91204],[-1.63484,51.91288],[-1.63418,51.91159],[-1.6353,51.90934],[-1.6347,51.9083],[-1.63597,51.90711],[-1.63368,51.9057],[-1.63563,51.90439],[-1.63517,51.90269],[-1.63577,51.9019],[-1.63305,51.89923],[-1.63779,51.89731],[-1.63954,51.89712],[-1.64155,51.89554],[-1.64351,51.89589],[-1.64422,51.89486],[-1.64747,51.8949],[-1.65137,51.89587],[-1.6532,51.89697],[-1.65557,51.8966],[-1.65759,51.89719],[-1.65897,51.89565],[-1.66167,51.89445],[-1.66127,51.89354],[-1.66255,51.89171],[-1.66262,51.88734],[-1.66601,51.88503],[-1.66698,51.88296],[-1.66687,51.88146],[-1.66896,51.8815],[-1.66895,51.87806],[-1.66712,51.87799],[-1.66804,51.87634],[-1.67165,51.87513],[-1.67557,51.87263],[-1.67887,51.86982],[-1.68355,51.86872],[-1.68687,51.8655],[-1.68505,51.86432],[-1.68719,51.86283],[-1.68116,51.85964],[-1.68059,51.85473],[-1.67638,51.85031],[-1.67868,51.84947],[-1.67921,51.84599],[-1.68113,51.8419],[-1.68305,51.84032],[-1.68543,51.83693],[-1.68646,51.83446],[-1.68604,51.83075],[-1.68313,51.82029],[-1.68112,51.81605],[-1.67686,51.81702],[-1.67781,51.81296],[-1.68027,51.80713],[-1.68375,51.80134],[-1.68574,51.79986],[-1.68688,51.79824],[-1.69345,51.79415],[-1.70215,51.791],[-1.70772,51.7883],[-1.71385,51.78613],[-1.71949,51.78321],[-1.71753,51.78152],[-1.7084,51.77752],[-1.7007,51.77058],[-1.69925,51.76463],[-1.69965,51.76453],[-1.69643,51.75714],[-1.69368,51.75366],[-1.69565,51.75231],[-1.69392,51.74907],[-1.69487,51.74858],[-1.69164,51.74666],[-1.69268,51.746],[-1.68831,51.74199],[-1.68702,51.73988],[-1.68904,51.73915],[-1.68749,51.7368],[-1.68663,51.73414],[-1.68579,51.73339],[-1.68551,51.73063],[-1.6868,51.72852],[-1.69011,51.72639],[-1.69582,51.72377],[-1.69511,51.72238],[-1.69259,51.72002],[-1.68882,51.71738],[-1.68892,51.71654],[-1.6873,51.71456],[-1.68877,51.71361],[-1.688,51.71204],[-1.68617,51.71018],[-1.68189,51.70904],[-1.67531,51.70376],[-1.66652,51.69836],[-1.6647,51.69688],[-1.66244,51.69644],[-1.65903,51.6975],[-1.65744,51.69645],[-1.65622,51.69382],[-1.65529,51.69363],[-1.65548,51.69146],[-1.65422,51.69028],[-1.65109,51.6888],[-1.65182,51.68753],[-1.65339,51.68718],[-1.64884,51.68541],[-1.64825,51.68409],[-1.65265,51.68152],[-1.65558,51.68181],[-1.65956,51.68076],[-1.66217,51.68154],[-1.66531,51.68178],[-1.66586,51.68105],[-1.66846,51.68044],[-1.66908,51.68127],[-1.67521,51.68254],[-1.67377,51.68477],[-1.67603,51.68685],[-1.67602,51.68841],[-1.68134,51.6904],[-1.68313,51.69013],[-1.6839,51.68878],[-1.68643,51.68929],[-1.68824,51.68775],[-1.69106,51.68729],[-1.69294,51.68569],[-1.69314,51.68391],[-1.69644,51.68215],[-1.69679,51.68102],[-1.69505,51.67965],[-1.69542,51.67807],[-1.69768,51.67748],[-1.69874,51.67645],[-1.69841,51.67417],[-1.7001,51.67228],[-1.70021,51.67088],[-1.69892,51.66946],[-1.69579,51.66874],[-1.69409,51.6688],[-1.69419,51.66644],[-1.69062,51.66376],[-1.69098,51.66238],[-1.68954,51.66111],[-1.68881,51.6558],[-1.69259,51.65349],[-1.69151,51.65264],[-1.68623,51.65235],[-1.6832,51.65015],[-1.68148,51.64748],[-1.67996,51.64662],[-1.67967,51.64472],[-1.67799,51.6443],[-1.67741,51.64322],[-1.6748,51.6422],[-1.6742,51.64116],[-1.67235,51.64149],[-1.67059,51.64077],[-1.6645,51.64035],[-1.66325,51.63989],[-1.66168,51.63713],[-1.65992,51.63502],[-1.66274,51.63129],[-1.66912,51.6275],[-1.66883,51.62602],[-1.67085,51.62506],[-1.67316,51.62261],[-1.67335,51.6214],[-1.66994,51.619],[-1.66705,51.61787],[-1.66699,51.61622],[-1.66936,51.61518],[-1.67,51.61406],[-1.67492,51.61173],[-1.67922,51.6138],[-1.68108,51.61366],[-1.68269,51.61245],[-1.68174,51.61175],[-1.68251,51.6094],[-1.68527,51.60858],[-1.68826,51.60656],[-1.6906,51.60541],[-1.69097,51.60387],[-1.68875,51.60113],[-1.68732,51.60012],[-1.68845,51.5985],[-1.68782,51.59736],[-1.68758,51.59469],[-1.68543,51.59368],[-1.68574,51.58956],[-1.68537,51.5876],[-1.68697,51.58735],[-1.68902,51.58617],[-1.69111,51.58352],[-1.68913,51.58187],[-1.68834,51.57883],[-1.68539,51.57597],[-1.68471,51.57383],[-1.67929,51.57141],[-1.67655,51.56939],[-1.6734,51.57052],[-1.66249,51.5735],[-1.65839,51.57416],[-1.65504,51.57649],[-1.65214,51.57418],[-1.64769,51.57193],[-1.64609,51.57007],[-1.64661,51.56924],[-1.64387,51.5642],[-1.63872,51.55936],[-1.63485,51.55409],[-1.63312,51.55256],[-1.63125,51.55181],[-1.62694,51.54757],[-1.62478,51.54604],[-1.62302,51.5442],[-1.6223,51.54231],[-1.61782,51.53916],[-1.61535,51.5381],[-1.61541,51.53673],[-1.61372,51.53651],[-1.61288,51.53421],[-1.60831,51.52885],[-1.60782,51.52726],[-1.6049,51.52287],[-1.60454,51.52048],[-1.60348,51.52034],[-1.60282,51.51831],[-1.59806,51.5187],[-1.59404,51.51978],[-1.5921,51.52149],[-1.59003,51.52174],[-1.5891,51.52449],[-1.5847,51.52492],[-1.58539,51.52369],[-1.58645,51.51834],[-1.58806,51.51315],[-1.58729,51.51115],[-1.58693,51.50655],[-1.58583,51.50211],[-1.58265,51.50094],[-1.58203,51.49945],[-1.58351,51.49767],[-1.58334,51.496],[-1.58222,51.49403],[-1.57744,51.48976],[-1.57364,51.48728],[-1.57041,51.4863],[-1.56782,51.48151],[-1.56688,51.47853],[-1.56683,51.47693],[-1.56273,51.47681],[-1.56114,51.4758],[-1.56071,51.47221],[-1.55953,51.46974],[-1.55738,51.46801],[-1.55094,51.46548],[-1.54961,51.46223],[-1.54839,51.46066],[-1.54576,51.45899],[-1.54218,51.45775],[-1.53874,51.45736],[-1.5346,51.45613],[-1.52907,51.45551],[-1.52889,51.45415],[-1.52486,51.45015],[-1.52402,51.44747],[-1.52443,51.44285],[-1.52406,51.44093],[-1.52907,51.43443],[-1.53203,51.4295],[-1.52882,51.42825],[-1.52698,51.42579],[-1.5254,51.42486],[-1.52663,51.42392],[-1.53162,51.42509],[-1.53279,51.42564],[-1.53955,51.42613],[-1.54345,51.42477],[-1.54579,51.42279],[-1.54948,51.42237],[-1.55307,51.42125],[-1.55362,51.4224],[-1.55606,51.42161],[-1.55844,51.42171],[-1.55818,51.42048],[-1.55997,51.42034],[-1.56313,51.42088],[-1.56512,51.42204],[-1.5669,51.42097],[-1.57113,51.41649],[-1.57097,51.41529],[-1.56952,51.41464],[-1.56679,51.41433],[-1.56539,51.41327],[-1.56346,51.41325],[-1.56246,51.4114],[-1.56222,51.40817],[-1.55562,51.40933],[-1.55458,51.41028],[-1.55292,51.41004],[-1.55413,51.40335],[-1.55358,51.40149],[-1.55621,51.3982],[-1.5556,51.39554],[-1.55327,51.39468],[-1.549,51.39473],[-1.54872,51.393],[-1.54711,51.39325],[-1.54732,51.39124],[-1.54426,51.3901],[-1.53764,51.38831],[-1.53863,51.38693],[-1.53828,51.38549],[-1.534,51.38408],[-1.5333,51.38331],[-1.52886,51.3814],[-1.52692,51.37993],[-1.52826,51.37921],[-1.52522,51.37802],[-1.52056,51.37927],[-1.5169,51.37877],[-1.51408,51.37607],[-1.51353,51.37205],[-1.50999,51.37185],[-1.50956,51.37109],[-1.50403,51.36981],[-1.5025,51.36881],[-1.49931,51.36898],[-1.49537,51.36966],[-1.49513,51.36771],[-1.49926,51.36329],[-1.50002,51.3606],[-1.49958,51.35848],[-1.50063,51.35632],[-1.49992,51.35546],[-1.4972,51.35454],[-1.49495,51.35275],[-1.49133,51.35208],[-1.48952,51.3505],[-1.48671,51.3494],[-1.48562,51.34765],[-1.4865,51.34527],[-1.48987,51.34224],[-1.49285,51.33811],[-1.49737,51.33334],[-1.49829,51.32936],[-1.49982,51.33036],[-1.5114,51.33499],[-1.51675,51.33893],[-1.52118,51.3384],[-1.52751,51.33844],[-1.52849,51.33415],[-1.5272,51.33152],[-1.52828,51.33054],[-1.53108,51.32918],[-1.53198,51.32798],[-1.53249,51.32093],[-1.53356,51.31622],[-1.53004,51.31501],[-1.52776,51.31289],[-1.52697,51.3114],[-1.5271,51.30828],[-1.52523,51.30707],[-1.5265,51.30435],[-1.52621,51.30375],[-1.528,51.29983],[-1.52578,51.2992],[-1.52644,51.29762],[-1.52552,51.29713],[-1.52266,51.29711],[-1.52147,51.29767],[-1.51942,51.29608],[-1.52024,51.29504],[-1.52422,51.29316],[-1.52268,51.28966],[-1.52278,51.28706],[-1.52976,51.28643],[-1.53446,51.28712],[-1.53668,51.28526],[-1.54257,51.28133],[-1.54286,51.28012],[-1.53679,51.27823],[-1.5375,51.27382],[-1.53709,51.27075],[-1.53935,51.26643],[-1.53951,51.26399],[-1.5406,51.26083],[-1.53712,51.26086],[-1.53645,51.26182],[-1.53446,51.26176],[-1.53055,51.26264],[-1.52982,51.2608],[-1.53125,51.2577],[-1.53123,51.25533],[-1.53302,51.25335],[-1.53602,51.24856],[-1.53962,51.24737],[-1.54269,51.24562],[-1.54599,51.24529],[-1.54884,51.24799],[-1.55116,51.24881],[-1.55677,51.24919],[-1.56381,51.25231],[-1.56658,51.25289],[-1.57235,51.25484],[-1.57428,51.25461],[-1.57757,51.25558],[-1.58194,51.25471],[-1.58423,51.25472],[-1.58806,51.25315],[-1.59275,51.25301],[-1.60019,51.25352],[-1.60073,51.25072],[-1.60371,51.25185],[-1.60664,51.25213],[-1.60692,51.25066],[-1.61111,51.24561],[-1.61039,51.24298],[-1.61356,51.24144],[-1.61661,51.24196],[-1.61941,51.2412],[-1.62126,51.23847],[-1.622,51.235],[-1.6233,51.23337],[-1.62558,51.23174],[-1.62836,51.22619],[-1.63096,51.22395],[-1.6314,51.22161],[-1.63291,51.2195],[-1.63362,51.21759],[-1.63747,51.21759],[-1.6502,51.21998],[-1.6535,51.22047],[-1.66006,51.2189],[-1.66213,51.21778],[-1.67273,51.21726],[-1.67371,51.21583],[-1.68439,51.21492],[-1.68689,51.21515],[-1.68979,51.21477],[-1.69093,51.20952],[-1.69115,51.20733],[-1.6941,51.20404],[-1.69279,51.20305],[-1.6857,51.19932],[-1.68271,51.19701],[-1.67698,51.1934],[-1.67055,51.19061],[-1.66882,51.19076],[-1.66944,51.18429],[-1.67011,51.18393],[-1.6693,51.18174],[-1.67227,51.17855],[-1.67027,51.17666],[-1.66685,51.16994],[-1.65704,51.15931],[-1.65404,51.15625],[-1.6547,51.15205],[-1.65978,51.14216],[-1.65833,51.1396],[-1.65949,51.13562],[-1.6613,51.13387],[-1.66302,51.12965],[-1.66298,51.12719],[-1.65498,51.1271],[-1.64066,51.12541],[-1.63399,51.1216],[-1.62705,51.11818],[-1.62634,51.11734],[-1.62896,51.11397],[-1.6308,51.11289],[-1.63083,51.11097],[-1.62837,51.10763],[-1.62837,51.10584],[-1.62682,51.1039],[-1.6271,51.10276],[-1.62919,51.1007],[-1.63095,51.09965],[-1.63402,51.09639],[-1.63636,51.09287],[-1.63731,51.0922],[-1.6341,51.08546],[-1.63119,51.08217],[-1.62901,51.08106],[-1.62781,51.07816],[-1.62918,51.07541],[-1.62819,51.07271],[-1.62783,51.06883],[-1.63008,51.06544],[-1.62999,51.06427],[-1.63285,51.04893],[-1.63244,51.04768],[-1.63363,51.04653],[-1.63401,51.04205],[-1.63498,51.04085],[-1.63207,51.03601],[-1.63238,51.03278],[-1.62885,51.03252],[-1.62244,51.03311],[-1.61946,51.03306],[-1.61929,51.03163],[-1.61464,51.02996],[-1.61354,51.02841],[-1.61145,51.02728],[-1.60841,51.0263],[-1.60285,51.0255],[-1.5994,51.02373],[-1.60058,51.02217],[-1.60304,51.02075],[-1.60563,51.02002],[-1.60494,51.01602],[-1.60303,51.01408],[-1.59957,51.01257],[-1.59757,51.0106],[-1.59758,51.00803],[-1.60073,51.00715],[-1.60524,51.00704],[-1.60696,51.00791],[-1.61025,51.00819],[-1.61041,51.00685],[-1.60779,51.00419],[-1.60521,51.00249],[-1.60678,51.00162],[-1.61073,51.00171],[-1.61437,51.00337],[-1.61723,51.00418],[-1.6202,51.00341],[-1.62626,51.00103],[-1.6288,50.99909],[-1.62745,50.99585],[-1.6258,50.99391],[-1.62492,50.99115],[-1.62521,50.99033],[-1.62108,50.98862],[-1.61896,50.9874],[-1.61973,50.98303],[-1.6171,50.98168],[-1.61583,50.98048],[-1.61414,50.97999],[-1.60736,50.97996],[-1.60456,50.97934],[-1.60293,50.9785],[-1.60508,50.97691],[-1.605,50.9752],[-1.60776,50.97363],[-1.60865,50.97229],[-1.61075,50.97209],[-1.61223,50.97128],[-1.61356,50.96794],[-1.61616,50.96508],[-1.61681,50.96252],[-1.61975,50.95857],[-1.6234,50.95464],[-1.62849,50.95712],[-1.63496,50.95924],[-1.64038,50.95545],[-1.64171,50.9525],[-1.64638,50.94947],[-1.64965,50.94851],[-1.65185,50.94717],[-1.66166,50.94528],[-1.6673,50.94703],[-1.66918,50.94723],[-1.67688,50.94967],[-1.68571,50.95292],[-1.6893,50.95464],[-1.70103,50.96273],[-1.70963,50.97123],[-1.71651,50.97417],[-1.71957,50.97679],[-1.7223,50.97679],[-1.72619,50.97734],[-1.72989,50.97731],[-1.73372,50.97644],[-1.7398,50.97662],[-1.74295,50.97711],[-1.74393,50.97782],[-1.7544,50.97789],[-1.75432,50.98045],[-1.76999,50.98383],[-1.77535,50.98471],[-1.77561,50.98516],[-1.78383,50.9869],[-1.78795,50.98815],[-1.79095,50.99009],[-1.79601,50.9902],[-1.80031,50.99139],[-1.80567,50.99163],[-1.80758,50.99205],[-1.81542,50.98592],[-1.81986,50.99026],[-1.82154,50.99299],[-1.82741,50.99727],[-1.83582,51.00947],[-1.84226,51.00853],[-1.8528,51.00503],[-1.85368,51.00447],[-1.85589,51.00158],[-1.86205,50.99664],[-1.86683,50.99082],[-1.86934,50.98891],[-1.87391,50.9845],[-1.8751,50.99174],[-1.87463,50.99585],[-1.87465,51.00357],[-1.87543,51.0047],[-1.87923,51.00395],[-1.88331,51.00217],[-1.88528,51.00025],[-1.88674,50.99953],[-1.8888,50.99997],[-1.89247,50.99962],[-1.89802,50.99862],[-1.9033,50.99934],[-1.91231,50.99936],[-1.92034,50.99742],[-1.92374,50.99732],[-1.92788,50.9977],[-1.93553,50.99276],[-1.93658,50.99152],[-1.94994,50.98231],[-1.95367,50.98776],[-1.95683,50.9898],[-1.95722,50.98319],[-1.95547,50.97827],[-1.95252,50.97858],[-1.9508,50.97813],[-1.94813,50.97647],[-1.94483,50.97575],[-1.94208,50.97336],[-1.94126,50.97183],[-1.93922,50.96966],[-1.93486,50.96909],[-1.92989,50.9678],[-1.9284,50.96499],[-1.92718,50.96359],[-1.92392,50.96272],[-1.92099,50.9615],[-1.91874,50.95637],[-1.91611,50.95313],[-1.91248,50.9522],[-1.91244,50.95102],[-1.91058,50.94922],[-1.90918,50.94533],[-1.90538,50.94308],[-1.9026,50.94073],[-1.89909,50.93839],[-1.89857,50.93588],[-1.8969,50.9344],[-1.89255,50.93162],[-1.88158,50.92638],[-1.88038,50.92494],[-1.87787,50.92311],[-1.87612,50.92059],[-1.87501,50.9198],[-1.87364,50.91723],[-1.86463,50.91892],[-1.8599,50.9213],[-1.85747,50.92315],[-1.85575,50.92498],[-1.85596,50.92646],[-1.85106,50.92883],[-1.84715,50.92967],[-1.84608,50.93027],[-1.84266,50.93096],[-1.84018,50.93187],[-1.83875,50.9308],[-1.83266,50.92921],[-1.82986,50.92761],[-1.82827,50.92777],[-1.8263,50.92687],[-1.82075,50.9263],[-1.81747,50.92716],[-1.81393,50.92705],[-1.81278,50.92752],[-1.81055,50.92681],[-1.81266,50.92533],[-1.81477,50.92313],[-1.81503,50.92058],[-1.81748,50.91761],[-1.81884,50.91653],[-1.81861,50.91455],[-1.81916,50.9127],[-1.82041,50.91211],[-1.81757,50.90746],[-1.81654,50.90395],[-1.8239,50.89823],[-1.82558,50.89617],[-1.83147,50.89739],[-1.83724,50.8972],[-1.83987,50.89789],[-1.84171,50.89702],[-1.84489,50.89317],[-1.84856,50.88989],[-1.8451,50.88825],[-1.84404,50.88683],[-1.84449,50.8853],[-1.84749,50.88341],[-1.84771,50.88088],[-1.84527,50.878],[-1.84848,50.87378],[-1.84783,50.86969],[-1.85354,50.86651],[-1.85167,50.86422],[-1.85321,50.86267],[-1.85056,50.8603],[-1.85094,50.85872],[-1.84602,50.85814],[-1.84163,50.85804],[-1.82952,50.85532],[-1.82124,50.85677],[-1.81483,50.8587],[-1.81475,50.86205],[-1.81279,50.86457],[-1.80803,50.86446],[-1.80641,50.8615],[-1.80717,50.86014],[-1.80509,50.85901],[-1.80543,50.85764],[-1.804,50.85648],[-1.80476,50.85478],[-1.80362,50.85334],[-1.80584,50.85307],[-1.80481,50.85115],[-1.80288,50.85066],[-1.80237,50.84954],[-1.79994,50.84845],[-1.80022,50.84724],[-1.80336,50.84448],[-1.80187,50.84242],[-1.79808,50.84199],[-1.80001,50.83999],[-1.79856,50.83885],[-1.79455,50.83772],[-1.79441,50.8368],[-1.79139,50.83696],[-1.79207,50.83359],[-1.7955,50.83388],[-1.79666,50.83322],[-1.79577,50.83182],[-1.79714,50.83002],[-1.79895,50.83139],[-1.80056,50.8315],[-1.80364,50.83002],[-1.80462,50.82703],[-1.80324,50.82525],[-1.80485,50.82371],[-1.80404,50.82196],[-1.80167,50.82224],[-1.80176,50.82098],[-1.80403,50.81998],[-1.80509,50.81835],[-1.80659,50.81783],[-1.80727,50.8163],[-1.80642,50.81501],[-1.80287,50.81351],[-1.80573,50.81163],[-1.80676,50.81047],[-1.80994,50.80977],[-1.81183,50.80873],[-1.81166,50.80608],[-1.80696,50.80351],[-1.80428,50.80358],[-1.8048,50.80099],[-1.80403,50.79999],[-1.80235,50.80032],[-1.80193,50.79894],[-1.80349,50.79853],[-1.80216,50.7969],[-1.80396,50.79482],[-1.80087,50.79412],[-1.80356,50.79296],[-1.8008,50.78742],[-1.79848,50.78575],[-1.79584,50.78545],[-1.79752,50.78384],[-1.79572,50.78336],[-1.79435,50.78221],[-1.79212,50.78267],[-1.79098,50.78033],[-1.78787,50.77886],[-1.78873,50.77694],[-1.79075,50.77621],[-1.78996,50.77456],[-1.78817,50.77449],[-1.78954,50.77223],[-1.7905,50.77166],[-1.78956,50.76995],[-1.78724,50.77049],[-1.78883,50.76783],[-1.78828,50.76687],[-1.78501,50.76495],[-1.78225,50.76502],[-1.78128,50.76667],[-1.77905,50.76737],[-1.77606,50.76635],[-1.77316,50.76819],[-1.76888,50.76978],[-1.77012,50.77255],[-1.76758,50.77291],[-1.75656,50.77842],[-1.74876,50.77945],[-1.74569,50.77626],[-1.74829,50.77514],[-1.74639,50.7734],[-1.74479,50.77312],[-1.74124,50.76721],[-1.73968,50.76535],[-1.73896,50.76327],[-1.73988,50.76277],[-1.74012,50.76096],[-1.74168,50.76034],[-1.74141,50.75869],[-1.74202,50.75667],[-1.74466,50.75607],[-1.74435,50.75361],[-1.7436,50.75272],[-1.74357,50.75001],[-1.74233,50.74925],[-1.74417,50.74746],[-1.72704,50.75101],[-1.71797,50.75217],[-1.71499,50.75203],[-1.7127,50.7525],[-1.70392,50.75256],[-1.69061,50.75161],[-1.68182,50.75185],[-1.68167,50.75015],[-1.68281,50.74661],[-1.68465,50.74382],[-1.69082,50.7406],[-1.69198,50.73941],[-1.69254,50.7374],[-1.68929,50.73748],[-1.68048,50.73658],[-1.6707,50.7351],[-1.67039,50.73536],[-1.66215,50.73454],[-1.65819,50.73431],[-1.65492,50.73352],[-1.65266,50.73357],[-1.65027,50.73303],[-1.64702,50.73333],[-1.64191,50.73192],[-1.64025,50.73207],[-1.63013,50.72943],[-1.60088,50.72287],[-1.59762,50.72225],[-1.5844,50.71917],[-1.5806,50.71769],[-1.57739,50.71532],[-1.57623,50.71533],[-1.56506,50.70886],[-1.55445,50.70608],[-1.55047,50.70631],[-1.54927,50.70761],[-1.55281,50.71154],[-1.55375,50.71068],[-1.55381,50.70677],[-1.55628,50.70931],[-1.55794,50.70749],[-1.56095,50.70828],[-1.56257,50.70916],[-1.56694,50.71045],[-1.57133,50.71299],[-1.57417,50.71507],[-1.57685,50.7165],[-1.57089,50.71824],[-1.5649,50.721],[-1.56364,50.72206],[-1.56031,50.72099],[-1.55552,50.72226],[-1.55241,50.72743],[-1.54989,50.72854],[-1.54685,50.72839],[-1.54546,50.72707],[-1.5406,50.72979],[-1.53554,50.73423],[-1.53329,50.73497],[-1.53094,50.73704],[-1.53182,50.73934],[-1.53127,50.74035],[-1.5333,50.74142],[-1.537,50.74224],[-1.53687,50.74302],[-1.53488,50.74485],[-1.53256,50.74428],[-1.53065,50.74243],[-1.52593,50.74457],[-1.52706,50.74713],[-1.52529,50.74887],[-1.5296,50.75107],[-1.52753,50.75318],[-1.52848,50.75456],[-1.53376,50.75793],[-1.53535,50.75827],[-1.53697,50.75981],[-1.53501,50.76147],[-1.53762,50.76266],[-1.53497,50.76389],[-1.53357,50.76265],[-1.53348,50.76145],[-1.53435,50.75912],[-1.53094,50.75912],[-1.5276,50.75854],[-1.52674,50.75712],[-1.51858,50.75416],[-1.51378,50.75326],[-1.51016,50.75396],[-1.50215,50.75398],[-1.49821,50.75456],[-1.49561,50.75527],[-1.48707,50.75548],[-1.48357,50.75595],[-1.48023,50.75744],[-1.47632,50.75843],[-1.47324,50.75855],[-1.46751,50.75987],[-1.46509,50.7609],[-1.46616,50.76207],[-1.46486,50.76483],[-1.46287,50.76278],[-1.46308,50.76124],[-1.46139,50.76108],[-1.45626,50.76224],[-1.44929,50.76251],[-1.44703,50.76234],[-1.44371,50.76299],[-1.44212,50.76385],[-1.43882,50.7645],[-1.42911,50.76546],[-1.42617,50.76628],[-1.41914,50.76647],[-1.41553,50.76726],[-1.40435,50.77185],[-1.40695,50.77238],[-1.40175,50.77471],[-1.39771,50.77595],[-1.39889,50.77744],[-1.40584,50.78087],[-1.40659,50.78161],[-1.41002,50.78255],[-1.41299,50.78397],[-1.41398,50.78721],[-1.41202,50.789],[-1.41174,50.78993],[-1.40986,50.79124],[-1.41139,50.79241],[-1.41194,50.79462],[-1.41148,50.79705],[-1.41229,50.80007],[-1.41358,50.80018],[-1.41655,50.79913],[-1.41906,50.79903],[-1.42291,50.79996],[-1.42391,50.80194],[-1.42051,50.80524],[-1.42207,50.80581],[-1.42483,50.80527],[-1.42843,50.80675],[-1.43009,50.80926],[-1.43528,50.80842],[-1.4391,50.81059],[-1.43985,50.81154],[-1.43931,50.81393],[-1.44554,50.81467],[-1.44682,50.81581],[-1.44642,50.81777],[-1.44706,50.81862],[-1.45121,50.81918],[-1.44862,50.82018],[-1.44458,50.81888],[-1.44469,50.81636],[-1.44242,50.81554],[-1.43814,50.81542],[-1.43736,50.81355],[-1.43835,50.81146],[-1.43602,50.80992],[-1.43127,50.81105],[-1.42934,50.81083],[-1.42714,50.8094],[-1.42643,50.80757],[-1.4228,50.8082],[-1.42185,50.80746],[-1.41912,50.80702],[-1.41743,50.80559],[-1.41809,50.80326],[-1.41366,50.8036],[-1.412,50.8027],[-1.40981,50.80057],[-1.40955,50.7954],[-1.40739,50.79304],[-1.40648,50.7913],[-1.40655,50.78912],[-1.40873,50.78668],[-1.40747,50.78588],[-1.40398,50.7847],[-1.39833,50.78416],[-1.39265,50.78576],[-1.38824,50.78596],[-1.38207,50.78501],[-1.37932,50.78548],[-1.37587,50.78515],[-1.36861,50.78529],[-1.3593,50.78438],[-1.3582,50.78453],[-1.35405,50.78385],[-1.35014,50.78505],[-1.34627,50.78507],[-1.34192,50.786],[-1.34024,50.788],[-1.3366,50.79383],[-1.33292,50.79689],[-1.32761,50.80312],[-1.32038,50.80804],[-1.31212,50.81214],[-1.3085,50.81489],[-1.30758,50.81613],[-1.30702,50.81991],[-1.30983,50.81969],[-1.30831,50.81686],[-1.30973,50.81458],[-1.31147,50.81343],[-1.31733,50.81719],[-1.32037,50.81721],[-1.32075,50.81794],[-1.3241,50.818],[-1.32413,50.82038],[-1.32517,50.82093],[-1.3252,50.82262],[-1.32297,50.82319],[-1.32464,50.82531],[-1.32797,50.82438],[-1.33091,50.82574],[-1.33538,50.82678],[-1.33711,50.82781],[-1.33817,50.82926],[-1.33989,50.83305],[-1.33971,50.8357],[-1.33821,50.83652],[-1.3349,50.83732],[-1.33734,50.83871],[-1.33815,50.84062],[-1.33943,50.84121],[-1.34027,50.84269],[-1.34242,50.84399],[-1.34591,50.8455],[-1.348,50.84567],[-1.3504,50.84653],[-1.35416,50.84552],[-1.35775,50.84521],[-1.35922,50.84293],[-1.3612,50.84353],[-1.35987,50.84504],[-1.36079,50.8469],[-1.35997,50.84775],[-1.35986,50.85031],[-1.36265,50.85067],[-1.36312,50.84962],[-1.36584,50.85111],[-1.36574,50.85222],[-1.37104,50.85404],[-1.37393,50.85434],[-1.37364,50.85703],[-1.37655,50.858],[-1.37822,50.85921],[-1.37966,50.85868],[-1.38309,50.86256],[-1.38456,50.86269],[-1.38663,50.8642],[-1.39144,50.86687],[-1.39285,50.86968],[-1.39451,50.86875],[-1.39571,50.86909],[-1.40075,50.87191],[-1.39749,50.8747],[-1.40732,50.8797],[-1.42665,50.89676],[-1.42884,50.89684],[-1.42954,50.89772],[-1.44157,50.90172],[-1.442,50.90204],[-1.44698,50.90152],[-1.45195,50.90146],[-1.45324,50.90182],[-1.45607,50.90101],[-1.45909,50.90068],[-1.46171,50.90213],[-1.4624,50.90359],[-1.46431,50.90338],[-1.46605,50.90397],[-1.46722,50.90582],[-1.47125,50.90701],[-1.47367,50.90929],[-1.47826,50.91194],[-1.47951,50.91557],[-1.47807,50.91616],[-1.47688,50.91434],[-1.47486,50.91312],[-1.47344,50.91481],[-1.4753,50.91658],[-1.47721,50.91576],[-1.47869,50.91931],[-1.47673,50.92075],[-1.47844,50.92132],[-1.47849,50.92345],[-1.48135,50.92553],[-1.48061,50.92643],[-1.47733,50.92527],[-1.47652,50.92329],[-1.47504,50.92238],[-1.47403,50.92037],[-1.47119,50.91815],[-1.46676,50.91094],[-1.45094,50.90407],[-1.44706,50.90379],[-1.44279,50.90827],[-1.43976,50.90822],[-1.41086,50.89864],[-1.41135,50.89792],[-1.40707,50.89641],[-1.4035,50.89556],[-1.40078,50.8903],[-1.39902,50.89457],[-1.39796,50.89302],[-1.39904,50.88871],[-1.39531,50.88313],[-1.39325,50.88303],[-1.39287,50.88734],[-1.39665,50.89023],[-1.39641,50.89255],[-1.39344,50.89118],[-1.39346,50.88899],[-1.39268,50.88843],[-1.38986,50.89298],[-1.38839,50.89419],[-1.3927,50.89429],[-1.39249,50.89596],[-1.39111,50.89673],[-1.38844,50.89667],[-1.38718,50.89743],[-1.38712,50.89984],[-1.38911,50.90236],[-1.38829,50.90508],[-1.38707,50.90677],[-1.38286,50.90903],[-1.37773,50.91015],[-1.37811,50.91246],[-1.38097,50.9134],[-1.38678,50.91368],[-1.39099,50.91618],[-1.3902,50.91822],[-1.3871,50.92049],[-1.38119,50.92189],[-1.38002,50.9227],[-1.3794,50.92455],[-1.38095,50.92685],[-1.38133,50.92934],[-1.3772,50.92422],[-1.37691,50.92185],[-1.37855,50.92073],[-1.38269,50.91913],[-1.38706,50.91814],[-1.38766,50.91693],[-1.38514,50.9154],[-1.38403,50.91641],[-1.38134,50.91617],[-1.37769,50.91484],[-1.3778,50.91655],[-1.37523,50.9156],[-1.37302,50.91401],[-1.3717,50.91196],[-1.37312,50.90981],[-1.37697,50.90812],[-1.38242,50.9065],[-1.38398,50.904],[-1.38494,50.90344],[-1.38359,50.90114],[-1.38287,50.89781],[-1.38406,50.89433],[-1.3841,50.89068],[-1.38318,50.88949],[-1.37889,50.88741],[-1.37587,50.8868],[-1.37123,50.88505],[-1.36849,50.88326],[-1.36513,50.88003],[-1.35856,50.87587],[-1.35181,50.86985],[-1.35133,50.86992],[-1.34006,50.86319],[-1.33522,50.85928],[-1.33193,50.85713],[-1.32936,50.85603],[-1.32229,50.85204],[-1.31465,50.8501],[-1.31306,50.84885],[-1.31027,50.84901],[-1.3102,50.85079],[-1.31241,50.85287],[-1.31452,50.85375],[-1.31276,50.85597],[-1.31239,50.85781],[-1.31349,50.85959],[-1.31289,50.86289],[-1.31203,50.86424],[-1.3115,50.86657],[-1.31,50.86775],[-1.30979,50.86968],[-1.31184,50.87006],[-1.31311,50.87313],[-1.31523,50.87316],[-1.31298,50.87641],[-1.31131,50.87635],[-1.31014,50.87722],[-1.30434,50.87792],[-1.30226,50.87976],[-1.30094,50.88011],[-1.3046,50.88212],[-1.30452,50.88351],[-1.30078,50.88583],[-1.3011,50.88678],[-1.29624,50.88859],[-1.29518,50.89025],[-1.29283,50.89222],[-1.29082,50.8925],[-1.28954,50.89348],[-1.28909,50.89618],[-1.28681,50.8966],[-1.27903,50.89733],[-1.27529,50.89872],[-1.27183,50.89875],[-1.2681,50.8994],[-1.265,50.89878],[-1.26057,50.90072],[-1.26365,50.89723],[-1.26707,50.89814],[-1.27205,50.89731],[-1.27469,50.89778],[-1.2791,50.89618],[-1.28442,50.89543],[-1.28693,50.89533],[-1.28791,50.89468],[-1.28768,50.8917],[-1.29233,50.89063],[-1.29239,50.88936],[-1.29616,50.88695],[-1.29871,50.88663],[-1.29849,50.88576],[-1.30206,50.88367],[-1.29814,50.88114],[-1.29632,50.87925],[-1.29728,50.87824],[-1.30134,50.87662],[-1.30528,50.87432],[-1.30465,50.87143],[-1.30568,50.86893],[-1.30582,50.86626],[-1.30805,50.86271],[-1.30854,50.8604],[-1.30732,50.85942],[-1.30592,50.85704],[-1.30752,50.85586],[-1.30734,50.85305],[-1.30397,50.84988],[-1.30317,50.84846],[-1.30468,50.84546],[-1.30679,50.84499],[-1.30677,50.84358],[-1.30814,50.84302],[-1.30668,50.84044],[-1.30328,50.83815],[-1.29992,50.83682],[-1.28929,50.83397],[-1.26712,50.82733],[-1.26468,50.82684],[-1.25845,50.82415],[-1.24719,50.81755],[-1.24502,50.81708],[-1.24232,50.81737],[-1.24005,50.81814],[-1.2382,50.81804],[-1.23243,50.81571],[-1.23059,50.81526],[-1.22823,50.81393],[-1.22397,50.81319],[-1.2208,50.81132],[-1.21983,50.81144],[-1.21556,50.81008],[-1.20927,50.80577],[-1.20394,50.80063],[-1.20098,50.79839],[-1.19726,50.79452],[-1.19112,50.79047],[-1.18478,50.78788],[-1.17133,50.78552],[-1.16609,50.78555],[-1.16127,50.78445],[-1.15473,50.78152],[-1.14302,50.77371],[-1.14121,50.77328],[-1.13871,50.77355],[-1.13439,50.77534],[-1.12646,50.78136],[-1.11195,50.78953],[-1.11317,50.79132],[-1.11472,50.78884],[-1.1163,50.788],[-1.12066,50.78811],[-1.12442,50.78962],[-1.12668,50.78803],[-1.12878,50.78802],[-1.1327,50.7852],[-1.13362,50.78598],[-1.13177,50.78795],[-1.13369,50.78929],[-1.13275,50.78998],[-1.13081,50.78885],[-1.12965,50.78947],[-1.12673,50.78932],[-1.12818,50.79178],[-1.12534,50.7921],[-1.12291,50.79168],[-1.12101,50.79009],[-1.11865,50.79128],[-1.11717,50.79319],[-1.11657,50.7957],[-1.11882,50.79724],[-1.12085,50.7971],[-1.12406,50.79926],[-1.12228,50.80001],[-1.12407,50.80083],[-1.12379,50.80409],[-1.13074,50.80292],[-1.13336,50.80291],[-1.13445,50.80213],[-1.13711,50.80229],[-1.13469,50.80382],[-1.13589,50.80509],[-1.13152,50.8044],[-1.12947,50.80512],[-1.12563,50.80542],[-1.1238,50.80616],[-1.1282,50.8089],[-1.133,50.81228],[-1.13911,50.81562],[-1.14041,50.81576],[-1.142,50.81768],[-1.14258,50.82066],[-1.14577,50.82596],[-1.14898,50.82598],[-1.15028,50.82673],[-1.15091,50.82858],[-1.15244,50.82982],[-1.15035,50.83139],[-1.15019,50.83357],[-1.15251,50.83581],[-1.15644,50.83736],[-1.15852,50.83868],[-1.1611,50.83726],[-1.16515,50.83644],[-1.16723,50.83649],[-1.16879,50.83749],[-1.17509,50.83867],[-1.17641,50.83984],[-1.1755,50.84203],[-1.17623,50.84492],[-1.1784,50.84641],[-1.1794,50.84839],[-1.1776,50.84984],[-1.17035,50.84955],[-1.16935,50.85024],[-1.16836,50.85237],[-1.16649,50.85241],[-1.16641,50.85015],[-1.16925,50.84835],[-1.17136,50.84764],[-1.17585,50.84857],[-1.17667,50.84734],[-1.17394,50.84458],[-1.17331,50.84141],[-1.17103,50.83995],[-1.16796,50.84023],[-1.16287,50.84167],[-1.16305,50.84363],[-1.16052,50.84478],[-1.15732,50.84442],[-1.15447,50.8449],[-1.15325,50.84355],[-1.15457,50.84289],[-1.1526,50.84116],[-1.14823,50.84191],[-1.14402,50.83904],[-1.14139,50.83859],[-1.13805,50.83923],[-1.13505,50.83929],[-1.13204,50.83826],[-1.12958,50.83799],[-1.12506,50.83637],[-1.12221,50.83568],[-1.11891,50.8355],[-1.11759,50.83589],[-1.11296,50.83613],[-1.11224,50.83782],[-1.11457,50.84094],[-1.11701,50.84304],[-1.11657,50.84384],[-1.11241,50.84418],[-1.11472,50.8455],[-1.11377,50.8468],[-1.10561,50.84679],[-1.10252,50.84583],[-1.10639,50.83912],[-1.10631,50.83789],[-1.09929,50.83449],[-1.09472,50.83126],[-1.08946,50.83071],[-1.08978,50.82899],[-1.08797,50.82865],[-1.08722,50.83067],[-1.08169,50.83586],[-1.07841,50.83727],[-1.0747,50.83726],[-1.06178,50.83596],[-1.05852,50.83526],[-1.05429,50.83389],[-1.05194,50.83347],[-1.03873,50.83463],[-1.03631,50.83543],[-1.03489,50.82936],[-1.03166,50.82878],[-1.03012,50.82738],[-1.02751,50.82681],[-1.02456,50.82706],[-1.02299,50.83035],[-1.02459,50.83167],[-1.02202,50.83532],[-1.02217,50.83675],[-1.02059,50.83953],[-1.02186,50.8413],[-1.01937,50.84203],[-1.02061,50.84299],[-1.01656,50.84355],[-1.01311,50.84438],[-1.0039,50.8428],[-1.00175,50.84417],[-0.99852,50.8422],[-0.99731,50.84057],[-0.98957,50.83767],[-0.98716,50.83741],[-0.98367,50.8383],[-0.98229,50.83756],[-0.98067,50.8357],[-0.97987,50.83888],[-0.97822,50.83962],[-0.97712,50.84131],[-0.97451,50.84219],[-0.97104,50.84216],[-0.96837,50.84148],[-0.96578,50.84032],[-0.96334,50.84073],[-0.95898,50.83924],[-0.95569,50.83985],[-0.9558,50.84113],[-0.9508,50.84288],[-0.94613,50.84271],[-0.9436,50.84226],[-0.93756,50.8424],[-0.93748,50.84443],[-0.9351,50.84441],[-0.93207,50.84369],[-0.92981,50.84185],[-0.93172,50.84156],[-0.93157,50.84056],[-0.93873,50.83058],[-0.93959,50.83012],[-0.94145,50.82744],[-0.94106,50.82637],[-0.94244,50.8243],[-0.94008,50.82318],[-0.94013,50.82193],[-0.94164,50.82109],[-0.93909,50.81909],[-0.93854,50.81782],[-0.93965,50.81684],[-0.9423,50.81631],[-0.94263,50.81538],[-0.9333,50.81393],[-0.92753,50.81172],[-0.92235,50.8082],[-0.92089,50.80602],[-0.91737,50.80481],[-0.91509,50.80274],[-0.91192,50.8012],[-0.91145,50.80019],[-0.90936,50.7988],[-0.9077,50.79852],[-0.90661,50.80125],[-0.90918,50.80116],[-0.90931,50.80293],[-0.91046,50.80596],[-0.90917,50.80956],[-0.90963,50.81209],[-0.90929,50.81368],[-0.90753,50.81675],[-0.90971,50.82126],[-0.90807,50.8225],[-0.91046,50.82416],[-0.91398,50.8313],[-0.91291,50.83218],[-0.91375,50.83409],[-0.91653,50.83625],[-0.91592,50.83833],[-0.91282,50.83999],[-0.90988,50.83952],[-0.90879,50.83776],[-0.9043,50.83833],[-0.89848,50.83804],[-0.89786,50.83891],[-0.89456,50.83838],[-0.89363,50.83774],[-0.89254,50.83476],[-0.89297,50.83277],[-0.89551,50.83257],[-0.89649,50.83192],[-0.89536,50.83067],[-0.89545,50.82822],[-0.89429,50.82589],[-0.89267,50.82482],[-0.89185,50.82341],[-0.89217,50.81843],[-0.8904,50.81651],[-0.88667,50.81446],[-0.88225,50.81269],[-0.87737,50.81184],[-0.87591,50.81291],[-0.87497,50.81453],[-0.87448,50.81808],[-0.86987,50.82295],[-0.87047,50.82424],[-0.86787,50.82527],[-0.86536,50.82717],[-0.86706,50.82965],[-0.86673,50.83017],[-0.87011,50.83181],[-0.87189,50.83148],[-0.873,50.83224],[-0.8699,50.83308],[-0.86857,50.83417],[-0.87014,50.83701],[-0.86908,50.83961],[-0.86794,50.84108],[-0.86672,50.83855],[-0.86173,50.83789],[-0.8621,50.83884],[-0.85952,50.83987],[-0.85841,50.83865],[-0.85985,50.83773],[-0.85917,50.83639],[-0.86072,50.83539],[-0.86128,50.82914],[-0.86075,50.82827],[-0.85805,50.82842],[-0.8539,50.82929],[-0.85191,50.82879],[-0.85119,50.82765],[-0.85566,50.82671],[-0.85804,50.82359],[-0.86293,50.82354],[-0.86524,50.82128],[-0.86991,50.81775],[-0.86987,50.81653],[-0.86848,50.8145],[-0.86815,50.8129],[-0.865,50.81157],[-0.8625,50.81231],[-0.85788,50.81074],[-0.85559,50.81027],[-0.85709,50.80799],[-0.85622,50.80708],[-0.8519,50.80657],[-0.84916,50.8054],[-0.84272,50.80463],[-0.84132,50.80643],[-0.83705,50.80913],[-0.83446,50.81037],[-0.83016,50.81093],[-0.83037,50.8124],[-0.82624,50.81393],[-0.82295,50.81422],[-0.81976,50.81686],[-0.82087,50.82045],[-0.81995,50.82217],[-0.81639,50.82496],[-0.81617,50.82713],[-0.81806,50.82783],[-0.81706,50.82955],[-0.81249,50.83214],[-0.80886,50.83061],[-0.81084,50.82965],[-0.80959,50.82809],[-0.81005,50.82654],[-0.81146,50.82599],[-0.81091,50.82425],[-0.81269,50.82198],[-0.81539,50.82056],[-0.81413,50.81642],[-0.81441,50.81426],[-0.81673,50.8131],[-0.81836,50.8115],[-0.82171,50.81021],[-0.8247,50.81021],[-0.82542,50.80786],[-0.82491,50.80584],[-0.82546,50.8044],[-0.82802,50.80446],[-0.83025,50.80388],[-0.83347,50.80488],[-0.83631,50.80402],[-0.83883,50.80128],[-0.8444,50.79966],[-0.84493,50.80005],[-0.8495,50.8008],[-0.85057,50.80155],[-0.85569,50.80299],[-0.86054,50.80288],[-0.86175,50.8045],[-0.86469,50.80567],[-0.86597,50.80726],[-0.86852,50.80828],[-0.87058,50.8083],[-0.87352,50.80766],[-0.87793,50.80765],[-0.88152,50.80593],[-0.88388,50.80323],[-0.8851,50.80368],[-0.88758,50.80277],[-0.88858,50.8013],[-0.89083,50.79981],[-0.89166,50.79797],[-0.89263,50.79327],[-0.89448,50.79022],[-0.89802,50.78923],[-0.90141,50.78993],[-0.90427,50.78591],[-0.90406,50.78364],[-0.90516,50.78208],[-0.90911,50.78196],[-0.9125,50.7809],[-0.91532,50.78068],[-0.91406,50.78374],[-0.91246,50.78495],[-0.91047,50.78556],[-0.91015,50.78652],[-0.90805,50.78704],[-0.91248,50.78982],[-0.91551,50.7889],[-0.91602,50.78728],[-0.91579,50.7819],[-0.91667,50.78098],[-0.91566,50.77989],[-0.91168,50.77708],[-0.90684,50.77432],[-0.89845,50.77174],[-0.88609,50.76872],[-0.86392,50.76206],[-0.84145,50.75279],[-0.82596,50.7453],[-0.82182,50.74673],[-0.82382,50.74751],[-0.82372,50.74878],[-0.82598,50.75007],[-0.82617,50.75268],[-0.82485,50.75416],[-0.82271,50.75435],[-0.82145,50.75617],[-0.82324,50.75753],[-0.82544,50.75832],[-0.82396,50.76012],[-0.82203,50.7596],[-0.8199,50.7578],[-0.81921,50.75518],[-0.82394,50.75217],[-0.82365,50.75141],[-0.81995,50.74925],[-0.81856,50.74482],[-0.81695,50.74377],[-0.81347,50.7427],[-0.80914,50.74335],[-0.8075,50.7455],[-0.80915,50.74563],[-0.80803,50.74757],[-0.80669,50.74641],[-0.80778,50.7445],[-0.80708,50.7414],[-0.81151,50.74006],[-0.81472,50.74029],[-0.81681,50.74154],[-0.81941,50.74056],[-0.8163,50.7382],[-0.81082,50.73447],[-0.81008,50.73329],[-0.80784,50.73291],[-0.80481,50.73096],[-0.8045,50.73029],[-0.79985,50.72655],[-0.79365,50.72344],[-0.78909,50.72244],[-0.78643,50.72244],[-0.78334,50.72563],[-0.77567,50.7305],[-0.77185,50.73408],[-0.76955,50.73696],[-0.76688,50.73918],[-0.76589,50.74083],[-0.7628,50.74335],[-0.76245,50.74781],[-0.76014,50.75038],[-0.75624,50.75337],[-0.74996,50.75669],[-0.75106,50.75726],[-0.75431,50.75711],[-0.75535,50.75556],[-0.75827,50.75349],[-0.75975,50.75315],[-0.76175,50.75118],[-0.76415,50.75543],[-0.76704,50.75928],[-0.77058,50.76055],[-0.77196,50.76167],[-0.77673,50.76265],[-0.77931,50.76211],[-0.78391,50.76023],[-0.78567,50.76014],[-0.78042,50.76541],[-0.77795,50.76607],[-0.78005,50.76795],[-0.77751,50.76819],[-0.77625,50.76733],[-0.77399,50.76831],[-0.77099,50.76889],[-0.76653,50.76732],[-0.76522,50.76811],[-0.76414,50.77012],[-0.76744,50.77144],[-0.76686,50.77276],[-0.76484,50.77237],[-0.76237,50.77303],[-0.75543,50.77201],[-0.75569,50.77075],[-0.75738,50.76981],[-0.75672,50.76737],[-0.7555,50.76604],[-0.75257,50.76438],[-0.75036,50.76404],[-0.75057,50.76168],[-0.7514,50.76092],[-0.7543,50.76005],[-0.7547,50.75916],[-0.75257,50.75805],[-0.7505,50.7585],[-0.74698,50.76086],[-0.74575,50.76268],[-0.74362,50.76408],[-0.74085,50.76518],[-0.736,50.76809],[-0.72837,50.77108],[-0.7165,50.77403],[-0.70257,50.7771],[-0.70217,50.77745],[-0.69394,50.77884],[-0.68249,50.77983],[-0.67622,50.78118],[-0.67181,50.78171],[-0.65581,50.78445],[-0.65321,50.78614],[-0.64807,50.78698],[-0.64227,50.78736],[-0.62972,50.78789],[-0.62741,50.78853],[-0.61929,50.78998],[-0.61709,50.79064],[-0.61181,50.79095],[-0.61053,50.79059],[-0.60704,50.79085],[-0.60545,50.79056],[-0.59955,50.79122],[-0.59749,50.79207],[-0.59336,50.79226],[-0.59113,50.79285],[-0.58796,50.79456],[-0.58098,50.79518],[-0.57725,50.79608],[-0.57606,50.79678],[-0.56933,50.79836],[-0.56031,50.79972],[-0.55022,50.80028],[-0.54361,50.80003],[-0.54199,50.80025],[-0.54355,50.8037],[-0.54468,50.80431],[-0.54457,50.80562],[-0.54647,50.80742],[-0.54834,50.80826],[-0.55187,50.81052],[-0.55362,50.81083],[-0.55683,50.81053],[-0.56082,50.81263],[-0.56158,50.81772],[-0.56294,50.81875],[-0.56619,50.81854],[-0.56871,50.81652],[-0.57157,50.81591],[-0.5728,50.81673],[-0.57447,50.82031],[-0.57324,50.82317],[-0.57637,50.82561],[-0.57601,50.8272],[-0.5735,50.8287],[-0.57106,50.8292],[-0.5681,50.82905],[-0.56702,50.82948],[-0.56748,50.83103],[-0.57072,50.8326],[-0.57136,50.83438],[-0.57076,50.83583],[-0.56839,50.83692],[-0.56523,50.83721],[-0.56368,50.8379],[-0.56576,50.84024],[-0.56572,50.84403],[-0.56306,50.84882],[-0.5603,50.85186],[-0.55198,50.85402],[-0.54929,50.85322],[-0.54893,50.85197],[-0.54608,50.85156],[-0.54158,50.85321],[-0.53931,50.85733],[-0.54081,50.8588],[-0.54633,50.85968],[-0.54707,50.86024],[-0.54487,50.86632],[-0.54285,50.86674],[-0.53976,50.86623],[-0.53689,50.86709],[-0.53649,50.86792],[-0.53633,50.87272],[-0.53776,50.87375],[-0.54088,50.87428],[-0.54201,50.8769],[-0.54189,50.87806],[-0.5396,50.87981],[-0.5398,50.88102],[-0.54232,50.8817],[-0.54524,50.88049],[-0.54876,50.87997],[-0.55545,50.88176],[-0.55895,50.88445],[-0.56126,50.88775],[-0.5591,50.89003],[-0.549,50.89292],[-0.54693,50.89527],[-0.54479,50.89638],[-0.54378,50.89802],[-0.5462,50.89938],[-0.55055,50.8988],[-0.55545,50.90327],[-0.55609,50.90526],[-0.55334,50.90874],[-0.55199,50.91282],[-0.55137,50.9135],[-0.54963,50.91411],[-0.54575,50.91433],[-0.54273,50.91362],[-0.54059,50.91432],[-0.53967,50.91563],[-0.53712,50.91643],[-0.53841,50.9174],[-0.54314,50.91897],[-0.54548,50.9202],[-0.54515,50.92132],[-0.54783,50.92376],[-0.54849,50.92537],[-0.54766,50.92664],[-0.54736,50.9296],[-0.54308,50.93049],[-0.54128,50.93161],[-0.53957,50.93155],[-0.53469,50.93315],[-0.53374,50.93403],[-0.53411,50.93668],[-0.52902,50.93845],[-0.52545,50.93841],[-0.52472,50.93638],[-0.52271,50.93545],[-0.51876,50.93585],[-0.51265,50.93571],[-0.51168,50.93751],[-0.51309,50.93967],[-0.51377,50.94206],[-0.51232,50.9432],[-0.50968,50.94386],[-0.5084,50.94319],[-0.50648,50.94338],[-0.50284,50.94616],[-0.50338,50.94792],[-0.50246,50.94907],[-0.50323,50.95007],[-0.50225,50.95172],[-0.50339,50.95306],[-0.50553,50.95378],[-0.51252,50.95407],[-0.51609,50.95544],[-0.51945,50.95624],[-0.52054,50.95592],[-0.52401,50.95344],[-0.52709,50.95254],[-0.52665,50.95325],[-0.52421,50.95355],[-0.52087,50.95592],[-0.51906,50.95637],[-0.51713,50.95595],[-0.50905,50.95659],[-0.50479,50.95622],[-0.50254,50.95369],[-0.50183,50.95178],[-0.50272,50.95016],[-0.50207,50.94913],[-0.503,50.94781],[-0.50273,50.94568],[-0.50623,50.94316],[-0.50853,50.94297],[-0.51013,50.94349],[-0.51212,50.94306],[-0.51353,50.94192],[-0.51263,50.93971],[-0.51141,50.93815],[-0.51112,50.93642],[-0.51344,50.93531],[-0.51833,50.93558],[-0.52293,50.93527],[-0.52491,50.93609],[-0.52602,50.93809],[-0.52914,50.93818],[-0.53343,50.93624],[-0.53336,50.93411],[-0.5345,50.93302],[-0.54304,50.93011],[-0.54717,50.92931],[-0.54636,50.92739],[-0.54782,50.92525],[-0.54746,50.92392],[-0.54487,50.9215],[-0.54471,50.92021],[-0.54224,50.91893],[-0.53809,50.91768],[-0.53655,50.91658],[-0.5392,50.9155],[-0.54027,50.91413],[-0.54354,50.91335],[-0.54581,50.91411],[-0.54895,50.91403],[-0.55116,50.91329],[-0.55198,50.91169],[-0.55248,50.90892],[-0.55573,50.90506],[-0.55404,50.90292],[-0.55039,50.89905],[-0.54715,50.89969],[-0.54563,50.89948],[-0.54349,50.89817],[-0.54341,50.89639],[-0.54632,50.89538],[-0.54853,50.89294],[-0.55052,50.89212],[-0.55883,50.88988],[-0.56079,50.88774],[-0.55864,50.88457],[-0.55526,50.88202],[-0.54886,50.88024],[-0.54579,50.88064],[-0.54251,50.88194],[-0.54009,50.88168],[-0.53913,50.87992],[-0.54152,50.87776],[-0.54046,50.87449],[-0.53578,50.87387],[-0.53348,50.87391],[-0.5312,50.87331],[-0.52937,50.87167],[-0.52726,50.87081],[-0.52572,50.86898],[-0.52538,50.86735],[-0.53068,50.8643],[-0.53256,50.86417],[-0.54208,50.86625],[-0.54421,50.86607],[-0.54634,50.86033],[-0.54543,50.85972],[-0.54098,50.85922],[-0.53899,50.8582],[-0.53869,50.85733],[-0.5409,50.85329],[-0.5419,50.8526],[-0.54679,50.85108],[-0.54891,50.85147],[-0.55024,50.85326],[-0.55171,50.85366],[-0.5592,50.85192],[-0.56052,50.85129],[-0.56251,50.84879],[-0.56522,50.8437],[-0.56457,50.84007],[-0.56317,50.8378],[-0.56461,50.83697],[-0.56939,50.8362],[-0.57062,50.8346],[-0.57038,50.833],[-0.56761,50.83197],[-0.56637,50.83036],[-0.56655,50.82909],[-0.56806,50.82854],[-0.57244,50.82852],[-0.57566,50.82673],[-0.57562,50.82586],[-0.57282,50.82392],[-0.57237,50.82227],[-0.57357,50.82092],[-0.57366,50.81971],[-0.57206,50.81717],[-0.56983,50.81653],[-0.5677,50.81844],[-0.56599,50.81932],[-0.5638,50.81942],[-0.5609,50.81822],[-0.56018,50.81322],[-0.55938,50.81231],[-0.55616,50.8114],[-0.55271,50.81161],[-0.54953,50.81043],[-0.54726,50.80863],[-0.54473,50.80759],[-0.54341,50.8059],[-0.54173,50.80191],[-0.53813,50.80219],[-0.52275,50.80209],[-0.50737,50.80248],[-0.49518,50.80252],[-0.4856,50.80285],[-0.47496,50.80284],[-0.45606,50.80204],[-0.45071,50.80265],[-0.44441,50.80237],[-0.42257,50.80434],[-0.42087,50.80509],[-0.40571,50.80565],[-0.39995,50.80573],[-0.38841,50.80678],[-0.37252,50.80859],[-0.36383,50.81002],[-0.36342,50.81041],[-0.35728,50.81202],[-0.35234,50.81263],[-0.34853,50.8136],[-0.34371,50.81438],[-0.33604,50.81622],[-0.32812,50.81889],[-0.30927,50.82179],[-0.3032,50.8232],[-0.29696,50.82372],[-0.29056,50.82507],[-0.27619,50.82683],[-0.25215,50.82589],[-0.24848,50.82656],[-0.249,50.82792],[-0.25111,50.82915],[-0.2514,50.83031],[-0.25444,50.83013],[-0.25683,50.8308],[-0.26689,50.83104],[-0.26975,50.83067],[-0.27535,50.82943],[-0.28394,50.82912],[-0.2846,50.82969],[-0.28031,50.83136],[-0.28432,50.8336],[-0.28534,50.83556],[-0.2874,50.83733],[-0.28924,50.83953],[-0.28949,50.84141],[-0.28839,50.84583],[-0.29235,50.84721],[-0.29304,50.84895],[-0.29119,50.8509],[-0.29029,50.84984],[-0.29214,50.849],[-0.29218,50.84806],[-0.28896,50.84716],[-0.28735,50.8462],[-0.28707,50.8439],[-0.28766,50.84055],[-0.2817,50.83404],[-0.27922,50.83216],[-0.27594,50.83137],[-0.27104,50.83192],[-0.26944,50.83173],[-0.25798,50.83169],[-0.25209,50.83111],[-0.2487,50.83001],[-0.24723,50.83067],[-0.24161,50.83077],[-0.23815,50.8305],[-0.23799,50.82942],[-0.24395,50.82918],[-0.245,50.82823],[-0.23794,50.82798],[-0.23716,50.82874],[-0.23023,50.82877],[-0.21604,50.82758],[-0.20517,50.82616],[-0.20383,50.8265],[-0.19174,50.82557],[-0.17477,50.82382],[-0.17219,50.82376],[-0.15697,50.8218],[-0.13931,50.81853],[-0.13607,50.81884],[-0.11314,50.81412],[-0.10754,50.81272],[-0.10781,50.81158],[-0.10449,50.81129],[-0.10371,50.81222],[-0.09408,50.8107],[-0.09208,50.81178],[-0.08548,50.81027],[-0.07993,50.80848],[-0.0736,50.80689],[-0.06482,50.80439],[-0.05643,50.80148],[-0.05005,50.80153],[-0.04233,50.80007],[-0.03857,50.79908],[-0.03768,50.79934],[-0.03189,50.79746],[-0.03048,50.79726],[-0.02545,50.79527],[-0.02301,50.79501],[-0.02074,50.794],[-0.01551,50.79295],[-0.01279,50.79184],[-0.00716,50.79081],[-0.00022,50.78868],[0.00568,50.78774],[0.00684,50.78721],[0.01018,50.78696],[0.0168,50.78519],[0.02178,50.78522],[0.02596,50.78385],[0.02972,50.78301],[0.03624,50.78112],[0.04314,50.78149],[0.05305,50.77961],[0.05328,50.78136],[0.05725,50.78168],[0.05532,50.78541],[0.0542,50.78513],[0.05242,50.78615],[0.05332,50.78817],[0.05261,50.79024],[0.05231,50.79325],[0.05167,50.7948],[0.04821,50.79532],[0.04632,50.79692],[0.04629,50.79801],[0.04808,50.79923],[0.04724,50.801],[0.04632,50.80452],[0.04474,50.80615],[0.0439,50.80835],[0.04211,50.80938],[0.0384,50.80928],[0.03598,50.80989],[0.03416,50.80962],[0.03042,50.81379],[0.02719,50.81463],[0.02638,50.81525],[0.02625,50.81711],[0.02793,50.82177],[0.02568,50.83097],[0.02606,50.83355],[0.02742,50.83533],[0.03008,50.8364],[0.03118,50.83928],[0.03271,50.84142],[0.03265,50.84379],[0.03452,50.84575],[0.03716,50.84552],[0.03815,50.84666],[0.03746,50.84811],[0.0339,50.851],[0.03026,50.85598],[0.02706,50.85725],[0.02348,50.86083],[0.02042,50.86278],[0.02012,50.86423],[0.02091,50.86515],[0.02337,50.86604],[0.02383,50.86924],[0.02237,50.87158],[0.01663,50.87319],[0.01542,50.87628],[0.01035,50.87886],[0.00701,50.87937],[0.00577,50.87985],[0.0045,50.88105],[0.00089,50.88336],[0.00036,50.88472],[-0.00206,50.88604],[-0.00279,50.88743],[-0.00067,50.8892],[0.00918,50.89509],[0.01003,50.89545],[0.0108,50.89348],[0.01196,50.89288],[0.01624,50.88906],[0.0158,50.88753],[0.01131,50.88649],[0.00916,50.88829],[0.00518,50.88897],[0.00138,50.88865],[0.00001,50.88911],[-0.00238,50.88702],[-0.0016,50.88607],[0.00081,50.88484],[0.001,50.88367],[0.00488,50.88132],[0.00607,50.87993],[0.01012,50.87923],[0.01575,50.87635],[0.01686,50.87328],[0.02302,50.87169],[0.02411,50.87007],[0.02391,50.86609],[0.02069,50.86452],[0.02115,50.86241],[0.02369,50.86107],[0.02732,50.85757],[0.03083,50.85604],[0.03486,50.8505],[0.0376,50.84854],[0.03856,50.84617],[0.0366,50.84512],[0.03393,50.84507],[0.03313,50.84362],[0.03326,50.8415],[0.03191,50.83952],[0.03047,50.83604],[0.02802,50.83505],[0.02643,50.83306],[0.02621,50.83103],[0.02851,50.82191],[0.0268,50.81685],[0.02714,50.81521],[0.03098,50.81439],[0.03402,50.81054],[0.03859,50.80971],[0.04202,50.80992],[0.04451,50.80862],[0.04541,50.80646],[0.04787,50.80443],[0.04799,50.80179],[0.04852,50.80051],[0.05007,50.79947],[0.04987,50.79855],[0.05252,50.79504],[0.05496,50.78851],[0.05568,50.78839],[0.05743,50.78366],[0.05834,50.78214],[0.06216,50.78267],[0.06674,50.7824],[0.0703,50.78157],[0.07774,50.77905],[0.09171,50.77269],[0.1044,50.76611],[0.10773,50.76377],[0.11022,50.7639],[0.11177,50.76277],[0.11325,50.76256],[0.11499,50.761],[0.11839,50.75997],[0.12197,50.7583],[0.12525,50.75766],[0.13045,50.75719],[0.13343,50.75638],[0.13791,50.75585],[0.1413,50.75656],[0.1464,50.75913],[0.14798,50.76036],[0.14894,50.75906],[0.15414,50.75763],[0.15783,50.75603],[0.16341,50.75483],[0.16512,50.75408],[0.17053,50.75272],[0.17288,50.7514],[0.17629,50.75108],[0.17934,50.74972],[0.18208,50.74958],[0.18714,50.74844],[0.19138,50.7471],[0.19977,50.74334],[0.20461,50.74003],[0.20716,50.73905],[0.21467,50.73797],[0.21809,50.73707],[0.2233,50.73696],[0.22657,50.73622],[0.23509,50.7356],[0.23989,50.73443],[0.24844,50.73661],[0.25266,50.73734],[0.2581,50.73759],[0.26046,50.73864],[0.26216,50.74041],[0.26562,50.74659],[0.27049,50.7513],[0.27362,50.75375],[0.27779,50.75632],[0.28643,50.76024],[0.28858,50.76299],[0.29174,50.76591],[0.29479,50.76803],[0.29708,50.77089],[0.30187,50.77378],[0.30288,50.77517],[0.30731,50.77703],[0.30988,50.77878],[0.31582,50.78096],[0.32662,50.78404],[0.32883,50.78517],[0.33135,50.78749],[0.32745,50.78893],[0.3276,50.79059],[0.32957,50.79274],[0.33171,50.79205],[0.32963,50.78947],[0.33059,50.78918],[0.33314,50.79266],[0.33931,50.79914],[0.34373,50.8045],[0.34858,50.80885],[0.35132,50.8106],[0.36359,50.81612],[0.38983,50.82408],[0.39751,50.82589],[0.39967,50.82668],[0.41295,50.83014],[0.41932,50.83131],[0.42729,50.83203],[0.46322,50.83587],[0.47618,50.83705],[0.48106,50.83765],[0.48332,50.83864],[0.48623,50.83932],[0.4983,50.84124],[0.50071,50.84226],[0.50968,50.84415],[0.5128,50.8451],[0.51477,50.84637],[0.51969,50.84782],[0.52974,50.84924],[0.53449,50.84926],[0.53682,50.84989],[0.5581,50.85044],[0.56271,50.85148],[0.57171,50.85301],[0.57429,50.85313],[0.57779,50.85404],[0.58677,50.85389],[0.5921,50.85343],[0.59336,50.85465],[0.5974,50.8547],[0.59725,50.8558],[0.59934,50.85691],[0.60251,50.85739],[0.60885,50.85992],[0.61257,50.8601],[0.61637,50.86087],[0.62015,50.86078],[0.62444,50.86135],[0.62923,50.8629],[0.63134,50.86502],[0.63434,50.86547],[0.63882,50.8671],[0.64655,50.86791],[0.65044,50.86785],[0.65243,50.86905],[0.66003,50.87011],[0.66429,50.8717],[0.66602,50.87204],[0.67008,50.87396],[0.67052,50.87559],[0.67262,50.87706],[0.67306,50.87815],[0.679,50.88118],[0.68223,50.88576],[0.68356,50.88627],[0.68579,50.88817],[0.69466,50.89353],[0.69754,50.89477],[0.70981,50.90198],[0.72016,50.90847],[0.7269,50.91158],[0.72973,50.91342],[0.73525,50.91583],[0.74284,50.91853],[0.75234,50.92322],[0.7616,50.92554],[0.774,50.928],[0.77285,50.92885],[0.76456,50.93851],[0.7634,50.93952],[0.76074,50.94069],[0.75289,50.94215],[0.75335,50.94296],[0.76111,50.94134],[0.76441,50.93971],[0.76545,50.93827],[0.77201,50.93125],[0.77437,50.93189],[0.77852,50.93206],[0.78696,50.93322],[0.79338,50.93299],[0.80861,50.9305],[0.8124,50.93025],[0.83184,50.9269],[0.83906,50.92633],[0.85508,50.92391],[0.89621,50.91779],[0.93638,50.91275],[0.95241,50.9114],[0.9607,50.91101],[0.97055,50.91092],[0.97429,50.91116],[0.97674,50.91166],[0.97984,50.9133],[0.98151,50.91474],[0.98258,50.9176],[0.98228,50.92115],[0.98138,50.92394],[0.97925,50.92614],[0.9725,50.93627],[0.96666,50.95072],[0.96403,50.96156],[0.96435,50.96806],[0.96614,50.9741],[0.96672,50.97481],[0.96775,50.97853],[0.96991,50.98342],[0.97353,50.99456],[0.97721,51.00261],[0.98435,51.01323],[0.98989,51.01882],[0.99675,51.02459],[1.0068,51.03163],[1.01631,51.03642],[1.02105,51.03945],[1.03469,51.04708],[1.03744,51.04876],[1.03937,51.05042],[1.05003,51.0552],[1.06045,51.05912],[1.07556,51.06354],[1.08527,51.06518],[1.08617,51.06574],[1.09442,51.06702],[1.09489,51.06742],[1.10078,51.06835],[1.1164,51.07031],[1.1246,51.07091],[1.12562,51.0713],[1.14538,51.07288],[1.15652,51.07309],[1.16301,51.07272],[1.16349,51.07312],[1.17066,51.07334],[1.17151,51.0743],[1.1739,51.07461],[1.17759,51.07595],[1.18652,51.07638],[1.18981,51.07739],[1.18994,51.07905],[1.1862,51.07849],[1.18551,51.07942],[1.18738,51.08029],[1.19004,51.08084],[1.19156,51.08206],[1.19479,51.08272],[1.19932,51.08319],[1.20109,51.08499],[1.2013,51.08868],[1.20571,51.09271],[1.20847,51.09413],[1.21038,51.09432],[1.21328,51.09621],[1.21555,51.09716],[1.22114,51.09809],[1.22659,51.0996],[1.23858,51.10061],[1.24717,51.10092],[1.24995,51.09981],[1.25303,51.10146],[1.2615,51.10263],[1.26234,51.10181],[1.26766,51.10174],[1.28161,51.10578],[1.28122,51.10752],[1.28219,51.10796],[1.29444,51.10955],[1.29691,51.11214],[1.3023,51.11337],[1.31279,51.11441],[1.31455,51.11282],[1.31821,51.11151],[1.31921,51.11205],[1.31414,51.11444],[1.31504,51.11549],[1.31295,51.11645],[1.31011,51.11679],[1.31261,51.11889],[1.31293,51.117],[1.31644,51.11548],[1.31854,51.11642],[1.32164,51.11508],[1.32006,51.11763],[1.31809,51.11755],[1.31535,51.11831],[1.31338,51.11947],[1.31651,51.12304],[1.32101,51.12469],[1.32668,51.12564],[1.32897,51.12326],[1.33333,51.12468],[1.33666,51.12705],[1.34272,51.12689],[1.34256,51.13048],[1.34743,51.13294],[1.35286,51.13356],[1.35611,51.13441],[1.35732,51.13415],[1.36172,51.13563],[1.36406,51.13594],[1.37231,51.13882],[1.37677,51.1408],[1.38328,51.14581],[1.38456,51.1498],[1.38895,51.1524],[1.39396,51.15589],[1.39696,51.15943],[1.40076,51.16475],[1.40211,51.16701],[1.40198,51.16831],[1.40358,51.17093],[1.40466,51.17402],[1.40512,51.1797],[1.4039,51.1808],[1.40555,51.186],[1.40545,51.19064],[1.40491,51.19228],[1.40513,51.19928],[1.40498,51.20342],[1.40421,51.21016],[1.40505,51.2185],[1.40505,51.22827],[1.40402,51.23448],[1.39939,51.24636],[1.39395,51.25654],[1.39059,51.26352],[1.38201,51.27856],[1.37811,51.28697],[1.37801,51.2888],[1.37579,51.29709],[1.37447,51.30786],[1.37241,51.31331],[1.36865,51.31552],[1.36775,51.31702],[1.36578,51.31644],[1.36591,51.31397],[1.36417,51.31205],[1.36012,51.31183],[1.35613,51.30934],[1.35361,51.30707],[1.34927,51.30157],[1.35026,51.29934],[1.35339,51.29945],[1.35524,51.29879],[1.35627,51.29712],[1.35473,51.29581],[1.35206,51.29715],[1.3489,51.29628],[1.34698,51.2929],[1.35081,51.29042],[1.35455,51.28964],[1.35489,51.28853],[1.3532,51.2876],[1.35132,51.28857],[1.34982,51.2883],[1.35029,51.28569],[1.35259,51.28433],[1.351,51.28074],[1.35376,51.28058],[1.35701,51.27842],[1.35614,51.27755],[1.35333,51.27774],[1.35161,51.27673],[1.35197,51.27513],[1.34775,51.27419],[1.34582,51.27515],[1.34217,51.27576],[1.33858,51.27773],[1.33858,51.27845],[1.33999,51.27969],[1.33651,51.28182],[1.33535,51.28188],[1.33345,51.28062],[1.33071,51.28207],[1.33144,51.28396],[1.32915,51.28513],[1.32813,51.2869],[1.32983,51.28843],[1.33114,51.29064],[1.33447,51.29347],[1.33771,51.29262],[1.34011,51.29366],[1.34303,51.29683],[1.34568,51.3022],[1.34576,51.30516],[1.34506,51.30812],[1.34334,51.31024],[1.33974,51.31254],[1.33537,51.31363],[1.33213,51.31269],[1.33166,51.31278],[1.33026,51.31418],[1.32523,51.31682],[1.32154,51.31699],[1.31442,51.3179],[1.31158,51.31685],[1.30937,51.31676],[1.30042,51.31824],[1.29553,51.32014],[1.28973,51.32132],[1.28368,51.32127],[1.28086,51.31999],[1.27733,51.31988],[1.27303,51.32044],[1.27095,51.3215],[1.2684,51.32206],[1.26322,51.32206],[1.25731,51.32329],[1.25264,51.32618],[1.25198,51.32838],[1.2507,51.32929],[1.24827,51.32837],[1.24574,51.32857],[1.2415,51.33063],[1.23517,51.33063],[1.23259,51.33228],[1.23088,51.33147],[1.23211,51.33031],[1.23241,51.32883],[1.2304,51.32847],[1.22812,51.32686],[1.22963,51.32596],[1.22731,51.32532],[1.22458,51.3252],[1.22318,51.32412],[1.22098,51.32377],[1.22036,51.32291],[1.21829,51.3221],[1.21765,51.3209],[1.21519,51.32044],[1.21443,51.32165],[1.20963,51.32333],[1.20593,51.32366],[1.20289,51.323],[1.19906,51.32107],[1.19948,51.31969],[1.19634,51.31908],[1.19419,51.31679],[1.19001,51.31644],[1.18888,51.31472],[1.1872,51.31422],[1.18425,51.31498],[1.18144,51.31417],[1.17811,51.31382],[1.17842,51.31275],[1.17779,51.31152],[1.17453,51.31216],[1.17188,51.31173],[1.17096,51.31024],[1.16589,51.30781],[1.16573,51.30568],[1.16192,51.30501],[1.15951,51.30615],[1.15952,51.30753],[1.16316,51.30942],[1.16654,51.30916],[1.17065,51.31033],[1.17101,51.31162],[1.17448,51.31237],[1.17782,51.31169],[1.17772,51.31373],[1.17852,51.3141],[1.1815,51.31437],[1.18409,51.31517],[1.18783,51.31444],[1.18985,51.3166],[1.19405,51.31693],[1.19644,51.31929],[1.19924,51.31976],[1.19884,51.3212],[1.20237,51.32323],[1.20565,51.32384],[1.20964,51.32357],[1.21072,51.32396],[1.21252,51.32246],[1.21466,51.32181],[1.21575,51.3207],[1.21753,51.32112],[1.21787,51.32215],[1.22015,51.32308],[1.22059,51.324],[1.22288,51.32427],[1.22415,51.32527],[1.22683,51.32554],[1.22779,51.32681],[1.23031,51.32866],[1.23219,51.32899],[1.23041,51.33168],[1.23189,51.3324],[1.23406,51.33229],[1.23555,51.33073],[1.24216,51.33071],[1.24565,51.3288],[1.24832,51.32861],[1.24983,51.32938],[1.25084,51.32947],[1.25191,51.32892],[1.25319,51.32599],[1.25795,51.32342],[1.26331,51.32222],[1.26813,51.32234],[1.27077,51.3218],[1.27303,51.32066],[1.2755,51.32022],[1.28091,51.32022],[1.28322,51.32134],[1.28483,51.32153],[1.29085,51.32139],[1.29611,51.32014],[1.29981,51.31856],[1.3102,51.31695],[1.31393,51.31806],[1.32554,51.31691],[1.33039,51.31434],[1.33178,51.31294],[1.33541,51.31381],[1.33943,51.31291],[1.34341,51.31046],[1.34542,51.30799],[1.34607,51.30511],[1.34603,51.30195],[1.34838,51.30177],[1.35433,51.30917],[1.35879,51.31222],[1.36158,51.31315],[1.36344,51.313],[1.36438,51.31382],[1.36453,51.31563],[1.36544,51.31736],[1.36319,51.31777],[1.36285,51.32005],[1.36428,51.32198],[1.36747,51.32442],[1.371,51.32598],[1.37406,51.32648],[1.37424,51.3276],[1.37775,51.32926],[1.38235,51.32901],[1.38803,51.32712],[1.39102,51.32706],[1.3993,51.32606],[1.40751,51.32657],[1.40928,51.3269],[1.41139,51.32393],[1.41553,51.32382],[1.41424,51.32516],[1.41457,51.32749],[1.41838,51.32855],[1.41807,51.32909],[1.42103,51.331],[1.42485,51.33142],[1.42995,51.33626],[1.4329,51.33846],[1.43635,51.34271],[1.4374,51.34473],[1.43892,51.34631],[1.43964,51.34856],[1.44105,51.34882],[1.4422,51.35013],[1.44229,51.35194],[1.44344,51.35432],[1.44275,51.35543],[1.44372,51.35631],[1.44343,51.35812],[1.4459,51.3584],[1.4453,51.36298],[1.44531,51.36631],[1.44581,51.36764],[1.44813,51.36938],[1.44838,51.37217],[1.4495,51.37476],[1.44955,51.37748],[1.44603,51.38011],[1.44506,51.38289],[1.44252,51.38379],[1.44096,51.38493],[1.44194,51.38717],[1.43754,51.38825],[1.43475,51.38929],[1.42899,51.39192],[1.42685,51.39324],[1.42496,51.39378],[1.42296,51.39247],[1.41923,51.39158],[1.40883,51.3923],[1.40784,51.39317],[1.40542,51.39226],[1.39176,51.39256],[1.38991,51.39279],[1.38445,51.3926],[1.381,51.39134],[1.38113,51.39024],[1.3793,51.38866],[1.37692,51.38784],[1.37099,51.38692],[1.36723,51.38687],[1.36662,51.38625],[1.36365,51.38581],[1.35858,51.38569],[1.35337,51.38714],[1.35065,51.38694],[1.34871,51.38589],[1.34614,51.38588],[1.34521,51.38513],[1.3409,51.38483],[1.33492,51.38635],[1.33323,51.38552],[1.33329,51.38341],[1.33124,51.3825],[1.32799,51.38194],[1.32476,51.38237],[1.31628,51.38168],[1.31574,51.38057],[1.31341,51.38056],[1.31179,51.38155],[1.30867,51.38127],[1.30429,51.38156],[1.30182,51.38203],[1.29917,51.38319],[1.29596,51.38244],[1.29286,51.38235],[1.29009,51.38277],[1.28691,51.38191],[1.28593,51.38047],[1.28291,51.37914],[1.27856,51.37794],[1.2732,51.37753],[1.26866,51.37759],[1.26632,51.37804],[1.25878,51.37748],[1.25772,51.37714],[1.25107,51.37713],[1.22882,51.37904],[1.21584,51.38008],[1.19934,51.37989],[1.19646,51.37894],[1.19211,51.37797],[1.18244,51.37732],[1.17835,51.37671],[1.17316,51.37542],[1.1661,51.37451],[1.14908,51.37314],[1.13675,51.37304],[1.12665,51.37349],[1.11912,51.37216],[1.11274,51.372],[1.09898,51.37262],[1.09851,51.37054],[1.09694,51.36923],[1.09507,51.36863],[1.08891,51.36814],[1.08229,51.36831],[1.07437,51.36894],[1.06817,51.36895],[1.06646,51.36853],[1.06573,51.36729],[1.06316,51.3663],[1.05975,51.36583],[1.05425,51.36564],[1.03318,51.36558],[1.03064,51.36451],[1.02521,51.36452],[1.02542,51.36316],[1.02254,51.36133],[1.02159,51.35987],[1.01979,51.35902],[1.01733,51.3571],[1.01539,51.35507],[1.01363,51.35392],[1.01285,51.35251],[1.0077,51.34994],[1.00144,51.34831],[0.99027,51.3468],[0.98231,51.34696],[0.97684,51.34619],[0.96811,51.34649],[0.964,51.34555],[0.96045,51.34516],[0.95575,51.34514],[0.9504,51.3456],[0.93936,51.34682],[0.93351,51.34654],[0.92822,51.3453],[0.92205,51.34555],[0.91703,51.3452],[0.91711,51.34415],[0.91455,51.34348],[0.91062,51.34387],[0.90474,51.34305],[0.89963,51.34178],[0.89677,51.34144],[0.896,51.34047],[0.89579,51.33662],[0.8993,51.33501],[0.90162,51.33616],[0.90401,51.33666],[0.90999,51.33544],[0.91145,51.3346],[0.91322,51.33195],[0.91207,51.33156],[0.91121,51.33393],[0.90978,51.33489],[0.90339,51.33553],[0.89897,51.33394],[0.8946,51.33634],[0.89225,51.33408],[0.8891,51.33315],[0.88558,51.33252],[0.88205,51.32955],[0.88198,51.33113],[0.88627,51.33349],[0.89099,51.3341],[0.89258,51.33503],[0.89421,51.33824],[0.89417,51.34297],[0.89679,51.34463],[0.89297,51.34506],[0.88929,51.34659],[0.88774,51.34656],[0.8861,51.34784],[0.88281,51.34938],[0.87786,51.35308],[0.87435,51.35426],[0.8719,51.35443],[0.86616,51.35585],[0.86225,51.35633],[0.85182,51.35449],[0.84292,51.35452],[0.83785,51.35379],[0.83448,51.35436],[0.83204,51.35405],[0.82826,51.3546],[0.82247,51.35467],[0.82154,51.35561],[0.81719,51.35635],[0.81263,51.35255],[0.81079,51.35054],[0.8097,51.35169],[0.81015,51.35308],[0.81375,51.3555],[0.81472,51.35683],[0.81441,51.35819],[0.81079,51.35925],[0.80642,51.35992],[0.78218,51.36081],[0.77784,51.36174],[0.77456,51.36142],[0.77069,51.36231],[0.76595,51.36217],[0.76452,51.36089],[0.76031,51.3607],[0.7591,51.35939],[0.75761,51.35461],[0.75442,51.35039],[0.75267,51.34967],[0.7506,51.35066],[0.75267,51.35154],[0.75554,51.35349],[0.75686,51.35578],[0.75729,51.35988],[0.75845,51.36174],[0.76446,51.36303],[0.76337,51.36542],[0.76323,51.3674],[0.76164,51.36796],[0.76172,51.36922],[0.75938,51.37027],[0.76105,51.3729],[0.7599,51.37482],[0.76203,51.37602],[0.75994,51.37682],[0.76298,51.37916],[0.76371,51.38196],[0.76273,51.38434],[0.75467,51.38628],[0.75132,51.38761],[0.74801,51.39041],[0.74345,51.39388],[0.73857,51.39596],[0.7358,51.39415],[0.73475,51.39566],[0.73014,51.39698],[0.72644,51.39902],[0.72308,51.40582],[0.72115,51.40846],[0.71827,51.41161],[0.71688,51.41262],[0.71732,51.41483],[0.72142,51.41755],[0.72041,51.41855],[0.71541,51.41959],[0.71241,51.41922],[0.70806,51.41815],[0.70589,51.41979],[0.69907,51.42139],[0.69865,51.41907],[0.69755,51.41826],[0.69812,51.41257],[0.69902,51.41247],[0.70004,51.41035],[0.70335,51.40895],[0.70251,51.40832],[0.69746,51.40895],[0.69588,51.40721],[0.69769,51.40279],[0.70044,51.3988],[0.70251,51.39902],[0.70454,51.39854],[0.70179,51.39731],[0.70195,51.39609],[0.70344,51.39516],[0.70723,51.39482],[0.70929,51.39397],[0.71192,51.39152],[0.71727,51.39012],[0.71903,51.38913],[0.7192,51.38811],[0.7169,51.38798],[0.71547,51.38647],[0.71436,51.38418],[0.71101,51.38312],[0.70614,51.3826],[0.70194,51.38146],[0.70083,51.38199],[0.69888,51.38085],[0.69638,51.38044],[0.69361,51.38201],[0.69481,51.38292],[0.69475,51.38484],[0.69883,51.38761],[0.69867,51.38953],[0.70242,51.39104],[0.70249,51.39236],[0.69822,51.39398],[0.69591,51.3927],[0.69146,51.39196],[0.68653,51.39144],[0.68443,51.38954],[0.68294,51.3863],[0.68259,51.38457],[0.68336,51.38283],[0.68142,51.37985],[0.67776,51.37945],[0.67651,51.37842],[0.675,51.37577],[0.6714,51.37608],[0.67162,51.37727],[0.66891,51.37851],[0.66687,51.37878],[0.66622,51.37977],[0.66721,51.38222],[0.66599,51.38282],[0.66369,51.38269],[0.66027,51.38379],[0.66124,51.38455],[0.66156,51.3869],[0.65888,51.38907],[0.65861,51.39056],[0.65746,51.39137],[0.65747,51.39269],[0.65403,51.39398],[0.65181,51.39585],[0.64801,51.39756],[0.64453,51.39664],[0.64298,51.39573],[0.63996,51.39507],[0.64133,51.39369],[0.64173,51.39115],[0.63966,51.38974],[0.64112,51.38872],[0.64011,51.38662],[0.63837,51.38658],[0.63595,51.38301],[0.6319,51.3824],[0.62801,51.37819],[0.62695,51.37474],[0.6237,51.37643],[0.62322,51.37792],[0.62385,51.37949],[0.62524,51.38024],[0.62485,51.3812],[0.6281,51.38221],[0.63041,51.38435],[0.63333,51.38451],[0.63566,51.38702],[0.63454,51.38907],[0.63166,51.38822],[0.62655,51.38826],[0.62169,51.38697],[0.6216,51.38367],[0.62196,51.3826],[0.61637,51.37798],[0.61398,51.37849],[0.60989,51.38077],[0.60826,51.38035],[0.60502,51.38141],[0.60237,51.38342],[0.59888,51.3847],[0.59876,51.38577],[0.59669,51.3869],[0.59464,51.38654],[0.59259,51.38853],[0.5929,51.39026],[0.58768,51.39091],[0.58553,51.39003],[0.58238,51.39027],[0.58025,51.391],[0.57735,51.39055],[0.57638,51.39184],[0.57449,51.39283],[0.57225,51.39264],[0.5687,51.39372],[0.56797,51.39456],[0.56533,51.39513],[0.56368,51.3961],[0.56172,51.39603],[0.56191,51.39792],[0.5597,51.39799],[0.55871,51.39626],[0.55558,51.39891],[0.55266,51.39941],[0.55329,51.40042],[0.54839,51.40742],[0.54406,51.40914],[0.53989,51.41003],[0.53724,51.41026],[0.53521,51.40954],[0.53251,51.40662],[0.53112,51.40248],[0.52888,51.39925],[0.52606,51.39595],[0.52394,51.38968],[0.52285,51.38767],[0.52342,51.38656],[0.52166,51.38466],[0.51733,51.38372],[0.51545,51.38408],[0.51086,51.38668],[0.51119,51.38873],[0.50962,51.3935],[0.50865,51.39422],[0.50539,51.39348],[0.50162,51.3917],[0.50065,51.39046],[0.49629,51.38743],[0.49672,51.38458],[0.49464,51.38252],[0.49163,51.38029],[0.48886,51.37886],[0.4852,51.37848],[0.48213,51.37872],[0.48039,51.37737],[0.48115,51.37622],[0.47652,51.37458],[0.46769,51.3734],[0.46395,51.3708],[0.45699,51.36804],[0.4516,51.36611],[0.45026,51.36422],[0.45071,51.35936],[0.45562,51.35608],[0.45768,51.35214],[0.45744,51.35103],[0.45544,51.3494],[0.44965,51.34807],[0.45333,51.34597],[0.4533,51.34216],[0.45513,51.34039],[0.45821,51.33592],[0.45737,51.33464],[0.45166,51.33321],[0.45133,51.33053],[0.45234,51.32947],[0.45502,51.32927],[0.45718,51.33106],[0.45895,51.33127],[0.4604,51.33012],[0.45969,51.32909],[0.45661,51.32753],[0.45732,51.32628],[0.46,51.32634],[0.46098,51.32558],[0.46058,51.32328],[0.45853,51.32197],[0.45695,51.31851],[0.45631,51.31859],[0.4576,51.3223],[0.45975,51.32435],[0.45994,51.32566],[0.45659,51.3256],[0.45521,51.32712],[0.45689,51.32881],[0.45929,51.32991],[0.45782,51.33052],[0.45658,51.32907],[0.45509,51.32851],[0.45244,51.32852],[0.45046,51.32991],[0.45036,51.33223],[0.45194,51.33437],[0.45409,51.33459],[0.45718,51.33564],[0.45686,51.33666],[0.45144,51.34265],[0.45201,51.34504],[0.44801,51.3474],[0.44974,51.34937],[0.45528,51.35075],[0.45592,51.35211],[0.45475,51.35326],[0.45352,51.35577],[0.44943,51.35802],[0.44823,51.35946],[0.44857,51.36147],[0.44822,51.36383],[0.44981,51.36663],[0.4566,51.37017],[0.45892,51.37102],[0.46467,51.37462],[0.46788,51.37573],[0.47303,51.37639],[0.47608,51.37931],[0.48106,51.38147],[0.48572,51.38219],[0.48734,51.38179],[0.49,51.38206],[0.49166,51.38421],[0.49049,51.38615],[0.49019,51.38804],[0.49285,51.39111],[0.49608,51.3923],[0.49857,51.39226],[0.50165,51.39489],[0.50379,51.39716],[0.50869,51.39652],[0.511,51.39464],[0.51489,51.38886],[0.51759,51.38705],[0.51901,51.38699],[0.52116,51.39114],[0.52129,51.39335],[0.52056,51.39426],[0.52107,51.39585],[0.52218,51.3963],[0.52299,51.39803],[0.52077,51.39938],[0.52293,51.39977],[0.5262,51.40262],[0.52632,51.40538],[0.52884,51.40983],[0.53066,51.41177],[0.53453,51.41331],[0.53789,51.41362],[0.54585,51.41206],[0.54902,51.41233],[0.5553,51.41232],[0.5596,51.41127],[0.56245,51.41124],[0.56125,51.4098],[0.56355,51.40955],[0.56398,51.41114],[0.56602,51.41133],[0.56847,51.41332],[0.57133,51.41305],[0.57378,51.4135],[0.57549,51.41547],[0.57851,51.41599],[0.58347,51.4159],[0.58478,51.41557],[0.5865,51.41642],[0.59179,51.41473],[0.59429,51.41521],[0.59718,51.41639],[0.60002,51.41589],[0.607,51.41653],[0.61088,51.4174],[0.61287,51.41918],[0.61556,51.42045],[0.62062,51.42182],[0.62332,51.4241],[0.62212,51.42528],[0.62324,51.42615],[0.61781,51.42773],[0.61526,51.42417],[0.6121,51.42296],[0.60984,51.4214],[0.60605,51.42017],[0.6054,51.42109],[0.60846,51.42171],[0.6101,51.42262],[0.61032,51.42512],[0.61261,51.42794],[0.61233,51.42965],[0.61442,51.42943],[0.61621,51.4313],[0.61877,51.4324],[0.61796,51.43558],[0.619,51.43746],[0.62256,51.43816],[0.62454,51.43788],[0.62615,51.43851],[0.62882,51.44294],[0.63083,51.44352],[0.63385,51.44271],[0.63337,51.44489],[0.63554,51.44512],[0.64,51.44492],[0.64365,51.44424],[0.64811,51.44519],[0.65128,51.44677],[0.65301,51.44655],[0.65481,51.44885],[0.65606,51.44922],[0.6593,51.44898],[0.66234,51.44769],[0.66375,51.44607],[0.66267,51.4441],[0.66336,51.44363],[0.66725,51.44398],[0.66868,51.44563],[0.66945,51.44312],[0.67253,51.44013],[0.67564,51.43991],[0.67674,51.4387],[0.67694,51.43694],[0.67348,51.43477],[0.67572,51.43349],[0.67784,51.43318],[0.68783,51.4335],[0.69069,51.433],[0.69422,51.43364],[0.69824,51.43372],[0.69981,51.43322],[0.70537,51.43386],[0.70714,51.43522],[0.7088,51.43565],[0.71034,51.43483],[0.71336,51.43566],[0.71764,51.43779],[0.72135,51.44153],[0.72164,51.44295],[0.72328,51.44357],[0.72351,51.44671],[0.72273,51.4538],[0.72174,51.45791],[0.72051,51.45976],[0.71839,51.46047],[0.71725,51.46156],[0.71197,51.46443],[0.70303,51.47135],[0.69963,51.47275],[0.69457,51.47238],[0.69335,51.47298],[0.68701,51.4744],[0.68606,51.47509],[0.68093,51.47451],[0.67853,51.47472],[0.67588,51.47313],[0.67129,51.47218],[0.67281,51.46914],[0.67474,51.46793],[0.67956,51.46736],[0.68576,51.4652],[0.6876,51.46219],[0.68349,51.46542],[0.67988,51.46623],[0.67674,51.46645],[0.67356,51.46745],[0.67039,51.47026],[0.67049,51.47247],[0.6697,51.475],[0.66602,51.47551],[0.66331,51.47528],[0.66154,51.47595],[0.65995,51.47767],[0.65051,51.47668],[0.64609,51.47882],[0.64206,51.47897],[0.63509,51.47807],[0.6279,51.47786],[0.62446,51.47735],[0.62112,51.47604],[0.61803,51.47588],[0.61524,51.47511],[0.61308,51.47594],[0.61145,51.4779],[0.61171,51.47879],[0.60143,51.4814],[0.59942,51.4811],[0.59179,51.48318],[0.59025,51.48304],[0.58786,51.48404],[0.58502,51.4838],[0.58497,51.48107],[0.58106,51.48101],[0.57939,51.48036],[0.57604,51.48343],[0.57435,51.48429],[0.56607,51.48407],[0.56004,51.4847],[0.5584,51.4841],[0.55851,51.48272],[0.55411,51.48167],[0.55294,51.48242],[0.55361,51.48494],[0.54687,51.48705],[0.54389,51.48685],[0.53664,51.48559],[0.53066,51.48514],[0.52598,51.48421],[0.52162,51.4848],[0.51591,51.48487],[0.51397,51.48562],[0.50976,51.48531],[0.49262,51.48659],[0.4889,51.48721],[0.48358,51.48725],[0.48025,51.48687],[0.46846,51.48266],[0.46704,51.47943],[0.46409,51.47732],[0.4613,51.47311],[0.46141,51.47205],[0.45936,51.47012],[0.45812,51.46696],[0.45836,51.46647],[0.46218,51.4665],[0.46679,51.46591],[0.46544,51.4647],[0.46046,51.46506],[0.45833,51.46603],[0.45587,51.4651],[0.45435,51.46342],[0.45613,51.46104],[0.45748,51.46084],[0.45861,51.45915],[0.45725,51.45701],[0.45945,51.45502],[0.45717,51.45387],[0.45513,51.45379],[0.45396,51.45267],[0.44899,51.45153],[0.44708,51.45256],[0.44615,51.45167],[0.44073,51.44897],[0.44025,51.44742],[0.43412,51.44751],[0.42847,51.44667],[0.41436,51.44384],[0.40656,51.44327],[0.40042,51.44305],[0.39335,51.44359],[0.38991,51.44318],[0.38788,51.44363],[0.38281,51.44388],[0.3697,51.44523],[0.35593,51.44584],[0.3554,51.44561],[0.34869,51.44593],[0.34852,51.44634],[0.33872,51.44777],[0.32842,51.45085],[0.32218,51.45594],[0.32056,51.45761],[0.31956,51.46024],[0.31705,51.4636],[0.31311,51.46627],[0.31056,51.46677],[0.3097,51.46507],[0.30774,51.46458],[0.30366,51.46115],[0.30268,51.46129],[0.30034,51.45943],[0.30016,51.45799],[0.297,51.45716],[0.29045,51.45452],[0.28445,51.45365],[0.28139,51.4539],[0.27921,51.45352],[0.27422,51.45374],[0.26719,51.45597],[0.26636,51.45683],[0.2624,51.4592],[0.26077,51.46077],[0.2557,51.46213],[0.25394,51.46224],[0.25019,51.46363],[0.24938,51.4648],[0.24213,51.46813],[0.23961,51.46851],[0.23556,51.4719],[0.22911,51.47555],[0.22748,51.47582],[0.22019,51.47949],[0.21806,51.47966],[0.21616,51.47625],[0.21259,51.47544],[0.21225,51.47295],[0.20928,51.47105],[0.21152,51.46908],[0.21179,51.46773],[0.21074,51.46568],[0.21156,51.45891],[0.21085,51.45886],[0.2103,51.46209],[0.20769,51.4613],[0.20486,51.45988],[0.20305,51.45795],[0.20261,51.45623],[0.20387,51.4558],[0.20339,51.45433],[0.19741,51.45177],[0.19629,51.45248],[0.19208,51.45084],[0.19101,51.44879],[0.18764,51.44872],[0.18739,51.44688],[0.18415,51.44464],[0.17872,51.44352],[0.17604,51.44199],[0.17284,51.44329],[0.17089,51.4412],[0.16871,51.43748],[0.16669,51.43505],[0.16685,51.43207],[0.16392,51.42893],[0.15588,51.43088],[0.1553,51.42898],[0.15376,51.42752],[0.15313,51.42232],[0.15116,51.42043],[0.15464,51.41847],[0.15409,51.41776],[0.15106,51.41762],[0.15115,51.41506],[0.14916,51.41244],[0.14975,51.41166],[0.15377,51.41127],[0.15293,51.40871],[0.14931,51.40914],[0.14869,51.40813],[0.1511,51.40664],[0.15282,51.40627],[0.15525,51.40397],[0.15736,51.40078],[0.15773,51.39815],[0.15898,51.39582],[0.16238,51.39249],[0.15827,51.39224],[0.14774,51.3928],[0.14753,51.39216],[0.14984,51.39087],[0.14865,51.38867],[0.14999,51.38584],[0.15047,51.38345],[0.15037,51.38109],[0.14961,51.38009],[0.15324,51.37804],[0.15174,51.37544],[0.1496,51.37358],[0.15121,51.37219],[0.15013,51.37016],[0.15206,51.36969],[0.15162,51.36838],[0.14944,51.36916],[0.14728,51.36701],[0.14835,51.36637],[0.14505,51.36285],[0.1445,51.36106],[0.14539,51.36034],[0.14485,51.35844],[0.1459,51.35822],[0.14511,51.35576],[0.14405,51.35486],[0.14288,51.35266],[0.14262,51.35073],[0.13871,51.34752],[0.1372,51.34587],[0.13696,51.34417],[0.13167,51.34519],[0.12521,51.34587],[0.12224,51.34466],[0.11846,51.34415],[0.11723,51.34316],[0.11668,51.3413],[0.12001,51.33474],[0.12168,51.33364],[0.12025,51.33214],[0.11574,51.32951],[0.11421,51.3274],[0.11015,51.32804],[0.10976,51.32668],[0.10724,51.32752],[0.1049,51.32741],[0.10324,51.326],[0.10079,51.32559],[0.10018,51.32407],[0.09618,51.32129],[0.09278,51.31981],[0.08779,51.31831],[0.08503,51.31602],[0.08564,51.31478],[0.08507,51.3126],[0.08357,51.31053],[0.08475,51.30835],[0.08488,51.30604],[0.08282,51.30563],[0.08543,51.30252],[0.08621,51.30017],[0.0894,51.29776],[0.09118,51.29683],[0.08926,51.29609],[0.08569,51.29308],[0.08158,51.29184],[0.07337,51.29161],[0.06756,51.29038],[0.05851,51.28935],[0.05605,51.2924],[0.05439,51.29209],[0.05079,51.29399],[0.0485,51.29372],[0.04573,51.294],[0.04477,51.29309],[0.0424,51.29267],[0.04331,51.29658],[0.0443,51.29858],[0.04309,51.29905],[0.04262,51.30133],[0.03634,51.30586],[0.03291,51.30752],[0.03028,51.30556],[0.02798,51.30469],[0.02484,51.30215],[0.0236,51.2997],[0.02095,51.29678],[0.02087,51.29557],[0.0191,51.29168],[0.01501,51.29179],[0.01214,51.29962],[0.00839,51.31056],[0.01035,51.31615],[0.0066,51.31568],[0.00555,51.31844],[0.00487,51.32208],[0.00226,51.32913],[-0.0005,51.32878],[-0.00168,51.33031],[-0.00721,51.33339],[-0.01095,51.33368],[-0.01364,51.33153],[-0.01604,51.33205],[-0.01786,51.33302],[-0.02059,51.3372],[-0.02215,51.33813],[-0.02613,51.33855],[-0.03078,51.33747],[-0.03282,51.33742],[-0.03792,51.33872],[-0.03965,51.33748],[-0.04199,51.33386],[-0.04661,51.33354],[-0.05028,51.33264],[-0.05108,51.33085],[-0.04907,51.32861],[-0.04783,51.32651],[-0.04787,51.32525],[-0.04977,51.32527],[-0.05253,51.32242],[-0.05486,51.32128],[-0.05621,51.32168],[-0.05839,51.32038],[-0.06066,51.32006],[-0.06399,51.31864],[-0.07007,51.3189],[-0.07102,51.32122],[-0.07494,51.32024],[-0.07891,51.31977],[-0.07883,51.3181],[-0.08018,51.31784],[-0.0848,51.31587],[-0.08189,51.31261],[-0.08193,51.31065],[-0.08676,51.30879],[-0.08883,51.30722],[-0.0887,51.30515],[-0.09117,51.30339],[-0.09122,51.30148],[-0.09482,51.30062],[-0.096,51.30151],[-0.0974,51.30038],[-0.09428,51.29944],[-0.10055,51.29645],[-0.10264,51.29601],[-0.11105,51.29225],[-0.11473,51.29245],[-0.11694,51.28949],[-0.11779,51.28718],[-0.1243,51.28679],[-0.12605,51.2884],[-0.12633,51.28966],[-0.13029,51.29289],[-0.13133,51.29462],[-0.13104,51.29548],[-0.13436,51.29838],[-0.13617,51.29828],[-0.13721,51.30074],[-0.14086,51.29958],[-0.14284,51.30003],[-0.14358,51.30124],[-0.14563,51.29983],[-0.14845,51.3007],[-0.14981,51.3002],[-0.15336,51.30168],[-0.15532,51.30127],[-0.15668,51.30359],[-0.15774,51.30443],[-0.15502,51.30579],[-0.15716,51.30671],[-0.15432,51.31032],[-0.15833,51.31099],[-0.15717,51.31339],[-0.15931,51.31596],[-0.15958,51.3171],[-0.16118,51.31752],[-0.16188,51.31963],[-0.15652,51.32149],[-0.15863,51.32398],[-0.1606,51.32324],[-0.16419,51.32604],[-0.16436,51.32813],[-0.16229,51.32889],[-0.16308,51.33026],[-0.17007,51.32947],[-0.17285,51.33001],[-0.17414,51.33321],[-0.17502,51.33381],[-0.18746,51.34081],[-0.19323,51.34263],[-0.19732,51.3436],[-0.19956,51.34188],[-0.2012,51.33988],[-0.20205,51.34014],[-0.21305,51.33555],[-0.21197,51.33333],[-0.21423,51.33025],[-0.21609,51.3298],[-0.22084,51.3298],[-0.22982,51.33652],[-0.22683,51.33789],[-0.22409,51.34004],[-0.21726,51.34339],[-0.21778,51.34563],[-0.22019,51.35008],[-0.22042,51.35142],[-0.22209,51.35132],[-0.22197,51.35353],[-0.22274,51.35709],[-0.22406,51.35927],[-0.22694,51.36263],[-0.23319,51.36601],[-0.23395,51.36538],[-0.23678,51.3668],[-0.24089,51.36704],[-0.24115,51.36626],[-0.24538,51.36689],[-0.24468,51.36906],[-0.24503,51.38006],[-0.24847,51.38006],[-0.25186,51.37896],[-0.25388,51.37875],[-0.25821,51.37892],[-0.26099,51.3796],[-0.26227,51.37741],[-0.26462,51.37562],[-0.26904,51.37354],[-0.27245,51.37225],[-0.27402,51.37066],[-0.27583,51.37001],[-0.27656,51.36881],[-0.27982,51.36783],[-0.28216,51.366],[-0.28407,51.36515],[-0.2872,51.36254],[-0.28521,51.36119],[-0.28702,51.3594],[-0.28901,51.35874],[-0.2912,51.35658],[-0.29133,51.35509],[-0.2927,51.35366],[-0.29288,51.35235],[-0.29923,51.34837],[-0.30138,51.3453],[-0.30407,51.34317],[-0.30539,51.33956],[-0.30514,51.33635],[-0.31093,51.33239],[-0.31369,51.33141],[-0.31674,51.32915],[-0.31896,51.32796],[-0.32395,51.32672],[-0.32822,51.32647],[-0.33012,51.32752],[-0.33066,51.32901],[-0.32909,51.33026],[-0.3297,51.33276],[-0.32896,51.34023],[-0.32788,51.34374],[-0.33051,51.34842],[-0.32795,51.35221],[-0.32373,51.35441],[-0.31977,51.35993],[-0.31826,51.3635],[-0.31848,51.36576],[-0.31748,51.37197],[-0.31667,51.37317],[-0.31432,51.37464],[-0.30867,51.37545],[-0.30787,51.37836],[-0.30849,51.3805],[-0.31064,51.38482],[-0.31081,51.38621],[-0.31323,51.38872],[-0.31599,51.38757],[-0.31674,51.38877],[-0.31411,51.39022],[-0.3177,51.39367],[-0.31983,51.39259],[-0.32586,51.39144],[-0.32867,51.39231],[-0.33229,51.39599],[-0.33671,51.39922],[-0.33899,51.40188],[-0.34053,51.40309],[-0.34372,51.4039],[-0.34687,51.40585],[-0.3492,51.40662],[-0.35511,51.40981],[-0.35536,51.41075],[-0.35914,51.4119],[-0.36124,51.41204],[-0.36474,51.41159],[-0.37386,51.40849],[-0.37943,51.40783],[-0.38335,51.40854],[-0.38378,51.41012],[-0.38965,51.41069],[-0.39029,51.41434],[-0.38612,51.41428],[-0.38676,51.41765],[-0.38769,51.41933],[-0.38664,51.42008],[-0.39132,51.42232],[-0.39451,51.42324],[-0.39811,51.42356],[-0.40176,51.42331],[-0.40536,51.42248],[-0.40844,51.42383],[-0.40901,51.42545],[-0.41087,51.42734],[-0.41309,51.42786],[-0.41245,51.42878],[-0.41381,51.43008],[-0.4179,51.43103],[-0.41908,51.43236],[-0.42115,51.43217],[-0.4235,51.43088],[-0.42749,51.43082],[-0.42783,51.42925],[-0.42953,51.4288],[-0.43264,51.42902],[-0.43998,51.43063],[-0.43975,51.43462],[-0.44772,51.435],[-0.44629,51.44],[-0.45366,51.43849],[-0.45648,51.43822],[-0.45539,51.44212],[-0.45744,51.443],[-0.45746,51.44909],[-0.46148,51.44899],[-0.46132,51.45239],[-0.45929,51.45272],[-0.45872,51.45634],[-0.46111,51.45717],[-0.46876,51.45783],[-0.47362,51.45858],[-0.47605,51.46008],[-0.47715,51.46138],[-0.4862,51.46137],[-0.48962,51.4618],[-0.49215,51.46299],[-0.49387,51.46276],[-0.49694,51.46585],[-0.50102,51.46731],[-0.50638,51.46775],[-0.5073,51.46694],[-0.51024,51.4675],[-0.50981,51.46921],[-0.5085,51.46942],[-0.50594,51.47248],[-0.50349,51.48052],[-0.50196,51.48286],[-0.4987,51.48608],[-0.49968,51.48683],[-0.49798,51.48888],[-0.49863,51.48926],[-0.49494,51.49132],[-0.49483,51.49266],[-0.49144,51.49306],[-0.48963,51.49553],[-0.4887,51.49597],[-0.48876,51.5002],[-0.48626,51.50086],[-0.4863,51.50177],[-0.48469,51.5036],[-0.4851,51.50517],[-0.48327,51.50664],[-0.48359,51.50808],[-0.48585,51.50984],[-0.48979,51.51153],[-0.48956,51.51408],[-0.4912,51.51526],[-0.49233,51.51708],[-0.49163,51.5189],[-0.49037,51.52017],[-0.49117,51.52128],[-0.49026,51.52459],[-0.49082,51.52644],[-0.48946,51.52762],[-0.48897,51.52909],[-0.49013,51.53207],[-0.49119,51.53327],[-0.49048,51.53416],[-0.49333,51.53584],[-0.49549,51.53843],[-0.4921,51.54245],[-0.49078,51.54504],[-0.49139,51.54608],[-0.48931,51.54638],[-0.48815,51.54743],[-0.4866,51.55003],[-0.48423,51.55146],[-0.48266,51.55152],[-0.47888,51.55484],[-0.47733,51.55527],[-0.4766,51.55803],[-0.47752,51.56028],[-0.48042,51.56081],[-0.48075,51.56178],[-0.48279,51.56282],[-0.48225,51.56392],[-0.48258,51.56573],[-0.48476,51.56687],[-0.48401,51.5712],[-0.48553,51.57384],[-0.48403,51.57513],[-0.48806,51.57646],[-0.48947,51.57815],[-0.48855,51.57962],[-0.4896,51.58177],[-0.49483,51.58478],[-0.49574,51.58812],[-0.49721,51.58934],[-0.49791,51.59096],[-0.49954,51.59214],[-0.49857,51.59444],[-0.4994,51.59532],[-0.5006,51.59969],[-0.50342,51.59991],[-0.51143,51.59964],[-0.51765,51.60026],[-0.52053,51.60191],[-0.5225,51.60506],[-0.52428,51.6102],[-0.5263,51.61378],[-0.52823,51.6147],[-0.53006,51.61715],[-0.53198,51.62551],[-0.53454,51.6299],[-0.53567,51.63482],[-0.53564,51.63581],[-0.53413,51.63715],[-0.53926,51.63804],[-0.53884,51.64045],[-0.53739,51.64291],[-0.5349,51.64563],[-0.53196,51.64768],[-0.53093,51.64913],[-0.53667,51.65237],[-0.53425,51.65295],[-0.53646,51.65549],[-0.53634,51.66036],[-0.53327,51.66092],[-0.53263,51.66301],[-0.52425,51.65794],[-0.52236,51.65935],[-0.52253,51.66357],[-0.52099,51.66805],[-0.51751,51.66705],[-0.51472,51.66545],[-0.51406,51.66705],[-0.51247,51.6686],[-0.51002,51.66988],[-0.50789,51.67196],[-0.50511,51.67308],[-0.50793,51.67798],[-0.50982,51.67869],[-0.5109,51.67982],[-0.51539,51.67944],[-0.51681,51.6802],[-0.52165,51.67984],[-0.52247,51.67881],[-0.52493,51.67872],[-0.52427,51.68211],[-0.5276,51.68168],[-0.53112,51.68068],[-0.53212,51.68178],[-0.5348,51.68169],[-0.53889,51.67983],[-0.53963,51.68027],[-0.54628,51.68044],[-0.54671,51.683],[-0.54869,51.68265],[-0.54916,51.68487],[-0.54863,51.68701],[-0.54712,51.68921],[-0.5434,51.69278],[-0.54322,51.69514],[-0.54438,51.69725],[-0.54688,51.69864],[-0.54675,51.70132],[-0.54767,51.70318],[-0.55242,51.70404],[-0.55533,51.70553],[-0.55721,51.70708],[-0.55808,51.70848],[-0.56315,51.71168],[-0.56242,51.71587],[-0.5611,51.71808],[-0.55848,51.7193],[-0.55584,51.72182],[-0.55041,51.72304],[-0.5503,51.7244],[-0.55143,51.72517],[-0.5536,51.72841],[-0.55156,51.73004],[-0.55008,51.73058],[-0.5543,51.73234],[-0.553,51.73333],[-0.55452,51.73413],[-0.556,51.73321],[-0.55835,51.73411],[-0.55925,51.73733],[-0.56032,51.73729],[-0.56345,51.73567],[-0.56558,51.73655],[-0.56295,51.73828],[-0.5637,51.73962],[-0.57276,51.73586],[-0.57617,51.73782],[-0.57943,51.74126],[-0.58081,51.74364],[-0.58415,51.74677],[-0.58638,51.75212],[-0.59527,51.75132],[-0.60087,51.75136],[-0.60515,51.74987],[-0.6091,51.74947],[-0.61112,51.7481],[-0.61354,51.7483],[-0.61377,51.75091],[-0.61729,51.75265],[-0.6202,51.75288],[-0.62323,51.75437],[-0.62828,51.75468],[-0.631,51.75304],[-0.63443,51.75311],[-0.64346,51.75402],[-0.64687,51.75601],[-0.6486,51.75855],[-0.6514,51.75996],[-0.6526,51.75948],[-0.65793,51.76287],[-0.66362,51.7648],[-0.6688,51.76578],[-0.67345,51.76848],[-0.676,51.77126],[-0.67609,51.77328],[-0.67737,51.77587],[-0.67619,51.77846],[-0.67749,51.78094],[-0.67913,51.78207],[-0.6794,51.78476],[-0.6815,51.78806],[-0.69019,51.79234],[-0.68397,51.79379],[-0.68219,51.79458],[-0.68402,51.79627],[-0.68265,51.79721],[-0.68876,51.80311],[-0.69255,51.8058],[-0.69628,51.81015],[-0.69914,51.81197],[-0.70115,51.81486],[-0.7093,51.82054],[-0.71185,51.81833],[-0.71434,51.81731],[-0.71921,51.81613],[-0.72365,51.81777],[-0.72896,51.82176],[-0.73043,51.82518],[-0.7315,51.82654],[-0.73785,51.83095],[-0.73671,51.8319],[-0.73788,51.83404],[-0.7448,51.83762],[-0.74574,51.84211],[-0.74144,51.84261],[-0.73638,51.8424],[-0.73462,51.84421],[-0.73292,51.84763],[-0.7312,51.84904],[-0.72727,51.85038],[-0.72531,51.8498],[-0.7226,51.85003],[-0.72202,51.8512],[-0.72258,51.85423],[-0.72034,51.85615],[-0.71576,51.8575],[-0.71056,51.85782],[-0.70916,51.856],[-0.70716,51.8544],[-0.70358,51.85608],[-0.70193,51.85743],[-0.69997,51.85797],[-0.69643,51.85816],[-0.6946,51.85645],[-0.69233,51.85705],[-0.68836,51.85066],[-0.68677,51.84922],[-0.69177,51.84507],[-0.69545,51.84111],[-0.69207,51.84026],[-0.69031,51.84129],[-0.68799,51.83993],[-0.6833,51.83551],[-0.6821,51.83227],[-0.67969,51.82911],[-0.67846,51.82603],[-0.67677,51.82395],[-0.67223,51.81948],[-0.66908,51.81861],[-0.66888,51.8172],[-0.66725,51.81581],[-0.66428,51.81559],[-0.6629,51.81624],[-0.65925,51.81543],[-0.65623,51.81585],[-0.65112,51.81526],[-0.64777,51.81361],[-0.64438,51.81576],[-0.64101,51.81639],[-0.63722,51.81794],[-0.63441,51.81861],[-0.63294,51.81995],[-0.6276,51.8173],[-0.62565,51.81587],[-0.62181,51.81604],[-0.62067,51.81492],[-0.61839,51.81453],[-0.61555,51.81496],[-0.61429,51.81348],[-0.61187,51.81204],[-0.60643,51.81235],[-0.60318,51.81329],[-0.59761,51.81428],[-0.59483,51.81402],[-0.59448,51.81115],[-0.59165,51.80814],[-0.58183,51.80691],[-0.58157,51.80759],[-0.57722,51.81178],[-0.5743,51.81625],[-0.57624,51.81694],[-0.57517,51.81882],[-0.57242,51.81943],[-0.57106,51.81897],[-0.56714,51.81981],[-0.56623,51.82094],[-0.56242,51.82373],[-0.56079,51.82638],[-0.55879,51.82466],[-0.55798,51.82554],[-0.56127,51.82887],[-0.56066,51.83008],[-0.55714,51.83097],[-0.55538,51.82839],[-0.55361,51.82675],[-0.55003,51.82814],[-0.54894,51.82802],[-0.54627,51.82587],[-0.54373,51.82458],[-0.54236,51.82529],[-0.5415,51.82699],[-0.53963,51.82826],[-0.53762,51.83147],[-0.54186,51.83297],[-0.5453,51.83505],[-0.54825,51.83589],[-0.55105,51.83961],[-0.55331,51.84166],[-0.55593,51.84331],[-0.55734,51.84511],[-0.56199,51.84556],[-0.56537,51.84837],[-0.56682,51.85081],[-0.56927,51.85176],[-0.57073,51.85459],[-0.57144,51.85504],[-0.56925,51.85807],[-0.5735,51.86085],[-0.57386,51.86247],[-0.57727,51.86599],[-0.57975,51.86637],[-0.58248,51.8678],[-0.58356,51.87032],[-0.58686,51.87054],[-0.60897,51.87556],[-0.61256,51.87756],[-0.62009,51.88549],[-0.62302,51.88452],[-0.62842,51.88212],[-0.62908,51.88247],[-0.63734,51.88264],[-0.64644,51.88548],[-0.64796,51.88566],[-0.65481,51.88792],[-0.65531,51.8888],[-0.65963,51.89062],[-0.66037,51.89222],[-0.65899,51.893],[-0.65957,51.89422],[-0.66254,51.89598],[-0.66725,51.89663],[-0.6712,51.9],[-0.67371,51.90155],[-0.67842,51.90152],[-0.68268,51.90028],[-0.69222,51.90016],[-0.69446,51.90073],[-0.69577,51.90183],[-0.6963,51.90408],[-0.70216,51.90912],[-0.69852,51.91315],[-0.69584,51.91711],[-0.69262,51.92058],[-0.69029,51.92543],[-0.69146,51.92705],[-0.68883,51.92915],[-0.68296,51.93584],[-0.68158,51.93514],[-0.6803,51.93644],[-0.68159,51.93764],[-0.68105,51.93863],[-0.68208,51.9398],[-0.68229,51.94276],[-0.67862,51.9444],[-0.67494,51.94506],[-0.67386,51.9432],[-0.67054,51.94358],[-0.67076,51.94479],[-0.6727,51.94597],[-0.67064,51.94723],[-0.6697,51.94867],[-0.67128,51.94974],[-0.67144,51.95075],[-0.67308,51.95222],[-0.67278,51.95449],[-0.67175,51.95622],[-0.66756,51.95448],[-0.66415,51.95652],[-0.66212,51.95555],[-0.6603,51.9578],[-0.65937,51.95986],[-0.65528,51.96058],[-0.65547,51.96125],[-0.65363,51.9639],[-0.65351,51.96714],[-0.65124,51.96825],[-0.65302,51.96925],[-0.65224,51.97034],[-0.64986,51.97127],[-0.64568,51.97223],[-0.64808,51.9744],[-0.64908,51.97622],[-0.65129,51.97762],[-0.65617,51.98203],[-0.6551,51.98518],[-0.65597,51.98674],[-0.65547,51.9882],[-0.65779,51.98982],[-0.66063,51.9908],[-0.65932,51.99304],[-0.66012,51.99468],[-0.66024,51.99669],[-0.66169,51.99974],[-0.65938,52.00004],[-0.65875,52.00174],[-0.65662,52.00398],[-0.65628,52.00539],[-0.65066,52.00967],[-0.64941,52.01026],[-0.64543,52.01033],[-0.64346,52.0109],[-0.64501,52.01366],[-0.64832,52.01525],[-0.65056,52.01704],[-0.65096,52.01855],[-0.64754,52.01903],[-0.64585,52.02168],[-0.64033,52.02366],[-0.64301,52.0259],[-0.64254,52.02809],[-0.64389,52.02827],[-0.64225,52.03029],[-0.64482,52.03122],[-0.6434,52.03256],[-0.64326,52.03466],[-0.64387,52.03554],[-0.64306,52.03726],[-0.66898,52.04872],[-0.66764,52.05039],[-0.66333,52.05253],[-0.66124,52.05396],[-0.65913,52.05696],[-0.65438,52.0595],[-0.65342,52.06174],[-0.65101,52.06414],[-0.64833,52.0658],[-0.6437,52.06667],[-0.64158,52.06772],[-0.63859,52.0717],[-0.63854,52.07313],[-0.63645,52.07709],[-0.63537,52.07818],[-0.63243,52.07975],[-0.63136,52.08097],[-0.62816,52.08214],[-0.62582,52.08446],[-0.62338,52.08374],[-0.62116,52.08434],[-0.61858,52.08562],[-0.61651,52.08822],[-0.61517,52.08895],[-0.61121,52.09011],[-0.60579,52.09212],[-0.60727,52.09456],[-0.60453,52.09582],[-0.60396,52.09912],[-0.60254,52.10014],[-0.59811,52.10103],[-0.59675,52.10168],[-0.60187,52.10503],[-0.59862,52.10688],[-0.59714,52.10857],[-0.59325,52.11049],[-0.59305,52.11226],[-0.59573,52.11358],[-0.59783,52.11561],[-0.59693,52.11922],[-0.59781,52.12195],[-0.59901,52.1236],[-0.59891,52.12573],[-0.60212,52.12893],[-0.60402,52.13023],[-0.60725,52.13387],[-0.61415,52.1339],[-0.61763,52.13304],[-0.61936,52.13302],[-0.62411,52.13459],[-0.62706,52.13523],[-0.63012,52.13741],[-0.63462,52.13797],[-0.63545,52.13925],[-0.6356,52.1412],[-0.63436,52.14239],[-0.63639,52.14377],[-0.63792,52.14613],[-0.63603,52.14751],[-0.64077,52.15282],[-0.63581,52.15319],[-0.63276,52.15399],[-0.63069,52.15502],[-0.62961,52.15957],[-0.63014,52.16196],[-0.63149,52.16426],[-0.63449,52.16658],[-0.63493,52.16807],[-0.63353,52.16995],[-0.63117,52.17182],[-0.62825,52.17254],[-0.62772,52.17619],[-0.62932,52.17871],[-0.62745,52.18155],[-0.63029,52.18178],[-0.63951,52.18343],[-0.63914,52.18669],[-0.64086,52.18717],[-0.64316,52.18884],[-0.651,52.18997],[-0.65558,52.1896],[-0.65745,52.18978],[-0.66131,52.19177],[-0.66599,52.19273],[-0.66794,52.19407],[-0.66814,52.19503],[-0.67342,52.19607],[-0.67526,52.1958],[-0.68002,52.19614],[-0.68124,52.19572],[-0.68479,52.19636],[-0.68663,52.19581],[-0.69408,52.19527],[-0.69634,52.1943],[-0.70167,52.19331],[-0.70546,52.19157],[-0.70504,52.19079],[-0.70866,52.18879],[-0.71162,52.18819],[-0.71603,52.18544],[-0.71901,52.18257],[-0.72074,52.1819],[-0.72549,52.18088],[-0.72926,52.17947],[-0.73473,52.1735],[-0.73743,52.17367],[-0.73895,52.17118],[-0.74254,52.17096],[-0.7448,52.17028],[-0.74607,52.16887],[-0.74973,52.16688],[-0.75066,52.16764],[-0.75681,52.16745],[-0.75985,52.1657],[-0.76098,52.16401],[-0.76275,52.16498],[-0.76272,52.16631],[-0.76414,52.1678],[-0.76533,52.1711],[-0.77359,52.16889],[-0.77798,52.16873],[-0.77951,52.16559],[-0.78319,52.16592],[-0.7831,52.16419],[-0.78031,52.16336],[-0.78341,52.16028],[-0.78419,52.15868],[-0.7864,52.15654],[-0.78771,52.15424],[-0.79047,52.1521],[-0.79209,52.15133],[-0.79356,52.15228],[-0.7941,52.15405],[-0.79685,52.1534],[-0.79892,52.15537],[-0.79971,52.15706],[-0.80196,52.15868],[-0.80267,52.15755],[-0.80759,52.15698],[-0.80695,52.15282],[-0.80725,52.15159],[-0.80931,52.15006],[-0.80914,52.14875],[-0.81098,52.14767],[-0.81277,52.14572],[-0.81258,52.14413],[-0.81402,52.14247],[-0.81654,52.14353],[-0.83197,52.14368],[-0.83136,52.14129],[-0.82863,52.1357],[-0.8282,52.13261],[-0.83211,52.13125],[-0.83577,52.13284],[-0.83823,52.13071],[-0.84674,52.12941],[-0.85126,52.12934],[-0.85294,52.13034],[-0.85353,52.13167],[-0.86599,52.13017],[-0.86901,52.13065],[-0.87886,52.12614],[-0.88076,52.12629],[-0.87965,52.12415],[-0.88083,52.12343],[-0.88067,52.12017],[-0.88175,52.11989],[-0.88289,52.11751],[-0.88732,52.11473],[-0.88613,52.1135],[-0.88357,52.11354],[-0.88148,52.11264],[-0.87851,52.11248],[-0.87647,52.11292],[-0.87523,52.11218],[-0.87304,52.11268],[-0.8698,52.11046],[-0.86862,52.10844],[-0.87024,52.10775],[-0.86986,52.1051],[-0.86527,52.10294],[-0.86602,52.10195],[-0.86878,52.10109],[-0.86862,52.09963],[-0.86485,52.09926],[-0.86133,52.09785],[-0.85792,52.09751],[-0.85637,52.09505],[-0.85603,52.09311],[-0.85168,52.09204],[-0.85008,52.09241],[-0.84671,52.09151],[-0.8451,52.08644],[-0.8438,52.0849],[-0.84129,52.08409],[-0.83744,52.08229],[-0.83678,52.08059],[-0.83525,52.07981],[-0.83525,52.07762],[-0.83603,52.07681],[-0.83603,52.07506],[-0.83407,52.07275],[-0.83241,52.07203],[-0.83284,52.06937],[-0.83579,52.06626],[-0.83959,52.0638],[-0.84519,52.06297],[-0.85064,52.06468],[-0.85524,52.06397],[-0.85736,52.06409],[-0.86268,52.06093],[-0.86302,52.06027],[-0.86063,52.05872],[-0.85987,52.05623],[-0.8604,52.05453],[-0.858,52.05322],[-0.85563,52.05318],[-0.85328,52.05225],[-0.8529,52.05],[-0.85571,52.04795],[-0.85559,52.04735],[-0.85942,52.0446],[-0.86479,52.04578],[-0.86571,52.04668],[-0.86773,52.04622],[-0.87071,52.04366],[-0.87177,52.0418],[-0.87212,52.03977],[-0.87317,52.03737],[-0.87207,52.03624],[-0.87612,52.03355],[-0.87756,52.0299],[-0.88073,52.02859],[-0.88319,52.02826],[-0.89012,52.03153],[-0.89166,52.02974],[-0.89396,52.02865],[-0.8983,52.02747],[-0.90025,52.02502],[-0.90388,52.0237],[-0.90603,52.02122],[-0.90838,52.02224],[-0.91178,52.02497],[-0.91211,52.02659],[-0.91438,52.02984],[-0.92256,52.03535],[-0.92444,52.03619],[-0.92726,52.0394],[-0.92818,52.04222],[-0.93021,52.04313],[-0.93011,52.04954],[-0.93183,52.05218],[-0.93187,52.05403],[-0.93345,52.05508],[-0.93571,52.05792],[-0.93659,52.05819],[-0.93788,52.0612],[-0.93374,52.06264],[-0.93764,52.06286],[-0.93932,52.06216],[-0.94165,52.06427],[-0.94048,52.06505],[-0.94204,52.06659],[-0.94046,52.06743],[-0.94175,52.06877],[-0.94439,52.07003],[-0.94449,52.07319],[-0.94006,52.07584],[-0.9451,52.07689],[-0.9472,52.07918],[-0.95032,52.07987],[-0.95187,52.08153],[-0.95955,52.07928],[-0.96076,52.07864],[-0.96273,52.07636],[-0.9651,52.07484],[-0.96781,52.07091],[-0.97015,52.07237],[-0.97336,52.07272],[-0.97746,52.07168],[-0.98114,52.07134],[-0.98235,52.06989],[-0.98428,52.06972],[-0.98912,52.07083],[-0.99106,52.07091],[-0.99549,52.07324],[-0.99824,52.07258],[-1.00243,52.07273],[-1.00588,52.0734],[-1.00758,52.0721],[-1.01287,52.0716],[-1.01351,52.07287],[-1.01626,52.07264],[-1.02008,52.0733],[-1.02146,52.07496],[-1.02634,52.07543],[-1.02879,52.07502],[-1.04206,52.07394],[-1.04159,52.07342],[-1.0317,52.07118],[-1.0298,52.07019],[-1.02863,52.06804],[-1.0261,52.06562],[-1.0264,52.06442],[-1.03095,52.0629],[-1.03316,52.06352],[-1.03462,52.06455],[-1.0382,52.06609],[-1.04005,52.06592],[-1.04825,52.06285],[-1.04977,52.06139],[-1.0518,52.06072],[-1.05296,52.05966],[-1.05782,52.06103],[-1.06207,52.06274],[-1.06481,52.06154],[-1.06811,52.06105],[-1.07071,52.05956],[-1.07166,52.05814],[-1.07665,52.05885],[-1.07748,52.05788],[-1.08087,52.05677],[-1.0804,52.0561],[-1.08223,52.05289],[-1.08538,52.05219],[-1.0889,52.05238],[-1.09033,52.05141],[-1.09245,52.05113],[-1.09613,52.05135],[-1.09853,52.04989],[-1.09887,52.04864],[-1.1036,52.04776],[-1.10626,52.04908],[-1.11099,52.0482],[-1.11358,52.0481],[-1.11969,52.04649],[-1.1222,52.04495],[-1.12314,52.04163],[-1.12515,52.04058],[-1.1271,52.03798],[-1.1266,52.03719],[-1.12996,52.03351],[-1.13179,52.03195],[-1.13294,52.03174],[-1.13247,52.02969],[-1.13368,52.0266],[-1.13545,52.02427],[-1.13606,52.02247],[-1.13616,52.02007],[-1.1289,52.01792],[-1.12152,52.01697],[-1.11944,52.01635],[-1.12143,52.01241],[-1.12313,52.01136],[-1.12534,52.0071],[-1.12697,52.00604],[-1.13125,52.00488],[-1.13153,52.0031],[-1.13374,51.99964],[-1.13433,51.9973],[-1.14017,51.99765],[-1.14391,51.99702],[-1.14872,51.99505],[-1.15148,51.99311],[-1.15611,51.99344],[-1.15665,51.99223],[-1.16382,51.99341],[-1.17218,51.98598],[-1.17436,51.98332],[-1.18011,51.9817],[-1.18473,51.9817],[-1.18834,51.98122],[-1.19069,51.98152],[-1.19439,51.97932],[-1.19626,51.97743],[-1.198,51.97729],[-1.20354,51.97858],[-1.2069,51.97827],[-1.21722,51.98033],[-1.22364,51.98041],[-1.22711,51.98125],[-1.2297,51.98137],[-1.23444,51.98353],[-1.23929,51.98459],[-1.24161,51.98629],[-1.24738,51.98507],[-1.24901,51.98571],[-1.25279,51.98334],[-1.25726,51.98252],[-1.26092,51.98093],[-1.26765,51.98263],[-1.27025,51.98295],[-1.28087,51.98236],[-1.28158,51.97998],[-1.28449,51.98259],[-1.28733,51.98755],[-1.28736,51.98959],[-1.28548,51.99069],[-1.28408,51.99069],[-1.28234,51.9931],[-1.2847,51.99471],[-1.28352,51.99616],[-1.2837,51.99811],[-1.2827,52.00035],[-1.28084,52.00144],[-1.28036,52.00343],[-1.27707,52.00536],[-1.27761,52.00724],[-1.27978,52.00876],[-1.28371,52.00936],[-1.28452,52.01082],[-1.28216,52.01132],[-1.27863,52.01137],[-1.27816,52.01427],[-1.28167,52.01779],[-1.28442,52.02091],[-1.28358,52.0232],[-1.28383,52.02504],[-1.28608,52.02562],[-1.28532,52.02648],[-1.29019,52.02745],[-1.29344,52.02752],[-1.29431,52.02804],[-1.29346,52.02968],[-1.2917,52.03098],[-1.29207,52.03279],[-1.2933,52.03431],[-1.29529,52.0403],[-1.29644,52.04086],[-1.29751,52.04278],[-1.30007,52.04365],[-1.30005,52.04535],[-1.30217,52.04638],[-1.30737,52.0472],[-1.31133,52.05053],[-1.31292,52.05145],[-1.30737,52.05758],[-1.30912,52.06073],[-1.30763,52.06317],[-1.3077,52.06426],[-1.30366,52.06428],[-1.30125,52.0661],[-1.30007,52.06936],[-1.30537,52.07029],[-1.30547,52.07209],[-1.30349,52.07198],[-1.30392,52.07355],[-1.30199,52.07379],[-1.30189,52.07519],[-1.2989,52.07536],[-1.29751,52.07806],[-1.29962,52.07831],[-1.29936,52.0801],[-1.30876,52.07951],[-1.3131,52.0799],[-1.31662,52.07961],[-1.31951,52.08078],[-1.32054,52.0822],[-1.31947,52.08386],[-1.32135,52.08487],[-1.32061,52.08578],[-1.32087,52.08757],[-1.31668,52.08893],[-1.31678,52.08979],[-1.31267,52.09058],[-1.30802,52.09228],[-1.30439,52.09208],[-1.30391,52.09163],[-1.29978,52.09142],[-1.29801,52.09183],[-1.29521,52.09343],[-1.28798,52.09288],[-1.28053,52.0942],[-1.27631,52.09682],[-1.27167,52.09794],[-1.26964,52.098],[-1.26457,52.09737],[-1.26198,52.09645],[-1.25802,52.09634],[-1.25613,52.09567],[-1.24795,52.09575],[-1.2488,52.09908],[-1.25185,52.10202],[-1.254,52.10249],[-1.25293,52.10387],[-1.25704,52.10616],[-1.25992,52.10872],[-1.26482,52.11077],[-1.27022,52.11357],[-1.27266,52.11431],[-1.27683,52.11708],[-1.28156,52.12262],[-1.28414,52.12406],[-1.28853,52.12798],[-1.29063,52.1293],[-1.29363,52.13259],[-1.29555,52.13382],[-1.29509,52.13471],[-1.29769,52.13528],[-1.29792,52.13715],[-1.29934,52.13839],[-1.30537,52.14121],[-1.30491,52.14164],[-1.30843,52.14351],[-1.30868,52.14435],[-1.30643,52.14555],[-1.30862,52.14654],[-1.30941,52.14763],[-1.31175,52.14792],[-1.31078,52.1495],[-1.31239,52.1498],[-1.31326,52.15108],[-1.31775,52.15335],[-1.31827,52.15581],[-1.32129,52.15831],[-1.32087,52.15921],[-1.32438,52.16092],[-1.3239,52.1621],[-1.32531,52.16277],[-1.33007,52.1663],[-1.32994,52.16735],[-1.3319,52.16849]]],[[[-0.75847,50.76005],[-0.76099,50.75952],[-0.75944,50.75808],[-0.75543,50.75835],[-0.75847,50.76005]]],[[[-1.30816,50.76719],[-1.31387,50.76733],[-1.32017,50.76532],[-1.32396,50.76254],[-1.32466,50.76072],[-1.32807,50.75793],[-1.3329,50.7564],[-1.33485,50.75549],[-1.33774,50.75526],[-1.3406,50.75333],[-1.34254,50.7526],[-1.34521,50.7505],[-1.34505,50.74867],[-1.34727,50.74341],[-1.34858,50.74192],[-1.35126,50.74072],[-1.3533,50.73909],[-1.35899,50.73812],[-1.3639,50.7379],[-1.36551,50.73719],[-1.36981,50.73611],[-1.37924,50.73417],[-1.38185,50.73256],[-1.38939,50.73169],[-1.39186,50.73048],[-1.39742,50.72871],[-1.40254,50.72785],[-1.40029,50.72657],[-1.39688,50.72629],[-1.39736,50.72488],[-1.39926,50.72409],[-1.39375,50.72324],[-1.38987,50.72345],[-1.38769,50.72235],[-1.3898,50.7218],[-1.39025,50.72036],[-1.39291,50.71906],[-1.3928,50.71774],[-1.39013,50.71754],[-1.38935,50.71665],[-1.38038,50.71712],[-1.38444,50.71545],[-1.38722,50.71618],[-1.38961,50.71611],[-1.39495,50.71698],[-1.39906,50.7172],[-1.40044,50.71767],[-1.40534,50.71779],[-1.40673,50.71714],[-1.40794,50.71848],[-1.40938,50.71783],[-1.40988,50.71662],[-1.40934,50.71509],[-1.40705,50.71442],[-1.40438,50.71216],[-1.40966,50.71359],[-1.41238,50.71399],[-1.41172,50.71153],[-1.41301,50.71017],[-1.41444,50.71066],[-1.41444,50.71349],[-1.41688,50.71236],[-1.42058,50.71176],[-1.425,50.70924],[-1.42517,50.71074],[-1.42301,50.71149],[-1.42246,50.71238],[-1.41737,50.7131],[-1.41624,50.71462],[-1.4155,50.7169],[-1.41299,50.71862],[-1.41634,50.72018],[-1.41291,50.72122],[-1.41429,50.72265],[-1.41928,50.7236],[-1.42136,50.72488],[-1.41614,50.72441],[-1.41334,50.72463],[-1.42568,50.72676],[-1.42912,50.72603],[-1.43059,50.72517],[-1.43444,50.72391],[-1.44071,50.72255],[-1.44595,50.71973],[-1.44914,50.71922],[-1.45278,50.71744],[-1.45661,50.71634],[-1.45971,50.7142],[-1.46946,50.70956],[-1.47236,50.70977],[-1.47474,50.70881],[-1.47913,50.70854],[-1.4869,50.70668],[-1.50014,50.7068],[-1.50115,50.70568],[-1.50352,50.70512],[-1.50026,50.70303],[-1.49834,50.70333],[-1.49676,50.70272],[-1.49659,50.70093],[-1.49899,50.70166],[-1.50135,50.70097],[-1.50067,50.69981],[-1.49883,50.69915],[-1.49883,50.69729],[-1.50564,50.69362],[-1.50306,50.69001],[-1.50236,50.68631],[-1.50516,50.68505],[-1.50704,50.6831],[-1.50879,50.68335],[-1.50732,50.6855],[-1.50471,50.68568],[-1.50322,50.68669],[-1.5045,50.68856],[-1.50399,50.68955],[-1.50509,50.69056],[-1.50493,50.69167],[-1.50646,50.69336],[-1.50572,50.69426],[-1.50194,50.69617],[-1.49984,50.69795],[-1.50204,50.69976],[-1.50288,50.70303],[-1.50446,50.70179],[-1.50612,50.7027],[-1.50618,50.70451],[-1.50887,50.70511],[-1.50967,50.70581],[-1.5154,50.70699],[-1.52212,50.70711],[-1.5268,50.70434],[-1.52986,50.70346],[-1.53342,50.70067],[-1.53448,50.70071],[-1.53389,50.69753],[-1.53333,50.697],[-1.5341,50.69351],[-1.53541,50.69168],[-1.53824,50.68959],[-1.54179,50.68891],[-1.54313,50.68769],[-1.54307,50.68654],[-1.54475,50.6822],[-1.54692,50.67935],[-1.5491,50.6778],[-1.55353,50.67728],[-1.55742,50.67617],[-1.56048,50.67614],[-1.56306,50.67563],[-1.56962,50.6734],[-1.57024,50.67247],[-1.56898,50.66696],[-1.56961,50.66539],[-1.57666,50.66376],[-1.57719,50.6639],[-1.58654,50.66311],[-1.57904,50.66109],[-1.5789,50.66015],[-1.56914,50.661],[-1.56618,50.66208],[-1.56145,50.6631],[-1.55486,50.66315],[-1.54871,50.66362],[-1.53988,50.66574],[-1.53243,50.66679],[-1.52866,50.66704],[-1.52714,50.66758],[-1.52351,50.66794],[-1.51462,50.66821],[-1.51104,50.67],[-1.50902,50.66981],[-1.50572,50.66833],[-1.49363,50.66839],[-1.48518,50.66695],[-1.48269,50.666],[-1.47675,50.66244],[-1.4679,50.65581],[-1.46475,50.65247],[-1.46125,50.65204],[-1.45783,50.65079],[-1.45267,50.64641],[-1.44715,50.64346],[-1.4426,50.64223],[-1.43272,50.64028],[-1.42554,50.63782],[-1.41864,50.63629],[-1.41005,50.63487],[-1.4069,50.63376],[-1.39737,50.62931],[-1.39042,50.62758],[-1.38261,50.62366],[-1.37486,50.61879],[-1.37103,50.61679],[-1.36571,50.61329],[-1.36367,50.61105],[-1.36197,50.60996],[-1.35556,50.60886],[-1.35298,50.60809],[-1.33948,50.6018],[-1.32457,50.5928],[-1.31864,50.58993],[-1.30855,50.58057],[-1.3086,50.57864],[-1.30794,50.57743],[-1.30465,50.57712],[-1.30245,50.57557],[-1.29903,50.57501],[-1.29512,50.57493],[-1.29161,50.5755],[-1.28797,50.57651],[-1.2862,50.5776],[-1.28075,50.57706],[-1.27779,50.57863],[-1.27423,50.57906],[-1.2714,50.57974],[-1.269,50.57958],[-1.26331,50.58015],[-1.25981,50.57939],[-1.25498,50.58007],[-1.25189,50.58112],[-1.24989,50.58088],[-1.24712,50.58224],[-1.24468,50.58217],[-1.24194,50.5828],[-1.24006,50.58426],[-1.23344,50.58608],[-1.23162,50.58691],[-1.22986,50.58692],[-1.22531,50.58857],[-1.22264,50.58856],[-1.2211,50.58948],[-1.21591,50.59118],[-1.21339,50.59158],[-1.20995,50.59305],[-1.20416,50.59302],[-1.20204,50.59273],[-1.196,50.5951],[-1.19463,50.59518],[-1.19014,50.5964],[-1.1854,50.59724],[-1.18261,50.5984],[-1.17927,50.60093],[-1.17526,50.60689],[-1.17555,50.6084],[-1.17713,50.61054],[-1.17566,50.6124],[-1.1731,50.61439],[-1.17255,50.61543],[-1.1735,50.61946],[-1.1746,50.62086],[-1.17479,50.62268],[-1.17353,50.62633],[-1.1715,50.62977],[-1.17097,50.63143],[-1.16905,50.63332],[-1.17001,50.63418],[-1.16863,50.63595],[-1.16901,50.63686],[-1.1685,50.64035],[-1.16604,50.64397],[-1.16045,50.64934],[-1.1519,50.65436],[-1.14302,50.65854],[-1.13764,50.66062],[-1.1326,50.6621],[-1.12432,50.66402],[-1.11459,50.6656],[-1.11177,50.66578],[-1.10321,50.66497],[-1.09854,50.66497],[-1.09535,50.6676],[-1.0976,50.66874],[-1.09715,50.66994],[-1.09535,50.67161],[-1.09196,50.67324],[-1.08769,50.67459],[-1.08539,50.67725],[-1.07713,50.68066],[-1.0735,50.68137],[-1.07013,50.68352],[-1.0696,50.68595],[-1.07067,50.68793],[-1.07736,50.69206],[-1.08242,50.69446],[-1.09356,50.69578],[-1.09469,50.69475],[-1.09302,50.69372],[-1.09648,50.69099],[-1.09848,50.69043],[-1.10239,50.6924],[-1.10829,50.6935],[-1.10611,50.69721],[-1.10293,50.69795],[-1.10095,50.69641],[-1.10077,50.69545],[-1.09614,50.69423],[-1.09791,50.69649],[-1.0991,50.70134],[-1.09808,50.70279],[-1.09794,50.70616],[-1.10053,50.70646],[-1.10151,50.70726],[-1.10319,50.71243],[-1.10614,50.71393],[-1.10696,50.71713],[-1.10794,50.7182],[-1.10824,50.72012],[-1.10971,50.72156],[-1.11443,50.72197],[-1.11827,50.72321],[-1.12022,50.72326],[-1.1305,50.72681],[-1.13473,50.7267],[-1.13685,50.72704],[-1.14375,50.72904],[-1.14806,50.73096],[-1.15019,50.73134],[-1.15224,50.73262],[-1.15349,50.73163],[-1.15525,50.73291],[-1.15745,50.73355],[-1.16017,50.73315],[-1.16279,50.73353],[-1.1645,50.73283],[-1.16871,50.73302],[-1.17896,50.73418],[-1.18376,50.733],[-1.18645,50.7335],[-1.19251,50.73274],[-1.19711,50.73364],[-1.20208,50.73395],[-1.2043,50.73457],[-1.21097,50.73503],[-1.21261,50.734],[-1.21594,50.7339],[-1.21735,50.73433],[-1.21742,50.73205],[-1.21825,50.73083],[-1.22482,50.72678],[-1.22634,50.72751],[-1.22259,50.73061],[-1.22033,50.73192],[-1.21984,50.73437],[-1.21752,50.73594],[-1.21576,50.7356],[-1.21414,50.73672],[-1.21395,50.73804],[-1.21595,50.73864],[-1.22032,50.73899],[-1.23092,50.74288],[-1.23491,50.74328],[-1.23767,50.74305],[-1.24049,50.74086],[-1.24229,50.74142],[-1.24021,50.74339],[-1.24184,50.74605],[-1.2464,50.74957],[-1.24732,50.75146],[-1.24874,50.75237],[-1.25528,50.75392],[-1.25858,50.75738],[-1.25974,50.75927],[-1.2612,50.76049],[-1.26471,50.76187],[-1.26703,50.76344],[-1.27146,50.76551],[-1.27734,50.7663],[-1.28835,50.76299],[-1.2902,50.75984],[-1.29084,50.75769],[-1.29114,50.75318],[-1.29044,50.75001],[-1.2888,50.74773],[-1.28929,50.74689],[-1.28626,50.74387],[-1.28626,50.74052],[-1.28432,50.73802],[-1.28228,50.73684],[-1.28071,50.73314],[-1.27716,50.73152],[-1.27851,50.72608],[-1.28238,50.72298],[-1.28475,50.71863],[-1.28744,50.71302],[-1.28912,50.70838],[-1.29104,50.70679],[-1.29199,50.7071],[-1.28969,50.71066],[-1.28926,50.71352],[-1.28958,50.71498],[-1.28831,50.71581],[-1.28693,50.71934],[-1.28483,50.72237],[-1.28465,50.72441],[-1.2835,50.72644],[-1.28379,50.73079],[-1.28564,50.73391],[-1.2876,50.73651],[-1.29014,50.73854],[-1.28936,50.74165],[-1.29015,50.74382],[-1.29233,50.74731],[-1.2945,50.75384],[-1.29293,50.75622],[-1.29227,50.75806],[-1.29406,50.7598],[-1.2955,50.76005],[-1.29652,50.76266],[-1.29797,50.76485],[-1.30159,50.7667],[-1.30816,50.76719]]],[[[-1.37988,50.78026],[-1.38469,50.78019],[-1.39069,50.7785],[-1.39023,50.7777],[-1.38693,50.77734],[-1.38457,50.77855],[-1.38239,50.77885],[-1.37988,50.78026]]],[[[0.04961,50.79775],[0.04764,50.7977],[0.04817,50.79592],[0.05118,50.79543],[0.04961,50.79775]]],[[[-1.09638,50.81415],[-1.09261,50.81511],[-1.09428,50.81925],[-1.0965,50.82064],[-1.09871,50.81982],[-1.09968,50.81806],[-1.10017,50.81554],[-1.10147,50.81359],[-1.09638,50.81415]]],[[[-1.00884,50.82607],[-1.01016,50.8267],[-1.01062,50.82388],[-1.00741,50.82197],[-1.00701,50.8231],[-1.0091,50.82381],[-1.00884,50.82607]]],[[[-1.0142,50.82936],[-1.01689,50.82814],[-1.01492,50.82683],[-1.01264,50.82755],[-1.0142,50.82936]]],[[[-0.96734,50.83484],[-0.97029,50.83466],[-0.9714,50.8327],[-0.97788,50.8316],[-0.98099,50.82996],[-0.9822,50.83061],[-0.98346,50.82841],[-0.9865,50.82718],[-0.98697,50.82607],[-0.98519,50.82522],[-0.9861,50.82402],[-0.98374,50.82207],[-0.98327,50.82073],[-0.98426,50.81899],[-0.98543,50.81873],[-0.98591,50.81361],[-0.9889,50.81104],[-0.98947,50.80358],[-0.99087,50.80176],[-0.99292,50.80047],[-0.99452,50.79837],[-0.99662,50.79689],[-1.001,50.79462],[-1.00339,50.7941],[-1.00987,50.79369],[-1.01514,50.79433],[-1.01799,50.79433],[-1.01663,50.79307],[-1.01738,50.79233],[-1.02043,50.79292],[-1.02208,50.79405],[-1.02113,50.79562],[-1.0254,50.79542],[-1.02385,50.78807],[-1.02251,50.78652],[-1.01972,50.78463],[-1.01671,50.78443],[-1.01163,50.78539],[-1.00706,50.78549],[-1.00113,50.78456],[-0.97866,50.78271],[-0.97035,50.78147],[-0.95843,50.77879],[-0.94625,50.77677],[-0.94284,50.77653],[-0.93897,50.77692],[-0.9356,50.77911],[-0.93613,50.78163],[-0.93599,50.78622],[-0.938,50.78743],[-0.94099,50.78694],[-0.93704,50.78478],[-0.93685,50.78281],[-0.94116,50.78514],[-0.94392,50.78452],[-0.9482,50.78426],[-0.95019,50.78294],[-0.95127,50.7842],[-0.95168,50.78671],[-0.95245,50.78765],[-0.95755,50.78984],[-0.96046,50.7894],[-0.96233,50.78819],[-0.96541,50.78848],[-0.95955,50.7909],[-0.95811,50.79334],[-0.95534,50.79379],[-0.95653,50.79525],[-0.95696,50.79931],[-0.95455,50.7997],[-0.95275,50.80112],[-0.95722,50.80429],[-0.95995,50.80455],[-0.96135,50.80347],[-0.9647,50.8034],[-0.96562,50.80267],[-0.96901,50.80275],[-0.96931,50.80452],[-0.97314,50.80707],[-0.97342,50.80853],[-0.97216,50.80881],[-0.97099,50.80722],[-0.96936,50.80639],[-0.96569,50.80636],[-0.96251,50.8078],[-0.96158,50.80921],[-0.96752,50.81002],[-0.96517,50.81099],[-0.9613,50.81137],[-0.95897,50.80963],[-0.95851,50.80777],[-0.95689,50.80799],[-0.95609,50.80978],[-0.9567,50.81241],[-0.95481,50.81355],[-0.95758,50.81584],[-0.95471,50.81665],[-0.95543,50.81759],[-0.95364,50.82078],[-0.95172,50.82181],[-0.95099,50.82395],[-0.95205,50.82592],[-0.95216,50.82785],[-0.95386,50.82921],[-0.95901,50.83145],[-0.95975,50.8304],[-0.9642,50.83153],[-0.96844,50.83067],[-0.96712,50.83444],[-0.96734,50.83484]]],[[[-1.00524,50.83458],[-1.00814,50.83459],[-1.0089,50.83333],[-1.00692,50.83217],[-1.00313,50.83127],[-1.00524,50.83458]]],[[[-1.05218,50.83277],[-1.05481,50.83344],[-1.0581,50.83483],[-1.06142,50.83557],[-1.07146,50.83669],[-1.07628,50.8369],[-1.07839,50.83611],[-1.07885,50.83297],[-1.08123,50.83095],[-1.08349,50.8301],[-1.0833,50.8278],[-1.08392,50.82542],[-1.08829,50.82669],[-1.08997,50.8264],[-1.09328,50.82802],[-1.09478,50.82704],[-1.10022,50.82669],[-1.09958,50.82486],[-1.09689,50.82283],[-1.09386,50.82311],[-1.09246,50.81937],[-1.09081,50.81678],[-1.09114,50.81473],[-1.09464,50.81224],[-1.09438,50.81118],[-1.09052,50.81164],[-1.09132,50.80904],[-1.09469,50.80885],[-1.104,50.81047],[-1.10622,50.80885],[-1.10575,50.80737],[-1.1039,50.80731],[-1.10372,50.80573],[-1.10618,50.80596],[-1.10619,50.80396],[-1.10791,50.804],[-1.10773,50.80692],[-1.11152,50.8069],[-1.11176,50.80252],[-1.11124,50.79855],[-1.10831,50.79906],[-1.10588,50.79705],[-1.10731,50.79564],[-1.10971,50.79166],[-1.10892,50.79044],[-1.10221,50.78672],[-1.10074,50.78521],[-1.09396,50.78068],[-1.09248,50.77919],[-1.08954,50.77783],[-1.07869,50.7784],[-1.06226,50.78091],[-1.05027,50.78361],[-1.03203,50.78682],[-1.03044,50.78737],[-1.02886,50.78936],[-1.02952,50.7916],[-1.0293,50.79401],[-1.03163,50.79217],[-1.03569,50.79043],[-1.03714,50.79114],[-1.04175,50.78959],[-1.04379,50.78975],[-1.04247,50.79185],[-1.04022,50.79377],[-1.03836,50.7946],[-1.03817,50.79596],[-1.04186,50.80431],[-1.0422,50.80701],[-1.04051,50.81071],[-1.04069,50.81168],[-1.04244,50.8139],[-1.04235,50.81695],[-1.04302,50.81873],[-1.0412,50.82261],[-1.04127,50.82428],[-1.04218,50.82581],[-1.04462,50.82627],[-1.04489,50.83088],[-1.04862,50.83241],[-1.05218,50.83277]]],[[[-1.01916,50.83821],[-1.02162,50.83686],[-1.02023,50.83542],[-1.01706,50.83687],[-1.01555,50.83687],[-1.01438,50.83565],[-1.01042,50.83484],[-1.009,50.83608],[-1.015,50.83754],[-1.01736,50.83758],[-1.01916,50.83821]]],[[[-0.52606,50.86704],[-0.52591,50.86858],[-0.52791,50.87062],[-0.53231,50.87342],[-0.53693,50.87374],[-0.53573,50.87241],[-0.53605,50.86764],[-0.53727,50.86639],[-0.53945,50.86591],[-0.53291,50.86452],[-0.53135,50.86446],[-0.52606,50.86704]]],[[[0.01593,50.88904],[0.01187,50.89271],[0.01062,50.89326],[0.00954,50.89519],[0.00028,50.88956],[0.00567,50.88914],[0.00919,50.88848],[0.01161,50.8867],[0.01586,50.88778],[0.01593,50.88904]]],[[[-0.50288,50.95365],[-0.50465,50.95592],[-0.5093,50.95644],[-0.51673,50.95574],[-0.51282,50.95425],[-0.50288,50.95365]]],[[[1.35439,51.29876],[1.35008,51.29897],[1.34869,51.29996],[1.34823,51.30138],[1.34568,51.30161],[1.34341,51.29699],[1.34033,51.29355],[1.33768,51.29242],[1.33478,51.29328],[1.33134,51.29046],[1.33021,51.28843],[1.32838,51.28659],[1.32965,51.28502],[1.33169,51.28412],[1.33095,51.28232],[1.33367,51.28082],[1.33525,51.28204],[1.33653,51.28202],[1.34012,51.27998],[1.34023,51.27943],[1.33891,51.27828],[1.34205,51.27608],[1.34546,51.27555],[1.3481,51.27436],[1.35171,51.27525],[1.35126,51.27663],[1.35216,51.27764],[1.35381,51.27796],[1.35626,51.27777],[1.3559,51.2791],[1.35376,51.28029],[1.35059,51.28067],[1.35114,51.28281],[1.35214,51.28434],[1.34994,51.28553],[1.34925,51.28818],[1.3509,51.28894],[1.35338,51.28796],[1.35344,51.28958],[1.3505,51.29012],[1.3464,51.29289],[1.34824,51.29627],[1.35061,51.29755],[1.35194,51.29755],[1.35514,51.29625],[1.35551,51.29708],[1.35439,51.29876]]],[[[0.87817,51.36175],[0.87642,51.36251],[0.87574,51.36097],[0.87785,51.36031],[0.87817,51.36175]]],[[[0.86142,51.36567],[0.85997,51.3661],[0.85853,51.36695],[0.85849,51.36552],[0.85753,51.36474],[0.86036,51.36396],[0.86142,51.36567]]],[[[0.58906,51.39189],[0.58881,51.39362],[0.58651,51.39294],[0.58601,51.3919],[0.58906,51.39189]]],[[[0.68178,51.39654],[0.67949,51.39695],[0.67498,51.39613],[0.6735,51.39504],[0.6708,51.39442],[0.66967,51.39256],[0.67333,51.39062],[0.67495,51.39191],[0.67797,51.39317],[0.68072,51.395],[0.68252,51.39558],[0.68178,51.39654]]],[[[0.61357,51.40021],[0.6122,51.40131],[0.60811,51.40154],[0.60203,51.40234],[0.59985,51.40213],[0.599,51.40103],[0.59504,51.39941],[0.59607,51.39887],[0.59668,51.39669],[0.59829,51.39669],[0.59871,51.39503],[0.60339,51.39383],[0.60756,51.39665],[0.60741,51.39729],[0.61156,51.39974],[0.61254,51.39833],[0.61485,51.39759],[0.61357,51.40021]]],[[[0.57067,51.40784],[0.56618,51.40763],[0.56368,51.40797],[0.56083,51.40606],[0.56025,51.40323],[0.56152,51.40223],[0.56356,51.40217],[0.56914,51.40287],[0.57753,51.40302],[0.5813,51.40243],[0.58257,51.40313],[0.57946,51.40688],[0.57753,51.40547],[0.57461,51.40501],[0.57278,51.40547],[0.57067,51.40784]]],[[[0.61784,51.40751],[0.61563,51.40719],[0.61376,51.40752],[0.60843,51.40717],[0.61278,51.4061],[0.61435,51.40668],[0.61717,51.40675],[0.61784,51.40751]]],[[[0.68297,51.41265],[0.6822,51.41192],[0.68249,51.40898],[0.6791,51.40929],[0.6755,51.40899],[0.67676,51.40798],[0.67945,51.40761],[0.67791,51.40639],[0.67337,51.40809],[0.6721,51.41017],[0.66999,51.40935],[0.66752,51.4092],[0.6658,51.40786],[0.66593,51.40628],[0.66839,51.40589],[0.67181,51.40442],[0.67128,51.40373],[0.67404,51.40226],[0.67198,51.40098],[0.673,51.39883],[0.67659,51.39955],[0.68036,51.39995],[0.6805,51.3993],[0.68371,51.39809],[0.68991,51.39729],[0.69171,51.39669],[0.69451,51.39676],[0.69519,51.39815],[0.69142,51.40254],[0.69038,51.40533],[0.69104,51.40929],[0.68927,51.41235],[0.68558,51.41193],[0.68297,51.41265]]],[[[0.73135,51.41604],[0.73062,51.41747],[0.72867,51.41787],[0.72717,51.41976],[0.72422,51.41873],[0.72393,51.41756],[0.72608,51.41727],[0.73053,51.41557],[0.73135,51.41604]]],[[[0.7197,51.42066],[0.71687,51.41998],[0.71995,51.4191],[0.72301,51.42014],[0.7197,51.42066]]],[[[0.63385,51.42383],[0.63134,51.42416],[0.63026,51.42282],[0.62988,51.42105],[0.63231,51.42038],[0.63468,51.42042],[0.6369,51.41935],[0.63803,51.41787],[0.63891,51.42127],[0.63509,51.42288],[0.63385,51.42383]]],[[[0.6788,51.42352],[0.67613,51.42308],[0.67263,51.42337],[0.66777,51.42337],[0.66572,51.42381],[0.66144,51.42118],[0.65959,51.41857],[0.66343,51.41905],[0.66809,51.42048],[0.66874,51.41996],[0.67056,51.41617],[0.67073,51.41377],[0.67231,51.41348],[0.67621,51.41473],[0.67554,51.41818],[0.67631,51.41928],[0.68052,51.41924],[0.6841,51.41779],[0.68679,51.41453],[0.6882,51.41499],[0.68785,51.41807],[0.6873,51.41929],[0.68759,51.4219],[0.68466,51.42288],[0.68095,51.42277],[0.6788,51.42352]]],[[[0.72718,51.42279],[0.72609,51.42113],[0.72961,51.42091],[0.72833,51.42296],[0.72718,51.42279]]],[[[0.63832,51.4276],[0.63794,51.42905],[0.63662,51.42943],[0.63497,51.4277],[0.63549,51.42645],[0.6374,51.42657],[0.63832,51.4276]]],[[[0.62929,51.44065],[0.62824,51.44112],[0.62619,51.43854],[0.62717,51.43762],[0.6288,51.4378],[0.62985,51.44003],[0.62929,51.44065]]],[[[0.64658,51.4434],[0.64388,51.44273],[0.64562,51.4415],[0.6488,51.44203],[0.64658,51.4434]]],[[[0.64055,51.44435],[0.63872,51.44476],[0.63751,51.44408],[0.63876,51.44242],[0.64078,51.44226],[0.64055,51.44435]]],[[[0.66043,51.44745],[0.65754,51.44772],[0.65745,51.44499],[0.66073,51.44393],[0.66125,51.44658],[0.66043,51.44745]]],[[[0.87817,51.36175],[0.87787,51.35987],[0.87959,51.35926],[0.88122,51.35783],[0.88937,51.35535],[0.8963,51.35449],[0.89899,51.35451],[0.90777,51.3554],[0.91643,51.35828],[0.9211,51.36111],[0.92105,51.35978],[0.92645,51.36244],[0.92683,51.36487],[0.93055,51.3663],[0.93246,51.36761],[0.93717,51.36972],[0.93978,51.37038],[0.9429,51.37013],[0.94252,51.36819],[0.94515,51.36743],[0.94608,51.36973],[0.94888,51.371],[0.95094,51.37337],[0.94883,51.37602],[0.9451,51.37971],[0.94352,51.38244],[0.9407,51.38611],[0.93919,51.38745],[0.93815,51.38981],[0.92856,51.39646],[0.92487,51.39868],[0.91856,51.40176],[0.91019,51.40712],[0.9078,51.4102],[0.90426,51.41297],[0.90376,51.41456],[0.90137,51.41683],[0.89268,51.41862],[0.88846,51.4201],[0.88445,51.42092],[0.87455,51.42141],[0.87152,51.42081],[0.86768,51.4208],[0.86056,51.42241],[0.8527,51.42296],[0.84944,51.42355],[0.84599,51.42356],[0.84184,51.42461],[0.84057,51.42433],[0.83276,51.42509],[0.83122,51.42552],[0.82456,51.42554],[0.81603,51.42792],[0.80723,51.43171],[0.79159,51.43926],[0.78793,51.44033],[0.78222,51.44038],[0.77928,51.44069],[0.77588,51.44031],[0.7695,51.44084],[0.76236,51.44233],[0.75816,51.44402],[0.75447,51.44454],[0.75084,51.44543],[0.74526,51.44779],[0.74399,51.44767],[0.74342,51.44485],[0.74424,51.44299],[0.74433,51.44101],[0.73807,51.43265],[0.73658,51.42971],[0.73544,51.42437],[0.73601,51.42158],[0.74023,51.41728],[0.74107,51.41512],[0.74245,51.41428],[0.74047,51.41109],[0.73472,51.40932],[0.73245,51.40895],[0.72918,51.40989],[0.72584,51.41217],[0.72667,51.40983],[0.72804,51.40762],[0.72877,51.40479],[0.73128,51.40118],[0.7344,51.39973],[0.74197,51.39851],[0.74211,51.39771],[0.74612,51.39532],[0.7486,51.3943],[0.75077,51.39473],[0.75146,51.39387],[0.75139,51.39081],[0.75673,51.38815],[0.76025,51.38763],[0.76177,51.38829],[0.76484,51.38575],[0.7656,51.38574],[0.77032,51.37913],[0.76901,51.37814],[0.7655,51.37734],[0.76458,51.37469],[0.76482,51.37135],[0.76677,51.36982],[0.76837,51.3708],[0.77155,51.3686],[0.77751,51.36811],[0.7802,51.36951],[0.78054,51.37072],[0.78317,51.37064],[0.78721,51.37252],[0.78779,51.37343],[0.79059,51.37305],[0.79199,51.37058],[0.79709,51.37076],[0.79858,51.37045],[0.79928,51.36909],[0.80463,51.37062],[0.80473,51.3718],[0.8088,51.3699],[0.81978,51.36896],[0.82217,51.36786],[0.83661,51.36466],[0.8372,51.36388],[0.84052,51.36397],[0.84398,51.36368],[0.85028,51.36404],[0.8513,51.3649],[0.85098,51.36668],[0.8484,51.36885],[0.84574,51.36971],[0.84146,51.3699],[0.83935,51.3706],[0.84037,51.37151],[0.84258,51.3711],[0.84671,51.37126],[0.85026,51.37037],[0.85243,51.36863],[0.8535,51.36856],[0.85476,51.36637],[0.85669,51.36493],[0.85827,51.36621],[0.85771,51.36818],[0.85647,51.3699],[0.8577,51.3704],[0.85981,51.36964],[0.85984,51.36787],[0.85852,51.36715],[0.86062,51.36597],[0.8627,51.36546],[0.86873,51.36498],[0.87416,51.36324],[0.87655,51.36311],[0.87817,51.36175]]]]}},{"type":"Feature","properties":{"countryCode":"GB","code":"E12000009","nom":"Sud-Ouest","outreMer":false},"geometry":{"type":"MultiPolygon","coordinates":[[[[-2.6504,51.82612],[-2.65016,51.82411],[-2.66087,51.82275],[-2.65889,51.8198],[-2.66111,51.81812],[-2.65885,51.81369],[-2.65886,51.81145],[-2.65954,51.81068],[-2.66203,51.81011],[-2.665,51.81018],[-2.66977,51.80891],[-2.67261,51.80891],[-2.67349,51.8071],[-2.67554,51.80666],[-2.67575,51.80571],[-2.6783,51.80332],[-2.67757,51.79993],[-2.67675,51.7986],[-2.67147,51.79503],[-2.66981,51.79427],[-2.67271,51.79308],[-2.67289,51.78981],[-2.67409,51.78831],[-2.67584,51.78807],[-2.67336,51.78473],[-2.67349,51.78381],[-2.67613,51.78031],[-2.67505,51.77678],[-2.67685,51.7739],[-2.67993,51.77139],[-2.68045,51.76893],[-2.67946,51.76721],[-2.67642,51.76424],[-2.67473,51.76134],[-2.67155,51.75887],[-2.66605,51.75697],[-2.66293,51.75473],[-2.66278,51.7536],[-2.66505,51.74907],[-2.66856,51.74496],[-2.67126,51.73992],[-2.67094,51.73701],[-2.67513,51.73451],[-2.68576,51.73182],[-2.68715,51.73056],[-2.68604,51.72841],[-2.68008,51.72466],[-2.67995,51.72387],[-2.68128,51.72121],[-2.67895,51.71406],[-2.6774,51.71292],[-2.67243,51.71056],[-2.66839,51.7069],[-2.66803,51.7058],[-2.66863,51.7023],[-2.67026,51.70073],[-2.67334,51.70005],[-2.67683,51.70048],[-2.67977,51.7029],[-2.68322,51.70275],[-2.68351,51.70122],[-2.68272,51.70025],[-2.67392,51.69788],[-2.6726,51.69737],[-2.66961,51.69486],[-2.66848,51.69345],[-2.66806,51.69152],[-2.66854,51.6883],[-2.67182,51.68411],[-2.6723,51.6819],[-2.67075,51.68039],[-2.66781,51.67889],[-2.66221,51.67797],[-2.65835,51.67668],[-2.65685,51.67563],[-2.65637,51.67345],[-2.65918,51.67099],[-2.66726,51.66893],[-2.67181,51.66866],[-2.67459,51.66922],[-2.68081,51.66917],[-2.68403,51.66763],[-2.68415,51.6661],[-2.68557,51.66268],[-2.68461,51.66175],[-2.68055,51.66039],[-2.67708,51.66054],[-2.67459,51.66149],[-2.671,51.66459],[-2.66911,51.6656],[-2.66681,51.6657],[-2.66519,51.6647],[-2.66505,51.6624],[-2.6674,51.65841],[-2.67098,51.65508],[-2.67848,51.64917],[-2.67935,51.64705],[-2.67729,51.6452],[-2.67537,51.64563],[-2.67331,51.64682],[-2.67143,51.64696],[-2.66881,51.64639],[-2.66636,51.64397],[-2.66543,51.64235],[-2.66517,51.64023],[-2.66646,51.63706],[-2.66755,51.63566],[-2.66693,51.63306],[-2.66296,51.62876],[-2.65732,51.62527],[-2.65533,51.62312],[-2.65527,51.62082],[-2.65774,51.61898],[-2.65911,51.61708],[-2.65913,51.61573],[-2.65791,51.61348],[-2.65758,51.61053],[-2.65266,51.60935],[-2.65088,51.60978],[-2.64897,51.61113],[-2.64726,51.61675],[-2.6496,51.61869],[-2.65092,51.62159],[-2.65071,51.62604],[-2.64923,51.62965],[-2.64816,51.63101],[-2.64535,51.63339],[-2.64093,51.63568],[-2.63901,51.63935],[-2.6364,51.64213],[-2.63224,51.64528],[-2.63132,51.64773],[-2.62606,51.65227],[-2.62377,51.65364],[-2.62379,51.65468],[-2.62545,51.65668],[-2.62647,51.65884],[-2.6254,51.66142],[-2.62284,51.66331],[-2.61839,51.66528],[-2.61557,51.66708],[-2.6087,51.67277],[-2.60467,51.67497],[-2.6015,51.67609],[-2.59764,51.67831],[-2.59122,51.68045],[-2.57684,51.68466],[-2.57518,51.68612],[-2.57487,51.68748],[-2.57233,51.68964],[-2.56949,51.69118],[-2.56641,51.69147],[-2.56365,51.69115],[-2.56361,51.69316],[-2.561,51.69439],[-2.55692,51.69428],[-2.55414,51.6929],[-2.55249,51.69291],[-2.54774,51.69703],[-2.54517,51.69868],[-2.54291,51.69944],[-2.53713,51.70073],[-2.53432,51.70076],[-2.53037,51.70207],[-2.52709,51.7025],[-2.52561,51.70394],[-2.52025,51.7072],[-2.51496,51.70868],[-2.51102,51.70864],[-2.50851,51.70983],[-2.5054,51.71038],[-2.50518,51.71164],[-2.50141,51.71605],[-2.50095,51.71838],[-2.49831,51.7227],[-2.49815,51.72393],[-2.49601,51.72688],[-2.49412,51.7287],[-2.49009,51.73121],[-2.47894,51.73498],[-2.47737,51.73919],[-2.47357,51.74297],[-2.47106,51.74441],[-2.46508,51.74662],[-2.45977,51.74776],[-2.45402,51.75023],[-2.449,51.75267],[-2.441,51.75744],[-2.43749,51.75915],[-2.43017,51.76158],[-2.426,51.76419],[-2.41166,51.76815],[-2.40659,51.77051],[-2.40486,51.77257],[-2.40448,51.77471],[-2.40554,51.77704],[-2.40843,51.77868],[-2.41257,51.78003],[-2.41967,51.78123],[-2.42995,51.78214],[-2.43609,51.78104],[-2.44114,51.78177],[-2.44827,51.7848],[-2.45018,51.78683],[-2.45096,51.78985],[-2.45072,51.79094],[-2.452,51.7918],[-2.45301,51.79662],[-2.45183,51.79892],[-2.4492,51.80142],[-2.44767,51.80192],[-2.44398,51.80935],[-2.44039,51.81256],[-2.43336,51.81668],[-2.42965,51.81817],[-2.42402,51.81932],[-2.42102,51.81914],[-2.41696,51.81814],[-2.41446,51.81703],[-2.41105,51.81406],[-2.40637,51.80841],[-2.40157,51.80421],[-2.4012,51.80433],[-2.38599,51.80113],[-2.38047,51.79915],[-2.37535,51.79668],[-2.37008,51.79458],[-2.36515,51.79414],[-2.36147,51.79464],[-2.35289,51.79683],[-2.35075,51.79794],[-2.34882,51.7996],[-2.34796,51.80268],[-2.34946,51.80323],[-2.35365,51.80335],[-2.35904,51.8058],[-2.36031,51.8068],[-2.36237,51.81112],[-2.36207,51.81258],[-2.3623,51.8177],[-2.3633,51.8225],[-2.36262,51.82532],[-2.3606,51.82736],[-2.35827,51.82819],[-2.35346,51.82876],[-2.35047,51.8297],[-2.35145,51.83109],[-2.35605,51.83333],[-2.35716,51.83591],[-2.35666,51.83936],[-2.35551,51.84251],[-2.35385,51.8454],[-2.35197,51.8465],[-2.34343,51.84802],[-2.33734,51.85],[-2.33297,51.85077],[-2.32896,51.85019],[-2.32469,51.84845],[-2.31959,51.84773],[-2.31315,51.84782],[-2.30755,51.84727],[-2.30523,51.84638],[-2.30362,51.8445],[-2.30206,51.83744],[-2.30067,51.8346],[-2.29887,51.83324],[-2.29698,51.83258],[-2.29383,51.83289],[-2.2911,51.83484],[-2.29146,51.83747],[-2.29076,51.83914],[-2.28811,51.84078],[-2.2811,51.84369],[-2.27992,51.84494],[-2.28061,51.84688],[-2.28886,51.85829],[-2.28821,51.8603],[-2.2862,51.86108],[-2.27808,51.86213],[-2.27545,51.86296],[-2.27338,51.86459],[-2.27229,51.86685],[-2.27054,51.8683],[-2.27077,51.87081],[-2.26856,51.87377],[-2.26759,51.87708],[-2.26878,51.88145],[-2.26812,51.8847],[-2.26831,51.88789],[-2.26751,51.88782],[-2.2672,51.88509],[-2.26794,51.88214],[-2.2667,51.87774],[-2.26777,51.87351],[-2.26984,51.87109],[-2.26938,51.86827],[-2.2711,51.86676],[-2.27258,51.86409],[-2.27502,51.86215],[-2.27797,51.86136],[-2.28539,51.86046],[-2.28748,51.85961],[-2.2875,51.85817],[-2.27956,51.84786],[-2.27859,51.84492],[-2.28055,51.84293],[-2.28846,51.83965],[-2.28958,51.8388],[-2.29001,51.83486],[-2.2915,51.83319],[-2.29508,51.83193],[-2.29851,51.83229],[-2.30103,51.83362],[-2.30217,51.83505],[-2.30415,51.84104],[-2.30465,51.8445],[-2.30594,51.84583],[-2.30797,51.84652],[-2.31165,51.84709],[-2.32275,51.8474],[-2.32523,51.84795],[-2.32962,51.84974],[-2.33278,51.8501],[-2.33683,51.84957],[-2.34295,51.84745],[-2.35145,51.84602],[-2.35343,51.84364],[-2.35518,51.83934],[-2.35582,51.8351],[-2.35481,51.83375],[-2.34968,51.83136],[-2.34891,51.82958],[-2.35051,51.82832],[-2.35807,51.8272],[-2.35968,51.82667],[-2.36106,51.82504],[-2.36169,51.82227],[-2.35975,51.8172],[-2.3597,51.81258],[-2.35913,51.81115],[-2.35776,51.81031],[-2.35004,51.8074],[-2.34733,51.80586],[-2.34621,51.80474],[-2.34527,51.80084],[-2.34609,51.79926],[-2.35067,51.79533],[-2.35414,51.79409],[-2.35742,51.7933],[-2.36226,51.7928],[-2.36706,51.7919],[-2.37019,51.79201],[-2.37473,51.79274],[-2.38071,51.79473],[-2.39012,51.79942],[-2.39703,51.80061],[-2.40122,51.80094],[-2.40383,51.80171],[-2.40685,51.80335],[-2.41209,51.80511],[-2.41526,51.80679],[-2.41919,51.81039],[-2.41991,51.81201],[-2.42146,51.8135],[-2.42462,51.81507],[-2.42811,51.81447],[-2.43362,51.81104],[-2.43815,51.80686],[-2.44418,51.79968],[-2.44708,51.79538],[-2.44712,51.79315],[-2.44548,51.79053],[-2.4417,51.78865],[-2.43516,51.78697],[-2.43137,51.78653],[-2.4178,51.78632],[-2.41187,51.78529],[-2.40831,51.78406],[-2.40537,51.78248],[-2.40324,51.78217],[-2.39803,51.78065],[-2.394,51.77901],[-2.38545,51.77636],[-2.38242,51.77446],[-2.38111,51.77246],[-2.37918,51.7678],[-2.37931,51.76287],[-2.38054,51.76065],[-2.38311,51.75854],[-2.38512,51.75761],[-2.38901,51.75668],[-2.3921,51.75472],[-2.39916,51.75098],[-2.40666,51.74896],[-2.40854,51.74885],[-2.4107,51.74776],[-2.41163,51.74648],[-2.41556,51.74355],[-2.42546,51.73941],[-2.42921,51.73821],[-2.42974,51.73725],[-2.43254,51.73654],[-2.43713,51.73691],[-2.44626,51.73912],[-2.4483,51.74005],[-2.45148,51.73933],[-2.45691,51.73665],[-2.46238,51.73291],[-2.46553,51.73],[-2.47219,51.72603],[-2.47447,51.72541],[-2.48186,51.72564],[-2.48274,51.7239],[-2.48238,51.72279],[-2.48312,51.71853],[-2.48256,51.71711],[-2.48359,51.71577],[-2.48445,51.70986],[-2.48618,51.70519],[-2.48938,51.70084],[-2.48713,51.69949],[-2.48716,51.69829],[-2.48933,51.69801],[-2.4902,51.70027],[-2.49154,51.69937],[-2.49362,51.69665],[-2.49748,51.69317],[-2.5064,51.68748],[-2.51071,51.68518],[-2.51717,51.68272],[-2.52363,51.68174],[-2.52743,51.68076],[-2.54218,51.67389],[-2.54887,51.67093],[-2.55369,51.66935],[-2.55853,51.66634],[-2.5655,51.65868],[-2.56911,51.65555],[-2.57375,51.64861],[-2.57374,51.64642],[-2.57591,51.64191],[-2.57887,51.63825],[-2.57996,51.63408],[-2.58418,51.62906],[-2.59136,51.62295],[-2.59806,51.61839],[-2.60418,51.61487],[-2.60845,51.61314],[-2.61034,51.61179],[-2.61363,51.61031],[-2.62222,51.60708],[-2.62779,51.60565],[-2.63029,51.6015],[-2.63399,51.59797],[-2.6358,51.5955],[-2.63631,51.59392],[-2.63992,51.58948],[-2.64358,51.58597],[-2.64946,51.58158],[-2.65288,51.57947],[-2.65415,51.57802],[-2.65785,51.57564],[-2.66335,51.57371],[-2.6654,51.56983],[-2.66663,51.56875],[-2.66604,51.56648],[-2.66712,51.56294],[-2.66748,51.55901],[-2.6671,51.55828],[-2.66806,51.55401],[-2.67101,51.54784],[-2.67255,51.54569],[-2.67884,51.5391],[-2.67933,51.53804],[-2.68798,51.52942],[-2.69887,51.51919],[-2.70029,51.51734],[-2.70286,51.51533],[-2.70673,51.51471],[-2.71011,51.51257],[-2.71263,51.50983],[-2.71557,51.5073],[-2.7137,51.50593],[-2.71456,51.50521],[-2.71009,51.50222],[-2.70956,51.4987],[-2.70873,51.49773],[-2.70248,51.49585],[-2.69889,51.49431],[-2.69746,51.49418],[-2.69663,51.49278],[-2.69239,51.48997],[-2.68578,51.48458],[-2.67974,51.48125],[-2.67764,51.48073],[-2.67416,51.481],[-2.67185,51.48186],[-2.6679,51.48401],[-2.66605,51.48704],[-2.66373,51.48786],[-2.66191,51.48786],[-2.65966,51.48712],[-2.65614,51.48407],[-2.65222,51.48157],[-2.65078,51.4798],[-2.64941,51.47704],[-2.64981,51.47504],[-2.64869,51.47371],[-2.6439,51.47077],[-2.63583,51.46896],[-2.63291,51.46739],[-2.63004,51.46072],[-2.62991,51.45775],[-2.62708,51.45476],[-2.62658,51.45255],[-2.62518,51.45036],[-2.62399,51.44956],[-2.62374,51.44742],[-2.6209,51.44611],[-2.61744,51.4459],[-2.60738,51.44677],[-2.60555,51.44647],[-2.61921,51.44537],[-2.62159,51.44561],[-2.6251,51.44744],[-2.62622,51.45037],[-2.62778,51.45254],[-2.62836,51.45465],[-2.63122,51.45774],[-2.63155,51.46144],[-2.63391,51.46661],[-2.63681,51.46826],[-2.64152,51.46917],[-2.64559,51.47038],[-2.64951,51.47315],[-2.65117,51.47391],[-2.65158,51.47805],[-2.65256,51.47979],[-2.65726,51.48301],[-2.66078,51.48631],[-2.6635,51.48694],[-2.6649,51.48628],[-2.6659,51.48385],[-2.67051,51.48118],[-2.67314,51.48025],[-2.67624,51.47968],[-2.68036,51.48035],[-2.68756,51.48377],[-2.69453,51.48897],[-2.7011,51.49322],[-2.70382,51.49432],[-2.71169,51.49648],[-2.7128,51.49767],[-2.71757,51.50033],[-2.71821,51.50138],[-2.72279,51.5016],[-2.72665,51.50046],[-2.72802,51.49766],[-2.73089,51.49652],[-2.73541,51.49355],[-2.73669,51.49405],[-2.74166,51.49319],[-2.74593,51.49282],[-2.75263,51.49303],[-2.75445,51.49235],[-2.75657,51.49257],[-2.75566,51.49376],[-2.75873,51.49512],[-2.76715,51.49471],[-2.77322,51.49467],[-2.77262,51.49371],[-2.77421,51.49203],[-2.777,51.49115],[-2.77789,51.4895],[-2.78177,51.48821],[-2.78414,51.48706],[-2.79124,51.48655],[-2.79534,51.48573],[-2.79714,51.48605],[-2.79987,51.4852],[-2.80295,51.48268],[-2.80608,51.48127],[-2.80815,51.47963],[-2.80936,51.47937],[-2.81026,51.47777],[-2.81183,51.47735],[-2.81383,51.47568],[-2.81528,51.47521],[-2.81815,51.47279],[-2.8193,51.47053],[-2.82142,51.46933],[-2.82365,51.46712],[-2.82987,51.46552],[-2.83181,51.46424],[-2.83737,51.46171],[-2.83854,51.46052],[-2.84175,51.45876],[-2.84907,51.4554],[-2.85277,51.45286],[-2.85207,51.45173],[-2.85383,51.45011],[-2.85727,51.44812],[-2.86012,51.44568],[-2.86208,51.44338],[-2.8618,51.44078],[-2.86579,51.43838],[-2.86671,51.43667],[-2.87013,51.43581],[-2.87225,51.43453],[-2.87916,51.43185],[-2.87923,51.43119],[-2.87667,51.43032],[-2.87556,51.42778],[-2.87729,51.42801],[-2.88032,51.42761],[-2.88282,51.4256],[-2.88508,51.41901],[-2.88796,51.4145],[-2.89084,51.4125],[-2.89393,51.40957],[-2.8939,51.40851],[-2.89583,51.40663],[-2.907,51.39976],[-2.9096,51.3988],[-2.91296,51.39594],[-2.91245,51.39531],[-2.9095,51.39473],[-2.90686,51.39328],[-2.90542,51.39331],[-2.90377,51.39226],[-2.90545,51.39169],[-2.90839,51.39277],[-2.91025,51.39413],[-2.91731,51.39587],[-2.91973,51.39579],[-2.92935,51.39451],[-2.93509,51.39533],[-2.936,51.39371],[-2.93799,51.39435],[-2.93672,51.39646],[-2.93727,51.39809],[-2.93976,51.39816],[-2.94397,51.39723],[-2.94794,51.39595],[-2.95146,51.39447],[-2.9516,51.39382],[-2.95439,51.39278],[-2.95787,51.39201],[-2.96503,51.39227],[-2.96814,51.39104],[-2.97211,51.3901],[-2.97193,51.38963],[-2.97768,51.38855],[-2.97295,51.3882],[-2.97028,51.38768],[-2.96716,51.38564],[-2.96688,51.38364],[-2.96371,51.38326],[-2.96248,51.38239],[-2.9622,51.37521],[-2.96459,51.37218],[-2.96696,51.364],[-2.97131,51.36244],[-2.97485,51.36205],[-2.9787,51.36111],[-2.98459,51.36026],[-2.98616,51.35947],[-2.99154,51.35845],[-2.9942,51.35705],[-2.9949,51.3556],[-2.99394,51.35407],[-2.98877,51.35321],[-2.98854,51.352],[-2.98488,51.35157],[-2.98281,51.34964],[-2.98289,51.34673],[-2.98606,51.33453],[-2.98866,51.32783],[-2.99247,51.32066],[-2.99224,51.31896],[-2.99079,51.31738],[-2.98589,51.31458],[-2.98534,51.31188],[-2.98701,51.30967],[-2.98974,51.30798],[-2.99226,51.30761],[-2.99426,51.30625],[-2.99409,51.30288],[-2.99492,51.30271],[-2.9952,51.30756],[-2.98936,51.30886],[-2.98723,51.31068],[-2.98636,51.31246],[-2.98725,51.31465],[-2.99191,51.31738],[-2.99332,51.32016],[-2.99551,51.32156],[-2.99898,51.32222],[-3.00135,51.32216],[-3.00205,51.32364],[-3.00375,51.32496],[-3.00849,51.32563],[-3.01114,51.32522],[-3.01565,51.32657],[-3.01886,51.32697],[-3.02216,51.3264],[-3.02638,51.32784],[-3.03223,51.32808],[-3.03547,51.32854],[-3.03365,51.32624],[-3.02814,51.32421],[-3.02451,51.32359],[-3.01956,51.32356],[-3.01708,51.32315],[-3.01408,51.32346],[-3.01304,51.32264],[-3.01173,51.31991],[-3.01143,51.31744],[-3.01191,51.31125],[-3.01388,51.29776],[-3.01622,51.28807],[-3.02062,51.27307],[-3.02157,51.26598],[-3.01922,51.26049],[-3.01624,51.25729],[-3.01109,51.25106],[-3.00554,51.24743],[-3.00304,51.24492],[-3.00051,51.24162],[-2.99948,51.23691],[-3.00038,51.2345],[-3.00035,51.23287],[-3.00189,51.23006],[-3.00265,51.22782],[-3.00104,51.22682],[-2.9983,51.22637],[-2.99738,51.22455],[-2.99427,51.22267],[-2.99819,51.2221],[-3.00029,51.22297],[-2.99933,51.2255],[-3.00214,51.22603],[-3.00352,51.22402],[-3.00256,51.22233],[-3.0039,51.22142],[-3.00618,51.22133],[-3.01047,51.21757],[-3.01258,51.214],[-3.01607,51.21035],[-3.01607,51.20889],[-3.0171,51.20641],[-3.01829,51.20712],[-3.02046,51.20174],[-3.0203,51.19981],[-3.02112,51.19788],[-3.02592,51.19349],[-3.03042,51.19065],[-3.03521,51.18878],[-3.04804,51.1879],[-3.05102,51.18715],[-3.05351,51.1851],[-3.05554,51.18152],[-3.05592,51.17853],[-3.05489,51.17621],[-3.04938,51.17266],[-3.04518,51.16898],[-3.04295,51.16598],[-3.04126,51.16487],[-3.03753,51.16387],[-3.03387,51.1644],[-3.03133,51.16648],[-3.03089,51.16748],[-3.03165,51.17282],[-3.03109,51.17472],[-3.02887,51.17617],[-3.02357,51.17719],[-3.01872,51.17714],[-3.00894,51.17428],[-3.00587,51.17194],[-3.00208,51.16739],[-3.00129,51.16557],[-3.00154,51.1618],[-2.99634,51.16173],[-2.99293,51.16279],[-2.98989,51.1627],[-2.98827,51.16138],[-2.9878,51.15967],[-2.98865,51.15845],[-2.99095,51.1572],[-2.99023,51.15451],[-2.99162,51.15393],[-2.99236,51.15657],[-2.98966,51.1612],[-2.99113,51.16209],[-2.99584,51.16077],[-3.0025,51.16097],[-3.00455,51.16197],[-3.0056,51.1636],[-3.00378,51.16555],[-3.0035,51.16682],[-3.00547,51.16874],[-3.00739,51.17141],[-3.00956,51.17312],[-3.01161,51.17389],[-3.02042,51.17596],[-3.024,51.1758],[-3.02772,51.17507],[-3.02921,51.17377],[-3.02833,51.1691],[-3.02904,51.16611],[-3.03025,51.16484],[-3.03322,51.16308],[-3.03641,51.16246],[-3.04038,51.16291],[-3.0435,51.16407],[-3.05586,51.17346],[-3.05743,51.17484],[-3.05982,51.17894],[-3.05687,51.18577],[-3.05532,51.18777],[-3.05313,51.18949],[-3.04837,51.19202],[-3.04517,51.19459],[-3.04191,51.19492],[-3.03951,51.19419],[-3.03556,51.19363],[-3.03321,51.19416],[-3.03042,51.19674],[-3.02987,51.19933],[-3.03384,51.19908],[-3.0418,51.20082],[-3.04388,51.20096],[-3.04655,51.20002],[-3.0512,51.19748],[-3.05597,51.19436],[-3.05762,51.19097],[-3.0554,51.19101],[-3.0557,51.18966],[-3.05828,51.18961],[-3.06118,51.19123],[-3.0595,51.19238],[-3.05778,51.19101],[-3.0572,51.19342],[-3.06049,51.19329],[-3.06152,51.19151],[-3.06321,51.19108],[-3.06619,51.19237],[-3.0633,51.19414],[-3.06058,51.19337],[-3.0577,51.19423],[-3.05477,51.19568],[-3.0503,51.19862],[-3.04438,51.20152],[-3.04251,51.20158],[-3.03547,51.20034],[-3.02854,51.19968],[-3.02791,51.20037],[-3.02669,51.20649],[-3.02571,51.20891],[-3.02592,51.20975],[-3.02462,51.21289],[-3.0206,51.21576],[-3.02032,51.21815],[-3.02295,51.21861],[-3.02582,51.21858],[-3.02853,51.21794],[-3.02963,51.21846],[-3.03484,51.21613],[-3.04724,51.20923],[-3.05939,51.20383],[-3.06448,51.2027],[-3.06678,51.20249],[-3.07101,51.20141],[-3.07632,51.20125],[-3.08062,51.20193],[-3.09025,51.2056],[-3.09402,51.20656],[-3.0963,51.20678],[-3.10057,51.20816],[-3.10326,51.20847],[-3.11318,51.20695],[-3.11502,51.20712],[-3.12103,51.20864],[-3.1233,51.21028],[-3.12655,51.21139],[-3.12725,51.21092],[-3.13175,51.21082],[-3.13632,51.20985],[-3.14435,51.20905],[-3.14867,51.20918],[-3.15394,51.20877],[-3.15651,51.20815],[-3.15926,51.20544],[-3.1647,51.20253],[-3.17199,51.20215],[-3.18069,51.19973],[-3.1882,51.2024],[-3.19045,51.20274],[-3.19579,51.20239],[-3.19998,51.20155],[-3.20221,51.2014],[-3.20652,51.19971],[-3.21632,51.19428],[-3.21983,51.19415],[-3.22165,51.19316],[-3.22582,51.19304],[-3.22836,51.19201],[-3.23172,51.1912],[-3.23704,51.19109],[-3.24383,51.18873],[-3.25006,51.18741],[-3.25403,51.18735],[-3.25684,51.18774],[-3.26224,51.18575],[-3.26589,51.18346],[-3.2692,51.18201],[-3.27598,51.17977],[-3.27807,51.17958],[-3.28014,51.18049],[-3.28274,51.18019],[-3.2861,51.18192],[-3.28866,51.18166],[-3.29226,51.18223],[-3.29658,51.18222],[-3.30315,51.18098],[-3.30791,51.17963],[-3.31246,51.17948],[-3.31937,51.18048],[-3.31975,51.18217],[-3.32525,51.18302],[-3.32711,51.18288],[-3.32771,51.18195],[-3.33195,51.183],[-3.33641,51.18331],[-3.34577,51.18136],[-3.35253,51.18154],[-3.3541,51.18213],[-3.3633,51.18404],[-3.3724,51.18485],[-3.37612,51.18462],[-3.38472,51.18297],[-3.39542,51.18243],[-3.40475,51.18262],[-3.40774,51.18296],[-3.41161,51.1839],[-3.41527,51.18559],[-3.41846,51.18795],[-3.4235,51.19017],[-3.42857,51.19374],[-3.43009,51.19566],[-3.43176,51.19597],[-3.43549,51.19898],[-3.43755,51.2023],[-3.44201,51.2065],[-3.44686,51.20827],[-3.4476,51.2089],[-3.45419,51.20885],[-3.45524,51.20953],[-3.46063,51.20801],[-3.46415,51.20751],[-3.46771,51.20765],[-3.47094,51.2083],[-3.4729,51.20926],[-3.47379,51.21258],[-3.47588,51.21464],[-3.47904,51.21699],[-3.48377,51.21918],[-3.48953,51.22034],[-3.49294,51.22257],[-3.49689,51.22397],[-3.49821,51.22401],[-3.503,51.22299],[-3.50817,51.22394],[-3.51291,51.22595],[-3.51785,51.22627],[-3.52078,51.22721],[-3.52838,51.22886],[-3.53362,51.23066],[-3.54301,51.23238],[-3.54841,51.23234],[-3.55555,51.23328],[-3.55736,51.23252],[-3.5592,51.23261],[-3.5635,51.23143],[-3.56781,51.2314],[-3.56996,51.23186],[-3.57346,51.23151],[-3.57497,51.23196],[-3.57871,51.23214],[-3.57873,51.23101],[-3.58056,51.22937],[-3.58618,51.22552],[-3.59068,51.22326],[-3.59893,51.22082],[-3.6029,51.2203],[-3.60655,51.22028],[-3.61084,51.21959],[-3.60591,51.21852],[-3.60665,51.21729],[-3.60944,51.21735],[-3.60988,51.21828],[-3.6123,51.21873],[-3.61759,51.21684],[-3.62202,51.21667],[-3.62433,51.21756],[-3.62562,51.21894],[-3.62792,51.21912],[-3.63045,51.22134],[-3.63061,51.22299],[-3.63198,51.22361],[-3.63635,51.22284],[-3.6413,51.22291],[-3.646,51.22411],[-3.64959,51.22449],[-3.65503,51.22445],[-3.65704,51.22514],[-3.6619,51.22532],[-3.66425,51.2261],[-3.66713,51.22591],[-3.67166,51.22671],[-3.67419,51.22668],[-3.68138,51.22729],[-3.69106,51.22856],[-3.69458,51.22937],[-3.69845,51.23107],[-3.70073,51.23124],[-3.70393,51.23081],[-3.70807,51.23204],[-3.715,51.23168],[-3.72002,51.23268],[-3.72268,51.23399],[-3.72419,51.23412],[-3.7277,51.23544],[-3.73141,51.23528],[-3.74041,51.23582],[-3.74217,51.23538],[-3.7452,51.23548],[-3.74691,51.2363],[-3.75121,51.2364],[-3.75267,51.23694],[-3.75482,51.23674],[-3.75814,51.23727],[-3.76191,51.23736],[-3.76456,51.23704],[-3.76978,51.23766],[-3.77608,51.23973],[-3.77972,51.24182],[-3.78548,51.24641],[-3.78705,51.2463],[-3.79073,51.24406],[-3.79226,51.24398],[-3.79352,51.24271],[-3.79579,51.24181],[-3.79531,51.2404],[-3.79955,51.23675],[-3.80666,51.23233],[-3.81046,51.23164],[-3.81228,51.23194],[-3.81343,51.23115],[-3.81889,51.23172],[-3.82196,51.23155],[-3.82518,51.23183],[-3.82747,51.23273],[-3.83122,51.23162],[-3.83487,51.23282],[-3.83619,51.23387],[-3.83923,51.235],[-3.8417,51.23533],[-3.84572,51.23523],[-3.85374,51.23457],[-3.85592,51.23325],[-3.85924,51.2323],[-3.86008,51.23111],[-3.86152,51.23077],[-3.86411,51.23148],[-3.86896,51.23107],[-3.87138,51.23034],[-3.8726,51.22937],[-3.87166,51.22784],[-3.87247,51.22709],[-3.87504,51.22809],[-3.87625,51.22737],[-3.87888,51.22856],[-3.88075,51.2288],[-3.88389,51.22555],[-3.88728,51.22544],[-3.89203,51.22377],[-3.89612,51.22446],[-3.8972,51.22588],[-3.89926,51.2257],[-3.90121,51.22634],[-3.90149,51.22831],[-3.90407,51.22964],[-3.90569,51.22874],[-3.90704,51.22954],[-3.91063,51.22961],[-3.91322,51.23045],[-3.91927,51.23031],[-3.92619,51.23181],[-3.92823,51.22954],[-3.93104,51.22979],[-3.93606,51.22851],[-3.93877,51.22878],[-3.94084,51.22712],[-3.94236,51.22503],[-3.94455,51.22499],[-3.94577,51.2229],[-3.94749,51.22172],[-3.95099,51.2208],[-3.95607,51.22043],[-3.95788,51.21955],[-3.96313,51.21917],[-3.96696,51.21943],[-3.97124,51.21933],[-3.97272,51.22002],[-3.97639,51.21967],[-3.97773,51.21897],[-3.98049,51.2194],[-3.98281,51.2182],[-3.98718,51.21867],[-3.99387,51.21755],[-3.99685,51.21836],[-4.00004,51.21786],[-4.00317,51.21926],[-4.00603,51.21725],[-4.00863,51.21665],[-4.01318,51.21728],[-4.01722,51.21632],[-4.02108,51.2167],[-4.02376,51.21553],[-4.02551,51.21639],[-4.02837,51.21638],[-4.03078,51.21547],[-4.03247,51.21353],[-4.03081,51.21156],[-4.03183,51.21052],[-4.03364,51.20999],[-4.03963,51.21026],[-4.03971,51.20793],[-4.03875,51.20667],[-4.04715,51.20797],[-4.05077,51.20745],[-4.05306,51.20921],[-4.05612,51.21079],[-4.05617,51.21193],[-4.05885,51.21169],[-4.06324,51.21325],[-4.0652,51.21513],[-4.06967,51.21595],[-4.07106,51.21423],[-4.07406,51.21558],[-4.07639,51.21576],[-4.08018,51.21806],[-4.08236,51.21732],[-4.0822,51.2161],[-4.08589,51.21663],[-4.08782,51.21732],[-4.08841,51.2156],[-4.09018,51.21403],[-4.09254,51.21395],[-4.09298,51.21293],[-4.09638,51.2126],[-4.09824,51.21165],[-4.10256,51.21257],[-4.10526,51.21122],[-4.10584,51.21005],[-4.11046,51.2098],[-4.1126,51.20914],[-4.11566,51.20972],[-4.11591,51.21116],[-4.11755,51.21103],[-4.11949,51.21216],[-4.12197,51.21214],[-4.12165,51.21043],[-4.12467,51.21103],[-4.12842,51.21026],[-4.13184,51.20865],[-4.13379,51.20866],[-4.13623,51.20746],[-4.13936,51.20721],[-4.14308,51.20622],[-4.14612,51.20408],[-4.15021,51.20443],[-4.15089,51.20397],[-4.15602,51.20429],[-4.1571,51.20269],[-4.1594,51.20177],[-4.1611,51.20257],[-4.16553,51.20256],[-4.16813,51.20116],[-4.17113,51.20101],[-4.17157,51.199],[-4.17494,51.1987],[-4.17764,51.19731],[-4.18298,51.19958],[-4.1889,51.19942],[-4.19072,51.19996],[-4.19308,51.19924],[-4.19605,51.19961],[-4.1984,51.19935],[-4.19902,51.2003],[-4.2013,51.20062],[-4.20324,51.1998],[-4.2028,51.19857],[-4.20507,51.19564],[-4.20657,51.19551],[-4.20729,51.1926],[-4.21009,51.1919],[-4.21065,51.19055],[-4.21213,51.19069],[-4.21435,51.18991],[-4.21782,51.19009],[-4.22496,51.18878],[-4.22766,51.18872],[-4.22934,51.18722],[-4.22597,51.18665],[-4.22489,51.1859],[-4.2223,51.18616],[-4.22081,51.18489],[-4.21582,51.18327],[-4.21388,51.18203],[-4.21429,51.18045],[-4.21148,51.17839],[-4.2138,51.17741],[-4.21449,51.17646],[-4.2126,51.17511],[-4.21242,51.17336],[-4.20977,51.17264],[-4.20976,51.17077],[-4.2121,51.16049],[-4.21456,51.15423],[-4.21634,51.15139],[-4.21984,51.14676],[-4.22246,51.14464],[-4.22517,51.14426],[-4.22988,51.14524],[-4.23234,51.14497],[-4.23703,51.14566],[-4.24157,51.14517],[-4.24525,51.14574],[-4.24794,51.14539],[-4.2515,51.1465],[-4.25569,51.14692],[-4.25739,51.1466],[-4.2588,51.1434],[-4.26055,51.14358],[-4.25925,51.14101],[-4.25675,51.13987],[-4.24979,51.13814],[-4.24659,51.13542],[-4.23916,51.13335],[-4.23777,51.12983],[-4.23852,51.12743],[-4.24126,51.12616],[-4.24291,51.12434],[-4.24318,51.12282],[-4.2406,51.12196],[-4.24061,51.12085],[-4.23898,51.12007],[-4.23115,51.11889],[-4.22859,51.11827],[-4.22582,51.11843],[-4.22245,51.11769],[-4.22185,51.11208],[-4.22305,51.10132],[-4.22323,51.08744],[-4.22229,51.08522],[-4.22008,51.08219],[-4.21856,51.07806],[-4.21744,51.0768],[-4.21308,51.07473],[-4.20949,51.07353],[-4.20579,51.07151],[-4.20294,51.07072],[-4.19877,51.07003],[-4.19296,51.06714],[-4.18983,51.06607],[-4.18819,51.0668],[-4.19026,51.06778],[-4.19179,51.07009],[-4.19076,51.07133],[-4.188,51.07302],[-4.18547,51.07616],[-4.18189,51.07726],[-4.17329,51.07933],[-4.1666,51.08047],[-4.16768,51.0822],[-4.16704,51.08419],[-4.17086,51.08722],[-4.1692,51.09072],[-4.16716,51.09063],[-4.16897,51.08751],[-4.16591,51.08471],[-4.16375,51.08358],[-4.1621,51.08381],[-4.15956,51.08505],[-4.15713,51.08539],[-4.15217,51.08534],[-4.14984,51.08445],[-4.14655,51.08373],[-4.13314,51.08584],[-4.13119,51.08655],[-4.12927,51.08799],[-4.12926,51.08979],[-4.12827,51.09147],[-4.1287,51.09347],[-4.11891,51.09463],[-4.11294,51.09444],[-4.10721,51.09368],[-4.10488,51.0925],[-4.10197,51.0902],[-4.09917,51.08865],[-4.09618,51.08746],[-4.08822,51.0858],[-4.0849,51.08404],[-4.07974,51.08236],[-4.07548,51.08002],[-4.0695,51.08129],[-4.06688,51.08111],[-4.06016,51.07831],[-4.05639,51.07495],[-4.06457,51.07892],[-4.06784,51.07927],[-4.07084,51.07787],[-4.07624,51.07685],[-4.08235,51.07788],[-4.08511,51.07855],[-4.0873,51.08023],[-4.08982,51.08149],[-4.09529,51.08255],[-4.10272,51.08329],[-4.10778,51.08534],[-4.11105,51.0883],[-4.11317,51.08968],[-4.11766,51.08984],[-4.11888,51.08766],[-4.11795,51.08292],[-4.11808,51.08153],[-4.1205,51.08025],[-4.1223,51.07871],[-4.1219,51.07766],[-4.11882,51.07546],[-4.1146,51.07457],[-4.11467,51.07383],[-4.11854,51.07429],[-4.12303,51.07717],[-4.12346,51.07925],[-4.12578,51.07833],[-4.12963,51.07757],[-4.13277,51.07843],[-4.13616,51.07852],[-4.13923,51.07962],[-4.14271,51.07918],[-4.14625,51.07998],[-4.15308,51.08013],[-4.15497,51.07944],[-4.15403,51.07771],[-4.15515,51.0766],[-4.15447,51.07556],[-4.15172,51.07348],[-4.15379,51.07325],[-4.15788,51.07351],[-4.15884,51.07317],[-4.16217,51.0744],[-4.16436,51.07474],[-4.16565,51.07399],[-4.17015,51.07285],[-4.17211,51.072],[-4.17342,51.07069],[-4.1741,51.06902],[-4.17855,51.06815],[-4.18069,51.06652],[-4.17875,51.06352],[-4.17985,51.06179],[-4.18014,51.05904],[-4.18199,51.05603],[-4.18175,51.05428],[-4.18237,51.05115],[-4.1794,51.0501],[-4.18031,51.04774],[-4.18266,51.0446],[-4.18598,51.04171],[-4.18825,51.03817],[-4.19146,51.03642],[-4.19522,51.03521],[-4.19807,51.03356],[-4.19896,51.02994],[-4.19892,51.02669],[-4.19703,51.02421],[-4.19783,51.02158],[-4.19941,51.02076],[-4.20223,51.01576],[-4.20429,51.00842],[-4.20331,51.00578],[-4.1936,51.00154],[-4.19011,51.00043],[-4.18836,51.00027],[-4.18475,51.00084],[-4.18164,51.00079],[-4.17878,51.00002],[-4.17684,50.99686],[-4.17815,50.99397],[-4.18151,50.99172],[-4.18444,50.99099],[-4.1887,50.99197],[-4.18855,50.99245],[-4.18392,50.99155],[-4.18265,50.99181],[-4.17865,50.99519],[-4.17768,50.99712],[-4.17979,50.99968],[-4.18215,51.00014],[-4.18596,50.99935],[-4.18851,50.99917],[-4.19228,50.99947],[-4.1932,51.00007],[-4.2042,51.00449],[-4.20578,51.0055],[-4.20675,51.00803],[-4.20566,51.01376],[-4.20495,51.01487],[-4.20341,51.02086],[-4.20226,51.02329],[-4.2021,51.02477],[-4.20337,51.02895],[-4.20325,51.03124],[-4.20393,51.03183],[-4.20279,51.03446],[-4.20166,51.0356],[-4.19968,51.03645],[-4.19572,51.03958],[-4.19343,51.04291],[-4.19225,51.04356],[-4.19047,51.04643],[-4.19148,51.0505],[-4.19058,51.05215],[-4.19065,51.05479],[-4.1931,51.05554],[-4.19476,51.05695],[-4.19765,51.05793],[-4.19955,51.05759],[-4.20195,51.05527],[-4.20519,51.05413],[-4.20624,51.05335],[-4.2101,51.05279],[-4.21371,51.05672],[-4.21205,51.05944],[-4.21202,51.06122],[-4.20884,51.06094],[-4.20891,51.06224],[-4.2173,51.06496],[-4.22174,51.0646],[-4.22384,51.06322],[-4.22645,51.06052],[-4.23075,51.05324],[-4.23647,51.04293],[-4.23869,51.04118],[-4.24506,51.04055],[-4.25271,51.0396],[-4.25543,51.03883],[-4.25816,51.03757],[-4.26322,51.03378],[-4.26865,51.02727],[-4.27314,51.02341],[-4.27434,51.02125],[-4.27879,51.01634],[-4.28152,51.01574],[-4.28424,51.01409],[-4.29052,51.00684],[-4.29443,51.00419],[-4.29662,51.00196],[-4.303,50.99776],[-4.30936,50.99489],[-4.31402,50.99436],[-4.31839,50.99267],[-4.32548,50.99158],[-4.33155,50.99146],[-4.33866,50.98967],[-4.34339,50.98892],[-4.3484,50.98907],[-4.3555,50.99017],[-4.36429,50.99021],[-4.36675,50.9898],[-4.37066,50.99013],[-4.37455,50.99007],[-4.37934,50.99138],[-4.3828,50.99296],[-4.3909,50.99468],[-4.39351,50.99608],[-4.39546,50.99657],[-4.39884,50.99978],[-4.39992,51.00142],[-4.40211,51.00256],[-4.40421,51.00449],[-4.40629,51.00489],[-4.41027,51.00659],[-4.41295,51.00862],[-4.41529,51.00944],[-4.4178,51.011],[-4.4221,51.01139],[-4.42539,51.01366],[-4.42898,51.01305],[-4.43361,51.01264],[-4.43546,51.01281],[-4.43674,51.01374],[-4.44167,51.01436],[-4.44333,51.0152],[-4.44608,51.01445],[-4.44866,51.01449],[-4.45163,51.01509],[-4.45624,51.01688],[-4.45709,51.01811],[-4.4597,51.01838],[-4.46102,51.01957],[-4.46423,51.02061],[-4.46762,51.02093],[-4.46946,51.02158],[-4.47674,51.02114],[-4.48136,51.02173],[-4.49429,51.0207],[-4.49812,51.02137],[-4.49922,51.01924],[-4.50105,51.01871],[-4.50551,51.01946],[-4.50668,51.02037],[-4.51342,51.02238],[-4.51665,51.02222],[-4.5167,51.02097],[-4.51884,51.02063],[-4.52225,51.02132],[-4.52331,51.02212],[-4.52565,51.0223],[-4.52441,51.02043],[-4.52743,51.01852],[-4.52758,51.01568],[-4.52631,51.01541],[-4.5269,51.01188],[-4.53002,51.01086],[-4.53301,51.01029],[-4.53337,51.0084],[-4.53127,51.00702],[-4.53011,51.00487],[-4.53081,51.003],[-4.53301,51.00243],[-4.53211,51.0015],[-4.53113,50.99802],[-4.53014,50.99747],[-4.53203,50.99569],[-4.53455,50.99434],[-4.53313,50.99375],[-4.53276,50.99079],[-4.53132,50.99068],[-4.53156,50.98878],[-4.52992,50.98776],[-4.52936,50.98628],[-4.53062,50.98358],[-4.53096,50.98175],[-4.53487,50.97899],[-4.53287,50.97729],[-4.53445,50.97559],[-4.53272,50.97393],[-4.53397,50.97223],[-4.53319,50.97171],[-4.53295,50.96572],[-4.53684,50.96171],[-4.53734,50.95984],[-4.53888,50.95753],[-4.54297,50.95453],[-4.54363,50.95362],[-4.54306,50.95157],[-4.54111,50.94922],[-4.54277,50.94611],[-4.54274,50.94433],[-4.54657,50.94131],[-4.5485,50.94043],[-4.54921,50.93875],[-4.54717,50.93756],[-4.54689,50.93473],[-4.54566,50.9341],[-4.54522,50.93251],[-4.5463,50.93121],[-4.54538,50.9295],[-4.54607,50.92837],[-4.54943,50.9273],[-4.55168,50.92618],[-4.55226,50.92401],[-4.55466,50.92271],[-4.55594,50.92147],[-4.55788,50.92064],[-4.55665,50.91931],[-4.557,50.91848],[-4.55999,50.91713],[-4.56221,50.91698],[-4.56283,50.91309],[-4.56438,50.91238],[-4.56528,50.91099],[-4.5635,50.90837],[-4.5656,50.90746],[-4.56506,50.90673],[-4.56585,50.90499],[-4.56877,50.90468],[-4.56754,50.90329],[-4.56407,50.90099],[-4.56492,50.89886],[-4.56344,50.89564],[-4.56372,50.89392],[-4.56106,50.89188],[-4.56261,50.889],[-4.56273,50.88779],[-4.56678,50.88647],[-4.56676,50.88548],[-4.56444,50.88419],[-4.56319,50.88262],[-4.56111,50.88137],[-4.5596,50.87896],[-4.5612,50.87736],[-4.56085,50.8757],[-4.5589,50.87594],[-4.5591,50.86974],[-4.55762,50.86794],[-4.55712,50.86294],[-4.55641,50.86078],[-4.5566,50.85726],[-4.55611,50.85276],[-4.55677,50.85127],[-4.55514,50.84868],[-4.55559,50.84469],[-4.55666,50.84266],[-4.55598,50.8405],[-4.55663,50.83931],[-4.556,50.83752],[-4.554,50.83626],[-4.55442,50.83451],[-4.55379,50.83215],[-4.55184,50.8309],[-4.55253,50.82941],[-4.55521,50.82999],[-4.55746,50.82929],[-4.55669,50.82709],[-4.55872,50.82504],[-4.55657,50.82249],[-4.55727,50.82109],[-4.55619,50.8172],[-4.55692,50.81546],[-4.55647,50.81391],[-4.55676,50.81158],[-4.55768,50.81064],[-4.55681,50.80965],[-4.55737,50.80747],[-4.55968,50.80618],[-4.56016,50.8052],[-4.55831,50.80436],[-4.55826,50.80184],[-4.56031,50.80103],[-4.55956,50.7998],[-4.55696,50.79858],[-4.55737,50.79556],[-4.55702,50.79387],[-4.55826,50.78815],[-4.55976,50.78522],[-4.56127,50.78383],[-4.56194,50.78133],[-4.56612,50.77932],[-4.56744,50.77761],[-4.57291,50.77662],[-4.57506,50.77283],[-4.57772,50.77161],[-4.58092,50.77175],[-4.58369,50.77105],[-4.58459,50.76997],[-4.58771,50.76879],[-4.59028,50.76624],[-4.5939,50.7659],[-4.59916,50.76449],[-4.60372,50.76435],[-4.60594,50.76332],[-4.61044,50.7622],[-4.61383,50.76033],[-4.61498,50.75923],[-4.61511,50.75732],[-4.61734,50.75606],[-4.61861,50.75405],[-4.61785,50.753],[-4.61989,50.75133],[-4.62442,50.7499],[-4.62877,50.75033],[-4.63109,50.75025],[-4.63613,50.74825],[-4.63428,50.74644],[-4.63688,50.74566],[-4.63973,50.74568],[-4.63831,50.74405],[-4.63396,50.7424],[-4.63502,50.74095],[-4.63742,50.74085],[-4.63808,50.73986],[-4.64101,50.73844],[-4.64366,50.73836],[-4.64699,50.73942],[-4.65128,50.73942],[-4.65388,50.73984],[-4.65395,50.73853],[-4.65175,50.73832],[-4.6504,50.73752],[-4.65186,50.73575],[-4.64975,50.73186],[-4.65022,50.73063],[-4.64941,50.72895],[-4.64988,50.72688],[-4.65419,50.72341],[-4.653,50.72154],[-4.65491,50.71868],[-4.65458,50.71627],[-4.65606,50.71504],[-4.65997,50.71476],[-4.6588,50.71386],[-4.66067,50.7126],[-4.66613,50.71172],[-4.66738,50.71098],[-4.66714,50.7085],[-4.66812,50.70668],[-4.67046,50.70605],[-4.67303,50.70697],[-4.67637,50.70656],[-4.6795,50.70546],[-4.68122,50.70437],[-4.68216,50.70218],[-4.68364,50.70168],[-4.68384,50.70042],[-4.68539,50.69962],[-4.68462,50.69732],[-4.6801,50.6969],[-4.68025,50.69599],[-4.68436,50.69488],[-4.68628,50.69584],[-4.69082,50.69523],[-4.69285,50.69451],[-4.69413,50.69491],[-4.69522,50.69342],[-4.69652,50.69447],[-4.69847,50.69439],[-4.70002,50.69288],[-4.69923,50.69197],[-4.70157,50.69067],[-4.70536,50.69063],[-4.70611,50.68926],[-4.70367,50.68856],[-4.70352,50.68754],[-4.70615,50.68605],[-4.71003,50.68609],[-4.71072,50.68541],[-4.71335,50.68539],[-4.71485,50.68415],[-4.71759,50.68343],[-4.72006,50.68461],[-4.72312,50.68523],[-4.72607,50.68402],[-4.72612,50.68238],[-4.72797,50.68148],[-4.72777,50.68019],[-4.72884,50.6783],[-4.72892,50.67644],[-4.73146,50.67496],[-4.73218,50.67295],[-4.73505,50.6715],[-4.73587,50.67216],[-4.73822,50.67206],[-4.73898,50.67387],[-4.74159,50.67414],[-4.74018,50.67633],[-4.74218,50.67672],[-4.74405,50.67642],[-4.7467,50.67503],[-4.74395,50.67257],[-4.74718,50.67101],[-4.74976,50.67197],[-4.75331,50.67069],[-4.75778,50.67173],[-4.75745,50.66969],[-4.75974,50.6697],[-4.76198,50.67089],[-4.76439,50.66987],[-4.76476,50.6689],[-4.7635,50.66723],[-4.76014,50.66768],[-4.76069,50.66511],[-4.76276,50.66351],[-4.76368,50.66142],[-4.76614,50.65968],[-4.76423,50.65904],[-4.76557,50.65729],[-4.76695,50.65643],[-4.76596,50.65466],[-4.76226,50.655],[-4.76244,50.65404],[-4.75872,50.65285],[-4.75995,50.65142],[-4.7607,50.6495],[-4.76027,50.64686],[-4.76176,50.64509],[-4.76342,50.64408],[-4.76386,50.64266],[-4.76592,50.64345],[-4.76794,50.64161],[-4.76692,50.64043],[-4.76861,50.63799],[-4.76789,50.6354],[-4.76903,50.6336],[-4.77132,50.63193],[-4.77048,50.62987],[-4.77305,50.62836],[-4.77018,50.626],[-4.77116,50.62465],[-4.77044,50.62237],[-4.77253,50.62127],[-4.77427,50.61872],[-4.77874,50.61504],[-4.78211,50.61186],[-4.78214,50.60984],[-4.78304,50.60878],[-4.78521,50.60835],[-4.78478,50.60693],[-4.78989,50.60376],[-4.7883,50.60289],[-4.79354,50.60172],[-4.79337,50.60007],[-4.79592,50.59823],[-4.79822,50.59752],[-4.80162,50.5978],[-4.80493,50.59664],[-4.80655,50.59727],[-4.8087,50.59709],[-4.81263,50.5959],[-4.81518,50.59658],[-4.8175,50.59606],[-4.82129,50.59432],[-4.82102,50.59563],[-4.82489,50.59474],[-4.8303,50.59571],[-4.83272,50.59501],[-4.83203,50.59285],[-4.83486,50.59326],[-4.83519,50.59576],[-4.83731,50.59603],[-4.84006,50.59485],[-4.84358,50.59432],[-4.84422,50.59572],[-4.84671,50.59546],[-4.8476,50.59688],[-4.84672,50.59778],[-4.84936,50.5988],[-4.8506,50.59836],[-4.85065,50.59708],[-4.85408,50.59679],[-4.85753,50.59533],[-4.85688,50.59423],[-4.86004,50.59316],[-4.86445,50.59326],[-4.86491,50.59421],[-4.86766,50.59428],[-4.86999,50.59537],[-4.8719,50.59387],[-4.87208,50.59237],[-4.87092,50.59147],[-4.87178,50.59052],[-4.87394,50.5898],[-4.87366,50.58871],[-4.87551,50.5872],[-4.88126,50.58644],[-4.88223,50.58482],[-4.88127,50.58313],[-4.88875,50.58248],[-4.89031,50.58385],[-4.89466,50.5848],[-4.89654,50.58584],[-4.89999,50.58462],[-4.90271,50.58535],[-4.90829,50.58451],[-4.90927,50.58516],[-4.91011,50.58796],[-4.91578,50.58824],[-4.9169,50.59054],[-4.91896,50.59173],[-4.91866,50.59451],[-4.9236,50.59328],[-4.92114,50.59251],[-4.92388,50.59075],[-4.93083,50.58845],[-4.9329,50.58893],[-4.93433,50.58824],[-4.93542,50.58674],[-4.93028,50.58486],[-4.92762,50.58359],[-4.92614,50.58357],[-4.9251,50.58231],[-4.9223,50.5805],[-4.92061,50.58],[-4.91823,50.58026],[-4.91931,50.57862],[-4.91726,50.57746],[-4.91582,50.57595],[-4.9175,50.57453],[-4.92209,50.57412],[-4.92517,50.57163],[-4.92536,50.56996],[-4.92969,50.56545],[-4.93144,50.56481],[-4.93042,50.56315],[-4.92601,50.56109],[-4.9269,50.55854],[-4.92907,50.55647],[-4.92816,50.55517],[-4.93053,50.55284],[-4.93103,50.55064],[-4.92743,50.54854],[-4.92664,50.54765],[-4.92652,50.54551],[-4.92464,50.5444],[-4.91753,50.54335],[-4.91486,50.54336],[-4.91356,50.54161],[-4.91673,50.5403],[-4.91558,50.53819],[-4.91425,50.53707],[-4.90674,50.53533],[-4.90466,50.53294],[-4.90187,50.53142],[-4.89878,50.53078],[-4.89456,50.53134],[-4.89019,50.5334],[-4.88993,50.53626],[-4.8864,50.53451],[-4.8836,50.53458],[-4.87993,50.53414],[-4.87358,50.53476],[-4.86986,50.53361],[-4.86515,50.53391],[-4.86285,50.53552],[-4.86113,50.53607],[-4.85951,50.53555],[-4.85902,50.53448],[-4.85643,50.53428],[-4.85557,50.53333],[-4.85274,50.53166],[-4.85092,50.53146],[-4.84954,50.53255],[-4.84856,50.5306],[-4.84813,50.52678],[-4.84632,50.52536],[-4.84054,50.5221],[-4.83654,50.51888],[-4.83163,50.51571],[-4.83506,50.51659],[-4.84083,50.52134],[-4.84898,50.52543],[-4.85004,50.52657],[-4.85259,50.52806],[-4.8548,50.5288],[-4.85924,50.52916],[-4.86234,50.5298],[-4.86384,50.52922],[-4.86841,50.5295],[-4.87036,50.5299],[-4.8731,50.52934],[-4.87766,50.53031],[-4.88526,50.53018],[-4.89116,50.52886],[-4.89749,50.52549],[-4.89668,50.52347],[-4.89681,50.52092],[-4.89972,50.52621],[-4.90597,50.52751],[-4.90852,50.52847],[-4.91087,50.52779],[-4.90952,50.53006],[-4.91037,50.53055],[-4.9196,50.53147],[-4.92473,50.53118],[-4.9263,50.53029],[-4.92777,50.52714],[-4.92925,50.52643],[-4.92914,50.52438],[-4.93168,50.52532],[-4.93489,50.52585],[-4.93548,50.52502],[-4.93772,50.52466],[-4.93743,50.52331],[-4.93895,50.52122],[-4.93843,50.51752],[-4.93993,50.51678],[-4.94007,50.52045],[-4.94073,50.52125],[-4.93869,50.52514],[-4.93567,50.52714],[-4.9324,50.52799],[-4.93093,50.52991],[-4.93438,50.53266],[-4.93478,50.53386],[-4.93381,50.53547],[-4.93426,50.5379],[-4.93582,50.54104],[-4.93757,50.54211],[-4.93537,50.54383],[-4.93516,50.54541],[-4.93403,50.54706],[-4.93517,50.54906],[-4.93791,50.55162],[-4.93874,50.55332],[-4.9419,50.55436],[-4.94795,50.55572],[-4.94959,50.55656],[-4.94795,50.55983],[-4.94792,50.56116],[-4.94686,50.56305],[-4.94703,50.56437],[-4.94479,50.56852],[-4.94606,50.56904],[-4.94844,50.56873],[-4.94974,50.56938],[-4.95224,50.56925],[-4.95647,50.56668],[-4.95581,50.56406],[-4.95669,50.56288],[-4.96148,50.56041],[-4.96231,50.55934],[-4.96575,50.5582],[-4.9697,50.55877],[-4.97218,50.55768],[-4.97363,50.55426],[-4.97526,50.55354],[-4.97404,50.55238],[-4.97642,50.55197],[-4.97653,50.54945],[-4.97999,50.54862],[-4.98112,50.54763],[-4.97837,50.54669],[-4.98102,50.54387],[-4.9833,50.54365],[-4.9835,50.54234],[-4.98756,50.54225],[-4.98957,50.54372],[-4.99287,50.5428],[-4.99512,50.54176],[-4.99516,50.54067],[-4.99859,50.54031],[-5.00323,50.5414],[-5.00434,50.54423],[-5.00437,50.54547],[-5.00606,50.54636],[-5.01137,50.5451],[-5.01362,50.54528],[-5.01516,50.5441],[-5.01917,50.54524],[-5.02197,50.5485],[-5.02229,50.54985],[-5.02435,50.55021],[-5.02531,50.55143],[-5.02781,50.55149],[-5.0301,50.55057],[-5.03272,50.55046],[-5.03675,50.54911],[-5.03513,50.54774],[-5.03642,50.54646],[-5.03853,50.54657],[-5.04,50.54565],[-5.03812,50.54459],[-5.03572,50.54492],[-5.03393,50.54421],[-5.0333,50.54282],[-5.03074,50.54249],[-5.03001,50.54176],[-5.02641,50.54171],[-5.02534,50.53951],[-5.02423,50.53866],[-5.02493,50.53741],[-5.02298,50.53541],[-5.02281,50.5323],[-5.02434,50.53074],[-5.02654,50.52944],[-5.02534,50.52801],[-5.0227,50.52662],[-5.0235,50.52546],[-5.02629,50.52624],[-5.02927,50.52478],[-5.02963,50.52282],[-5.02866,50.52192],[-5.0301,50.52027],[-5.02774,50.51941],[-5.02701,50.51609],[-5.02739,50.51457],[-5.0295,50.51278],[-5.02834,50.51124],[-5.02422,50.50979],[-5.02565,50.50873],[-5.02844,50.5096],[-5.03066,50.50873],[-5.03316,50.50878],[-5.0349,50.50731],[-5.03438,50.50392],[-5.03671,50.50455],[-5.03803,50.50325],[-5.03981,50.50377],[-5.04043,50.5024],[-5.04269,50.50252],[-5.04197,50.50102],[-5.04532,50.49641],[-5.04101,50.49633],[-5.0386,50.49587],[-5.03811,50.49483],[-5.03487,50.49376],[-5.03468,50.49263],[-5.03669,50.49115],[-5.03428,50.48952],[-5.03312,50.4882],[-5.03449,50.48713],[-5.03419,50.48579],[-5.03505,50.48432],[-5.03372,50.48371],[-5.03405,50.48219],[-5.0372,50.47886],[-5.03613,50.47693],[-5.03843,50.47567],[-5.03973,50.47416],[-5.03764,50.47242],[-5.03636,50.4723],[-5.03248,50.46939],[-5.03195,50.46731],[-5.03334,50.4656],[-5.03531,50.46669],[-5.0377,50.46621],[-5.03884,50.46508],[-5.04129,50.46551],[-5.04248,50.46415],[-5.04229,50.46194],[-5.03818,50.46032],[-5.03902,50.459],[-5.0419,50.45943],[-5.04318,50.45861],[-5.04046,50.45731],[-5.042,50.45592],[-5.03963,50.45433],[-5.0394,50.45194],[-5.04072,50.44793],[-5.04379,50.44223],[-5.04576,50.44108],[-5.04836,50.43859],[-5.04815,50.43664],[-5.04913,50.43613],[-5.05052,50.43402],[-5.05278,50.43401],[-5.05275,50.4323],[-5.0555,50.42956],[-5.05546,50.42784],[-5.05734,50.42722],[-5.05959,50.42768],[-5.06064,50.42637],[-5.05651,50.42553],[-5.05913,50.42412],[-5.06632,50.42476],[-5.06547,50.42171],[-5.06747,50.42164],[-5.0678,50.42063],[-5.06986,50.42045],[-5.07148,50.41894],[-5.07476,50.417],[-5.07878,50.41552],[-5.0813,50.41601],[-5.08233,50.41518],[-5.08538,50.41511],[-5.08695,50.41664],[-5.08665,50.41806],[-5.08773,50.42063],[-5.09141,50.42012],[-5.09396,50.42072],[-5.09713,50.42319],[-5.09787,50.42555],[-5.10135,50.42547],[-5.09998,50.42393],[-5.09822,50.42371],[-5.09774,50.4225],[-5.09944,50.42108],[-5.09794,50.41959],[-5.09858,50.41793],[-5.10133,50.414],[-5.10243,50.41311],[-5.10591,50.41282],[-5.10985,50.41371],[-5.11274,50.41378],[-5.11411,50.41325],[-5.11498,50.41173],[-5.1215,50.41237],[-5.12337,50.41301],[-5.12573,50.41205],[-5.12448,50.41071],[-5.11897,50.40921],[-5.11647,50.40938],[-5.11386,50.40878],[-5.10946,50.40978],[-5.10518,50.40942],[-5.10355,50.4088],[-5.09993,50.40825],[-5.09339,50.40777],[-5.09024,50.40655],[-5.08646,50.40623],[-5.08588,50.40365],[-5.08803,50.40364],[-5.09465,50.40595],[-5.09835,50.40638],[-5.10041,50.40535],[-5.10079,50.40708],[-5.1021,50.40794],[-5.10617,50.4081],[-5.10923,50.40889],[-5.11234,50.40821],[-5.1159,50.40829],[-5.12259,50.40492],[-5.12624,50.40445],[-5.13041,50.40544],[-5.13348,50.40838],[-5.13527,50.40824],[-5.13779,50.40673],[-5.13698,50.40537],[-5.1382,50.40393],[-5.13699,50.40234],[-5.14121,50.40349],[-5.14421,50.40545],[-5.14625,50.40535],[-5.14828,50.40395],[-5.14707,50.40294],[-5.1489,50.40057],[-5.14681,50.40016],[-5.147,50.39868],[-5.14477,50.39819],[-5.1432,50.39572],[-5.14465,50.39343],[-5.14727,50.39046],[-5.15036,50.38941],[-5.15282,50.38902],[-5.1571,50.38977],[-5.15609,50.38719],[-5.15367,50.38632],[-5.1537,50.38525],[-5.15172,50.38349],[-5.15087,50.38136],[-5.15556,50.37957],[-5.15355,50.37815],[-5.14954,50.37729],[-5.14649,50.37527],[-5.14865,50.36941],[-5.15173,50.35771],[-5.1533,50.35606],[-5.15323,50.35493],[-5.15432,50.35305],[-5.15371,50.35188],[-5.15507,50.34888],[-5.15532,50.34615],[-5.15768,50.34737],[-5.16193,50.34652],[-5.16303,50.34522],[-5.16596,50.34428],[-5.16772,50.3444],[-5.16819,50.34335],[-5.17131,50.34092],[-5.17606,50.34068],[-5.17752,50.34097],[-5.18198,50.34],[-5.18061,50.33849],[-5.17993,50.33628],[-5.1812,50.33425],[-5.18315,50.33319],[-5.18803,50.33297],[-5.18934,50.33222],[-5.18835,50.32988],[-5.18992,50.32917],[-5.18968,50.32798],[-5.19146,50.32777],[-5.19585,50.32459],[-5.19647,50.32292],[-5.19847,50.32215],[-5.20073,50.3201],[-5.20327,50.32038],[-5.2046,50.32211],[-5.20625,50.32123],[-5.2184,50.32118],[-5.22085,50.32241],[-5.22522,50.32106],[-5.22592,50.32033],[-5.23124,50.31899],[-5.23367,50.31929],[-5.23483,50.31794],[-5.23412,50.31619],[-5.23538,50.31526],[-5.23433,50.31371],[-5.23395,50.30888],[-5.23426,50.30616],[-5.23381,50.30478],[-5.23834,50.29815],[-5.23781,50.29683],[-5.23888,50.29538],[-5.2418,50.29319],[-5.24172,50.29102],[-5.24316,50.29033],[-5.24236,50.28865],[-5.2437,50.28687],[-5.24551,50.28587],[-5.24704,50.28425],[-5.24962,50.28331],[-5.25167,50.28174],[-5.25404,50.2819],[-5.25711,50.2807],[-5.25854,50.28063],[-5.26151,50.27909],[-5.25996,50.27828],[-5.26003,50.27726],[-5.26399,50.27484],[-5.26529,50.2754],[-5.26843,50.27493],[-5.27398,50.27488],[-5.27803,50.27392],[-5.2804,50.27132],[-5.28277,50.26996],[-5.28303,50.2689],[-5.28773,50.26758],[-5.28505,50.26688],[-5.28549,50.26485],[-5.28903,50.26386],[-5.29065,50.26457],[-5.29199,50.26207],[-5.29604,50.26105],[-5.29877,50.26163],[-5.30074,50.26284],[-5.30324,50.26189],[-5.30235,50.26093],[-5.30416,50.25931],[-5.30547,50.2598],[-5.30901,50.25804],[-5.31098,50.25664],[-5.30989,50.25496],[-5.31178,50.255],[-5.31284,50.2527],[-5.31423,50.25177],[-5.31384,50.25088],[-5.31567,50.24942],[-5.32018,50.24914],[-5.32004,50.24773],[-5.32301,50.2466],[-5.32481,50.24427],[-5.32781,50.24388],[-5.32838,50.24276],[-5.33212,50.24166],[-5.33365,50.24167],[-5.33535,50.23993],[-5.33955,50.23934],[-5.34274,50.238],[-5.34569,50.23802],[-5.34788,50.23911],[-5.35029,50.23882],[-5.3515,50.24027],[-5.35285,50.24046],[-5.3579,50.23989],[-5.3586,50.23872],[-5.36006,50.23885],[-5.36291,50.23771],[-5.36647,50.23804],[-5.36838,50.23617],[-5.37005,50.23679],[-5.37231,50.2368],[-5.374,50.23751],[-5.37372,50.2386],[-5.37636,50.24038],[-5.3773,50.24313],[-5.3781,50.24407],[-5.38028,50.24364],[-5.38287,50.24107],[-5.38689,50.24089],[-5.38945,50.23973],[-5.39074,50.24051],[-5.39411,50.24105],[-5.39583,50.23981],[-5.39461,50.23708],[-5.39291,50.23606],[-5.39142,50.23324],[-5.39165,50.23127],[-5.39095,50.22983],[-5.39363,50.22557],[-5.39608,50.22452],[-5.39703,50.22161],[-5.40198,50.21581],[-5.41269,50.20752],[-5.41822,50.20401],[-5.42397,50.20099],[-5.42786,50.19946],[-5.43009,50.19757],[-5.43066,50.1959],[-5.43306,50.19456],[-5.43442,50.19187],[-5.43353,50.19114],[-5.42253,50.18885],[-5.41954,50.19077],[-5.41344,50.19328],[-5.41079,50.19301],[-5.40973,50.1915],[-5.41541,50.19055],[-5.41973,50.18847],[-5.42291,50.18822],[-5.42506,50.18755],[-5.42429,50.18583],[-5.42632,50.18433],[-5.42974,50.18305],[-5.43025,50.18238],[-5.43301,50.1833],[-5.43247,50.18418],[-5.4285,50.18642],[-5.42708,50.18691],[-5.42728,50.18818],[-5.42905,50.18851],[-5.42909,50.18618],[-5.43249,50.1843],[-5.43311,50.18315],[-5.43066,50.18219],[-5.43048,50.18055],[-5.43118,50.17873],[-5.43377,50.17711],[-5.43703,50.17621],[-5.44059,50.17672],[-5.441,50.17855],[-5.43705,50.1815],[-5.43575,50.1853],[-5.43383,50.18614],[-5.43079,50.18672],[-5.43142,50.18783],[-5.43488,50.1906],[-5.43681,50.19352],[-5.4397,50.19463],[-5.44313,50.19512],[-5.45347,50.19531],[-5.45509,50.19631],[-5.45495,50.19735],[-5.45632,50.19823],[-5.46035,50.19773],[-5.46538,50.19876],[-5.46916,50.19987],[-5.46991,50.20169],[-5.46897,50.20387],[-5.46942,50.20637],[-5.47113,50.20758],[-5.47393,50.20782],[-5.47728,50.2102],[-5.47972,50.21309],[-5.47947,50.2148],[-5.47662,50.21499],[-5.475,50.21663],[-5.47627,50.21744],[-5.47567,50.21886],[-5.4781,50.21923],[-5.4801,50.21831],[-5.47984,50.21659],[-5.48434,50.21504],[-5.48681,50.21505],[-5.489,50.21686],[-5.49011,50.21634],[-5.49333,50.21686],[-5.495,50.2182],[-5.4955,50.21943],[-5.49832,50.21987],[-5.50064,50.21896],[-5.50082,50.2181],[-5.5036,50.21814],[-5.50711,50.21737],[-5.5092,50.21818],[-5.50965,50.21683],[-5.51126,50.21595],[-5.51569,50.21562],[-5.51687,50.21706],[-5.52015,50.21701],[-5.52089,50.21497],[-5.52356,50.21472],[-5.52705,50.21388],[-5.52853,50.2142],[-5.53039,50.21345],[-5.53324,50.2141],[-5.53416,50.21514],[-5.53695,50.21524],[-5.53878,50.21624],[-5.53973,50.21459],[-5.54182,50.214],[-5.54167,50.21281],[-5.54329,50.21159],[-5.54684,50.21221],[-5.55006,50.21095],[-5.55115,50.20947],[-5.55361,50.20974],[-5.55541,50.20826],[-5.55452,50.20575],[-5.55517,50.20421],[-5.55721,50.20375],[-5.55943,50.20446],[-5.56389,50.20145],[-5.56541,50.19961],[-5.56823,50.19957],[-5.56963,50.19831],[-5.5717,50.1983],[-5.57237,50.19939],[-5.5749,50.20114],[-5.57805,50.19914],[-5.5787,50.19797],[-5.57692,50.19569],[-5.57979,50.19548],[-5.58151,50.19423],[-5.58506,50.1955],[-5.58573,50.19368],[-5.58547,50.19084],[-5.58762,50.19188],[-5.59164,50.18901],[-5.59268,50.18946],[-5.59562,50.18865],[-5.5976,50.19012],[-5.59845,50.1929],[-5.59981,50.19127],[-5.5986,50.19047],[-5.60337,50.18868],[-5.60305,50.18706],[-5.60492,50.18553],[-5.60899,50.18513],[-5.60732,50.18266],[-5.60694,50.18108],[-5.60843,50.18069],[-5.61033,50.18166],[-5.61487,50.18186],[-5.61627,50.17896],[-5.61857,50.17878],[-5.61848,50.17767],[-5.62147,50.17677],[-5.61962,50.1739],[-5.62128,50.17427],[-5.62243,50.17315],[-5.62447,50.17285],[-5.62549,50.17166],[-5.62475,50.17047],[-5.62613,50.16915],[-5.63043,50.16794],[-5.63547,50.16827],[-5.63638,50.16739],[-5.63997,50.16731],[-5.64524,50.16886],[-5.64638,50.16795],[-5.64898,50.16768],[-5.65126,50.1682],[-5.65483,50.16653],[-5.65628,50.16621],[-5.65608,50.16458],[-5.65792,50.1638],[-5.66032,50.16402],[-5.66238,50.16539],[-5.66486,50.16542],[-5.67154,50.16678],[-5.67352,50.1652],[-5.67202,50.16393],[-5.67314,50.16219],[-5.67622,50.16039],[-5.67777,50.16043],[-5.67911,50.15834],[-5.68056,50.15727],[-5.68047,50.15632],[-5.68356,50.15529],[-5.68598,50.15252],[-5.68953,50.15209],[-5.69048,50.15052],[-5.69189,50.15033],[-5.69252,50.14875],[-5.69155,50.14743],[-5.69364,50.14696],[-5.69414,50.14381],[-5.69238,50.14216],[-5.69398,50.14115],[-5.69339,50.13807],[-5.69584,50.13664],[-5.69882,50.13707],[-5.70487,50.13485],[-5.70207,50.13029],[-5.70427,50.12813],[-5.70783,50.12894],[-5.71018,50.12736],[-5.70933,50.1266],[-5.70583,50.12602],[-5.70545,50.12239],[-5.70338,50.12148],[-5.70144,50.1198],[-5.70018,50.11771],[-5.70077,50.11599],[-5.69943,50.11497],[-5.70075,50.11263],[-5.69735,50.11084],[-5.69888,50.10845],[-5.69833,50.10649],[-5.69708,50.105],[-5.69672,50.10308],[-5.69753,50.0994],[-5.69422,50.09599],[-5.69461,50.09444],[-5.69158,50.09415],[-5.68922,50.09235],[-5.68859,50.09038],[-5.68896,50.08848],[-5.69098,50.08698],[-5.69266,50.08284],[-5.69479,50.08046],[-5.69876,50.07828],[-5.7019,50.07787],[-5.70672,50.07807],[-5.70881,50.07767],[-5.70955,50.0752],[-5.70824,50.07369],[-5.70947,50.07123],[-5.7112,50.06998],[-5.7133,50.06966],[-5.71521,50.06739],[-5.71581,50.06523],[-5.71402,50.06373],[-5.71476,50.06301],[-5.7122,50.06131],[-5.70951,50.06061],[-5.71064,50.05811],[-5.70676,50.05753],[-5.70552,50.05657],[-5.70566,50.05497],[-5.70151,50.05512],[-5.70029,50.05612],[-5.69842,50.05526],[-5.69574,50.05493],[-5.69258,50.05401],[-5.69401,50.05326],[-5.69402,50.05122],[-5.69238,50.04941],[-5.6907,50.04953],[-5.68837,50.04853],[-5.68946,50.04536],[-5.69072,50.04464],[-5.68829,50.04303],[-5.6866,50.04075],[-5.68348,50.04018],[-5.68184,50.03926],[-5.68458,50.03792],[-5.68139,50.03643],[-5.67923,50.03497],[-5.67667,50.03566],[-5.67292,50.03467],[-5.67206,50.03598],[-5.66991,50.03615],[-5.66968,50.03745],[-5.66651,50.03744],[-5.66402,50.03834],[-5.66195,50.03799],[-5.65843,50.03945],[-5.65434,50.03785],[-5.65275,50.03827],[-5.65083,50.04053],[-5.65097,50.04252],[-5.64862,50.04374],[-5.64559,50.04328],[-5.64271,50.04456],[-5.6377,50.04294],[-5.63764,50.04088],[-5.63638,50.04004],[-5.63511,50.04087],[-5.63434,50.04404],[-5.63303,50.04412],[-5.63087,50.04298],[-5.63032,50.04404],[-5.62853,50.04408],[-5.628,50.04573],[-5.62864,50.04761],[-5.62565,50.04703],[-5.62589,50.04844],[-5.62507,50.04957],[-5.62344,50.05002],[-5.6207,50.04963],[-5.61914,50.05122],[-5.61577,50.04882],[-5.61431,50.04993],[-5.61261,50.04901],[-5.61146,50.04944],[-5.60765,50.04825],[-5.6055,50.04886],[-5.60096,50.05189],[-5.59727,50.05201],[-5.59414,50.05262],[-5.59031,50.05091],[-5.58749,50.05136],[-5.58471,50.05237],[-5.58438,50.05332],[-5.58186,50.05256],[-5.57646,50.05208],[-5.57437,50.05318],[-5.57278,50.05488],[-5.56904,50.05502],[-5.56627,50.05755],[-5.56372,50.05825],[-5.56354,50.05965],[-5.56438,50.06174],[-5.56312,50.06254],[-5.56061,50.0622],[-5.5581,50.06114],[-5.55641,50.06121],[-5.55459,50.05982],[-5.55257,50.06095],[-5.55083,50.06259],[-5.54994,50.06437],[-5.54883,50.06484],[-5.54871,50.06649],[-5.54673,50.06829],[-5.54536,50.06834],[-5.54265,50.07023],[-5.54072,50.07492],[-5.53948,50.07581],[-5.53949,50.07828],[-5.53816,50.08013],[-5.53914,50.08314],[-5.53564,50.08451],[-5.53565,50.08548],[-5.53329,50.08851],[-5.53382,50.08937],[-5.53814,50.09292],[-5.53851,50.09594],[-5.53967,50.09753],[-5.54303,50.09953],[-5.54387,50.10195],[-5.54568,50.10134],[-5.54934,50.1032],[-5.54785,50.10792],[-5.54559,50.10971],[-5.53739,50.11392],[-5.53085,50.1157],[-5.52946,50.11646],[-5.53045,50.11763],[-5.53367,50.11754],[-5.53326,50.11933],[-5.53095,50.11994],[-5.53127,50.12178],[-5.53047,50.12341],[-5.52816,50.12509],[-5.52466,50.12598],[-5.51765,50.1266],[-5.49593,50.12871],[-5.4839,50.12755],[-5.4807,50.12664],[-5.47571,50.12353],[-5.47333,50.1229],[-5.46841,50.12352],[-5.46417,50.12332],[-5.46056,50.12201],[-5.45895,50.11936],[-5.45402,50.11789],[-5.45328,50.11501],[-5.45375,50.11381],[-5.45116,50.11369],[-5.45039,50.11214],[-5.44909,50.11246],[-5.4473,50.11116],[-5.4446,50.11268],[-5.44073,50.11179],[-5.43938,50.11068],[-5.43452,50.10841],[-5.43484,50.10685],[-5.43124,50.10517],[-5.42915,50.10546],[-5.42799,50.10427],[-5.42813,50.10224],[-5.42675,50.10097],[-5.4294,50.09754],[-5.42863,50.09719],[-5.42604,50.099],[-5.42325,50.0985],[-5.421,50.09989],[-5.41917,50.0994],[-5.41872,50.10116],[-5.41482,50.10104],[-5.41557,50.10204],[-5.41308,50.10391],[-5.40886,50.10454],[-5.40583,50.10412],[-5.40367,50.10272],[-5.39879,50.10089],[-5.39576,50.10144],[-5.39526,50.10307],[-5.39351,50.10363],[-5.39125,50.10351],[-5.38431,50.1016],[-5.37485,50.09765],[-5.37486,50.09677],[-5.37256,50.09527],[-5.37166,50.09315],[-5.36627,50.09365],[-5.36325,50.0897],[-5.36178,50.0889],[-5.35912,50.0895],[-5.35778,50.08922],[-5.35631,50.09046],[-5.35333,50.09031],[-5.35114,50.09091],[-5.34889,50.09212],[-5.34631,50.09229],[-5.34371,50.09165],[-5.33912,50.09197],[-5.33649,50.09103],[-5.33491,50.09137],[-5.33219,50.09045],[-5.33188,50.08941],[-5.32767,50.08742],[-5.32716,50.08543],[-5.32365,50.08462],[-5.32226,50.08279],[-5.31809,50.08268],[-5.31654,50.08328],[-5.31774,50.08479],[-5.3163,50.08522],[-5.3158,50.08295],[-5.31715,50.08212],[-5.31363,50.08092],[-5.30805,50.07764],[-5.30587,50.07674],[-5.29083,50.06596],[-5.28486,50.06121],[-5.28044,50.05695],[-5.27861,50.05419],[-5.27869,50.05281],[-5.27695,50.05208],[-5.27786,50.05119],[-5.27559,50.05025],[-5.27576,50.04823],[-5.27698,50.04772],[-5.27891,50.0455],[-5.28111,50.04442],[-5.28007,50.04341],[-5.28005,50.04186],[-5.27693,50.04157],[-5.27459,50.04188],[-5.27156,50.04113],[-5.27001,50.03978],[-5.27137,50.03847],[-5.26979,50.0379],[-5.26816,50.03842],[-5.26646,50.03749],[-5.26608,50.03455],[-5.26313,50.03413],[-5.26172,50.03291],[-5.26582,50.03145],[-5.26496,50.02895],[-5.26148,50.02598],[-5.26111,50.02529],[-5.25762,50.02451],[-5.25591,50.02303],[-5.25592,50.02171],[-5.25736,50.02087],[-5.25878,50.01911],[-5.2594,50.01594],[-5.25774,50.01437],[-5.2592,50.01268],[-5.26149,50.01191],[-5.26229,50.00954],[-5.26373,50.00909],[-5.26431,50.00718],[-5.26819,50.00593],[-5.26783,50.00279],[-5.26682,50.0018],[-5.26683,50.00047],[-5.26563,49.99992],[-5.26444,49.99821],[-5.25962,49.99649],[-5.25633,49.99738],[-5.25453,49.99664],[-5.25481,49.99507],[-5.25265,49.99406],[-5.25135,49.99137],[-5.25514,49.9889],[-5.25508,49.98828],[-5.25093,49.98697],[-5.2494,49.98589],[-5.24509,49.98535],[-5.24454,49.98371],[-5.24691,49.98341],[-5.24774,49.98132],[-5.24665,49.97957],[-5.24688,49.977],[-5.24563,49.9755],[-5.24195,49.97465],[-5.24185,49.97588],[-5.23946,49.97563],[-5.23557,49.97598],[-5.23166,49.97445],[-5.23024,49.97535],[-5.22886,49.97371],[-5.22584,49.97242],[-5.22064,49.97193],[-5.21883,49.97092],[-5.21718,49.96913],[-5.21763,49.96801],[-5.21595,49.9668],[-5.21655,49.96518],[-5.21591,49.95953],[-5.21279,49.95923],[-5.2101,49.96001],[-5.20697,49.9593],[-5.20263,49.95909],[-5.19891,49.95965],[-5.19995,49.96146],[-5.19753,49.96298],[-5.19693,49.96395],[-5.19189,49.9625],[-5.19082,49.9617],[-5.18561,49.96309],[-5.18516,49.96387],[-5.18666,49.96514],[-5.18444,49.966],[-5.18385,49.96778],[-5.18514,49.968],[-5.18508,49.96941],[-5.1871,49.96935],[-5.18838,49.97139],[-5.18858,49.97412],[-5.18713,49.97444],[-5.18565,49.9761],[-5.18545,49.97818],[-5.18618,49.97936],[-5.18548,49.98034],[-5.18217,49.98054],[-5.18002,49.98252],[-5.18013,49.98619],[-5.17948,49.98733],[-5.17772,49.98675],[-5.17573,49.98804],[-5.17469,49.98785],[-5.17283,49.98907],[-5.17257,49.99085],[-5.1702,49.99175],[-5.17155,49.99372],[-5.17196,49.99727],[-5.17135,49.99851],[-5.16975,49.99866],[-5.16906,50.00072],[-5.1667,50.00371],[-5.16326,50.00571],[-5.16135,50.00629],[-5.1594,50.00608],[-5.15824,50.00696],[-5.15507,50.00769],[-5.1537,50.00703],[-5.1486,50.00721],[-5.14542,50.00796],[-5.14173,50.00754],[-5.13791,50.0082],[-5.1354,50.00749],[-5.13455,50.00623],[-5.13296,50.00562],[-5.13324,50.00794],[-5.12786,50.00864],[-5.12565,50.00748],[-5.12418,50.0085],[-5.12151,50.00893],[-5.11916,50.00671],[-5.11745,50.00628],[-5.11544,50.00654],[-5.11492,50.00489],[-5.11239,50.00321],[-5.1097,50.00293],[-5.10716,50.00487],[-5.10446,50.00496],[-5.10131,50.00425],[-5.10029,50.00535],[-5.09973,50.00772],[-5.09806,50.00843],[-5.09729,50.01141],[-5.09714,50.01401],[-5.0958,50.01562],[-5.09305,50.01661],[-5.09474,50.01793],[-5.09606,50.02087],[-5.09361,50.02169],[-5.09599,50.02329],[-5.09749,50.02481],[-5.0968,50.02637],[-5.09395,50.02836],[-5.09166,50.02946],[-5.08939,50.03133],[-5.08556,50.0322],[-5.08345,50.03189],[-5.07895,50.03285],[-5.07736,50.03394],[-5.07036,50.03459],[-5.06874,50.03523],[-5.06812,50.03639],[-5.06944,50.03754],[-5.06964,50.03995],[-5.06849,50.04157],[-5.06696,50.04183],[-5.06564,50.04379],[-5.0669,50.04642],[-5.0663,50.04819],[-5.06452,50.05028],[-5.06108,50.05098],[-5.06001,50.05077],[-5.05838,50.05267],[-5.05827,50.05362],[-5.05999,50.05509],[-5.06305,50.05494],[-5.0644,50.05638],[-5.06166,50.0581],[-5.06147,50.06041],[-5.06276,50.06207],[-5.06537,50.06254],[-5.06651,50.06399],[-5.06746,50.06706],[-5.0695,50.0679],[-5.07748,50.06786],[-5.07905,50.0683],[-5.07969,50.06937],[-5.07886,50.07026],[-5.07943,50.07281],[-5.07881,50.07444],[-5.07909,50.0768],[-5.07674,50.07785],[-5.07724,50.07934],[-5.07513,50.08216],[-5.07739,50.08409],[-5.08102,50.08304],[-5.0853,50.08402],[-5.08737,50.08565],[-5.09027,50.08613],[-5.09594,50.08517],[-5.09913,50.08536],[-5.0994,50.08654],[-5.10113,50.08725],[-5.1075,50.08479],[-5.10921,50.08363],[-5.11028,50.08449],[-5.10725,50.08656],[-5.10324,50.08723],[-5.10164,50.08918],[-5.09483,50.08789],[-5.093,50.08812],[-5.09306,50.09027],[-5.09592,50.09005],[-5.09869,50.09047],[-5.10088,50.09215],[-5.10359,50.09336],[-5.10432,50.0944],[-5.10628,50.09451],[-5.10904,50.09347],[-5.11332,50.09511],[-5.11599,50.09498],[-5.11828,50.09621],[-5.12478,50.0961],[-5.12854,50.09488],[-5.13207,50.09289],[-5.13558,50.09329],[-5.13392,50.09488],[-5.13534,50.09538],[-5.13823,50.09423],[-5.13826,50.09587],[-5.13992,50.09655],[-5.14778,50.09531],[-5.15097,50.09412],[-5.15234,50.09275],[-5.15482,50.09319],[-5.15617,50.09222],[-5.16046,50.09138],[-5.16316,50.09186],[-5.17061,50.09056],[-5.17383,50.08855],[-5.17749,50.08937],[-5.17876,50.08722],[-5.17979,50.08749],[-5.17878,50.08959],[-5.18481,50.08799],[-5.18638,50.08587],[-5.1893,50.08512],[-5.19098,50.08377],[-5.19643,50.08145],[-5.19406,50.08369],[-5.19221,50.08436],[-5.18887,50.08685],[-5.18904,50.08756],[-5.19463,50.08928],[-5.20039,50.08876],[-5.2003,50.08961],[-5.20291,50.08958],[-5.20648,50.09312],[-5.21115,50.0939],[-5.20671,50.0954],[-5.20351,50.09146],[-5.19949,50.09179],[-5.19733,50.08995],[-5.19588,50.08978],[-5.19229,50.09056],[-5.19045,50.0899],[-5.18708,50.08947],[-5.18139,50.08992],[-5.17858,50.09086],[-5.17598,50.09083],[-5.17468,50.09031],[-5.17189,50.09165],[-5.16593,50.09346],[-5.16189,50.09386],[-5.15917,50.09378],[-5.159,50.09473],[-5.16429,50.09516],[-5.16625,50.09645],[-5.16655,50.1002],[-5.16499,50.10147],[-5.16535,50.10232],[-5.1629,50.10393],[-5.16277,50.10573],[-5.16148,50.10751],[-5.16156,50.10952],[-5.16394,50.11211],[-5.16256,50.11217],[-5.15973,50.10944],[-5.15938,50.10798],[-5.16142,50.10495],[-5.16133,50.10366],[-5.16456,50.10007],[-5.16457,50.09774],[-5.16317,50.09673],[-5.15826,50.09655],[-5.15596,50.09692],[-5.15384,50.09833],[-5.15172,50.09908],[-5.14989,50.09897],[-5.14736,50.09781],[-5.14559,50.09795],[-5.14363,50.09888],[-5.14075,50.10251],[-5.14152,50.10537],[-5.13993,50.10746],[-5.13625,50.10973],[-5.13487,50.10851],[-5.13949,50.10591],[-5.14014,50.10414],[-5.13787,50.10345],[-5.13928,50.10043],[-5.13521,50.10074],[-5.13324,50.09995],[-5.13023,50.09963],[-5.12759,50.09983],[-5.12413,50.09909],[-5.12164,50.10014],[-5.12023,50.10217],[-5.11824,50.10245],[-5.11579,50.10377],[-5.11398,50.10301],[-5.11129,50.10402],[-5.10475,50.10242],[-5.10215,50.09978],[-5.09844,50.10015],[-5.0961,50.10214],[-5.09363,50.10298],[-5.09145,50.10295],[-5.08546,50.1093],[-5.08177,50.10939],[-5.08176,50.11067],[-5.08449,50.11143],[-5.08637,50.11128],[-5.08888,50.11354],[-5.09126,50.1144],[-5.09091,50.11786],[-5.09136,50.1189],[-5.08894,50.12039],[-5.09033,50.12207],[-5.0906,50.12458],[-5.09307,50.12462],[-5.09369,50.12607],[-5.09039,50.12678],[-5.08857,50.12663],[-5.08152,50.12961],[-5.08204,50.13061],[-5.07931,50.13287],[-5.07296,50.13433],[-5.07512,50.13541],[-5.07694,50.13722],[-5.0769,50.14007],[-5.07149,50.14148],[-5.06714,50.14475],[-5.0612,50.14615],[-5.05765,50.14776],[-5.05317,50.14842],[-5.05161,50.14799],[-5.04997,50.14588],[-5.04793,50.14456],[-5.04614,50.14462],[-5.0429,50.14347],[-5.04188,50.14392],[-5.04374,50.14578],[-5.04354,50.14696],[-5.04496,50.14961],[-5.04743,50.15023],[-5.04725,50.15166],[-5.05016,50.15327],[-5.05658,50.15381],[-5.06002,50.15348],[-5.05863,50.15163],[-5.06054,50.15132],[-5.06461,50.1519],[-5.06709,50.15363],[-5.06838,50.15522],[-5.07037,50.15614],[-5.07084,50.15705],[-5.07361,50.15879],[-5.07407,50.1611],[-5.07713,50.16326],[-5.07975,50.16441],[-5.08275,50.16409],[-5.08326,50.16303],[-5.08523,50.16271],[-5.08799,50.16499],[-5.09135,50.16616],[-5.09711,50.16686],[-5.0972,50.16745],[-5.10034,50.16928],[-5.09903,50.16966],[-5.0965,50.16828],[-5.09382,50.16754],[-5.09181,50.16869],[-5.09008,50.16888],[-5.08676,50.16811],[-5.08453,50.1669],[-5.07992,50.16804],[-5.07875,50.1668],[-5.07519,50.16729],[-5.07475,50.1656],[-5.07176,50.16503],[-5.06907,50.16188],[-5.06469,50.16232],[-5.06394,50.16204],[-5.06006,50.16245],[-5.05635,50.16121],[-5.05362,50.16233],[-5.04643,50.16873],[-5.04554,50.17071],[-5.04575,50.17227],[-5.04463,50.17409],[-5.04552,50.17572],[-5.05041,50.17729],[-5.05332,50.17711],[-5.05521,50.17796],[-5.05764,50.17793],[-5.05841,50.17729],[-5.06168,50.17764],[-5.06899,50.179],[-5.07213,50.18103],[-5.07523,50.18249],[-5.0749,50.18371],[-5.07189,50.18254],[-5.06913,50.18213],[-5.06551,50.17954],[-5.06074,50.17844],[-5.05794,50.1789],[-5.05447,50.18025],[-5.0541,50.18164],[-5.0549,50.18481],[-5.05461,50.18656],[-5.05655,50.19027],[-5.06045,50.19126],[-5.06273,50.1927],[-5.06428,50.19505],[-5.06343,50.19619],[-5.06611,50.19683],[-5.0692,50.19874],[-5.07382,50.19985],[-5.07392,50.20162],[-5.07571,50.20273],[-5.07546,50.20468],[-5.07623,50.20557],[-5.07919,50.20645],[-5.08268,50.20618],[-5.08811,50.2071],[-5.09305,50.20646],[-5.09715,50.20829],[-5.09479,50.20952],[-5.08835,50.20922],[-5.08489,50.20852],[-5.08302,50.20981],[-5.08102,50.20839],[-5.07677,50.20799],[-5.07483,50.20841],[-5.0701,50.20567],[-5.06799,50.20687],[-5.06757,50.20942],[-5.06501,50.20683],[-5.06492,50.20269],[-5.06332,50.20217],[-5.06126,50.20053],[-5.05874,50.19944],[-5.05785,50.19828],[-5.058,50.19679],[-5.05909,50.19471],[-5.05911,50.19324],[-5.0559,50.19527],[-5.055,50.19792],[-5.0533,50.19997],[-5.05017,50.20236],[-5.04829,50.20292],[-5.04392,50.20331],[-5.04557,50.20508],[-5.04772,50.20629],[-5.04602,50.20707],[-5.0452,50.20582],[-5.04308,50.2043],[-5.04047,50.20467],[-5.0384,50.20639],[-5.03791,50.20782],[-5.03605,50.2097],[-5.03655,50.21146],[-5.03898,50.21266],[-5.03321,50.21237],[-5.03253,50.2118],[-5.03267,50.2099],[-5.03063,50.2088],[-5.02841,50.20992],[-5.02742,50.21121],[-5.02861,50.21444],[-5.02785,50.21726],[-5.02814,50.22102],[-5.03062,50.2224],[-5.0335,50.22206],[-5.0373,50.22049],[-5.03943,50.22105],[-5.03097,50.22357],[-5.03226,50.22484],[-5.03412,50.22477],[-5.03626,50.22773],[-5.03288,50.22795],[-5.03422,50.22651],[-5.03064,50.22531],[-5.02781,50.22357],[-5.02521,50.22493],[-5.02412,50.22478],[-5.02071,50.22558],[-5.01829,50.22565],[-5.01786,50.2265],[-5.01936,50.23138],[-5.0218,50.23281],[-5.02089,50.23512],[-5.01953,50.23703],[-5.01612,50.24004],[-5.01707,50.24169],[-5.02275,50.24298],[-5.0272,50.24126],[-5.02937,50.23898],[-5.03121,50.23817],[-5.03185,50.23979],[-5.03041,50.24041],[-5.02987,50.2417],[-5.03272,50.24296],[-5.03569,50.2438],[-5.03525,50.246],[-5.03722,50.24625],[-5.04021,50.24595],[-5.04265,50.24689],[-5.05049,50.24827],[-5.04654,50.249],[-5.04345,50.24789],[-5.04012,50.24806],[-5.03924,50.24915],[-5.04129,50.25223],[-5.04262,50.25262],[-5.04404,50.25424],[-5.04697,50.25871],[-5.04467,50.2576],[-5.04335,50.25642],[-5.04026,50.25464],[-5.04126,50.25306],[-5.03835,50.24997],[-5.03445,50.24966],[-5.03336,50.24906],[-5.03174,50.24633],[-5.02953,50.24453],[-5.02926,50.24356],[-5.02677,50.24315],[-5.02417,50.24487],[-5.02308,50.2466],[-5.01984,50.2481],[-5.01621,50.25019],[-5.01368,50.25045],[-5.01155,50.25142],[-5.012,50.25281],[-5.01399,50.25521],[-5.01544,50.25567],[-5.01378,50.25693],[-5.01204,50.26053],[-5.01061,50.26182],[-5.00934,50.26511],[-5.0072,50.26754],[-5.00487,50.2685],[-5.00375,50.26968],[-5.00449,50.27112],[-5.00299,50.2735],[-5.00098,50.27372],[-5.00249,50.27109],[-5.00199,50.2686],[-5.0045,50.2667],[-5.00574,50.26636],[-5.00611,50.2638],[-5.00831,50.26054],[-5.00884,50.25891],[-5.01007,50.25777],[-5.01059,50.25484],[-5.00875,50.25323],[-5.00866,50.25185],[-5.00976,50.2501],[-5.01722,50.24718],[-5.01973,50.24661],[-5.02178,50.24505],[-5.01734,50.24466],[-5.01338,50.24268],[-5.01215,50.24084],[-5.01269,50.23945],[-5.0152,50.23663],[-5.01637,50.23434],[-5.01605,50.23178],[-5.0135,50.23029],[-5.01479,50.22892],[-5.014,50.22744],[-5.01114,50.22885],[-5.00724,50.2286],[-5.00579,50.22809],[-5.00355,50.22567],[-5.00193,50.22512],[-4.99581,50.22651],[-4.99202,50.22637],[-4.98648,50.22851],[-4.98479,50.22877],[-4.98572,50.23165],[-4.98422,50.23289],[-4.97954,50.23425],[-4.97616,50.234],[-4.97489,50.23607],[-4.97119,50.23618],[-4.96871,50.23806],[-4.96842,50.23881],[-4.96579,50.23914],[-4.96558,50.23646],[-4.96712,50.23474],[-4.96713,50.23343],[-4.96578,50.23233],[-4.96932,50.23213],[-4.97193,50.23083],[-4.97615,50.23145],[-4.97884,50.23263],[-4.98277,50.23231],[-4.98327,50.23172],[-4.98185,50.2295],[-4.97963,50.22919],[-4.97543,50.2292],[-4.97237,50.22965],[-4.9709,50.22817],[-4.97099,50.22692],[-4.97531,50.22685],[-4.97676,50.22756],[-4.97923,50.22709],[-4.97879,50.22521],[-4.98025,50.22518],[-4.98209,50.22671],[-4.98467,50.22577],[-4.98666,50.22592],[-4.98864,50.22521],[-4.99283,50.22463],[-4.99434,50.22474],[-4.99897,50.22339],[-5.00443,50.22338],[-5.00606,50.2241],[-5.00927,50.22709],[-5.01307,50.22506],[-5.01676,50.22259],[-5.02041,50.22217],[-5.02282,50.22269],[-5.02454,50.22065],[-5.0246,50.21892],[-5.02553,50.21733],[-5.02469,50.21645],[-5.02517,50.21446],[-5.02447,50.20994],[-5.02557,50.20837],[-5.0306,50.20538],[-5.03288,50.20535],[-5.03491,50.20328],[-5.03151,50.20031],[-5.02916,50.19438],[-5.02936,50.19285],[-5.02842,50.19184],[-5.02781,50.18611],[-5.02568,50.18229],[-5.02437,50.18192],[-5.02062,50.18376],[-5.01717,50.18439],[-5.01547,50.18774],[-5.01394,50.18773],[-5.01529,50.18429],[-5.01673,50.18322],[-5.02052,50.18129],[-5.01984,50.18051],[-5.01987,50.17653],[-5.02212,50.17526],[-5.02305,50.17272],[-5.02149,50.1713],[-5.02339,50.16811],[-5.02417,50.16431],[-5.02745,50.16146],[-5.02821,50.15848],[-5.02615,50.1561],[-5.0238,50.15475],[-5.02226,50.15538],[-5.01969,50.15735],[-5.01731,50.15724],[-5.01527,50.15797],[-5.01377,50.15916],[-5.01058,50.15854],[-5.00858,50.15706],[-5.00617,50.15638],[-5.00481,50.15712],[-5.00484,50.15904],[-5.00597,50.16158],[-5.0031,50.1631],[-5.00166,50.16571],[-5.00504,50.16918],[-5.00206,50.17106],[-4.99893,50.17122],[-4.99657,50.17359],[-4.99797,50.17441],[-4.99859,50.17579],[-4.9962,50.18062],[-4.99499,50.17923],[-4.99654,50.17661],[-4.99638,50.17524],[-4.99379,50.1769],[-4.99309,50.17441],[-4.99565,50.17092],[-4.99748,50.16961],[-5.00164,50.16962],[-5.00153,50.16765],[-4.99911,50.16687],[-4.99673,50.16671],[-4.99454,50.16809],[-4.99355,50.16742],[-4.99605,50.16542],[-4.99712,50.16385],[-4.99356,50.16167],[-4.99101,50.1622],[-4.98798,50.16176],[-4.98856,50.16097],[-4.99103,50.16139],[-4.99339,50.16073],[-4.99727,50.16173],[-4.99885,50.16166],[-5.00004,50.15951],[-4.99929,50.158],[-5.00072,50.15545],[-5.00398,50.15328],[-5.00441,50.15155],[-5.00717,50.1507],[-5.00904,50.15213],[-5.00791,50.15289],[-5.00952,50.15404],[-5.01111,50.15361],[-5.01312,50.15155],[-5.01756,50.14937],[-5.01627,50.148],[-5.01646,50.14601],[-5.01428,50.14478],[-5.01616,50.14116],[-5.01388,50.14063],[-5.01269,50.14135],[-5.0108,50.13953],[-5.00961,50.1393],[-5.0058,50.14131],[-5.00484,50.14314],[-5.00359,50.143],[-4.99958,50.1451],[-4.99602,50.14863],[-4.99112,50.15027],[-4.98801,50.15054],[-4.98725,50.14964],[-4.98457,50.14987],[-4.98197,50.15181],[-4.98273,50.15338],[-4.98402,50.15355],[-4.98376,50.15509],[-4.98459,50.15596],[-4.98389,50.15779],[-4.98153,50.1597],[-4.97888,50.16017],[-4.97643,50.16249],[-4.97251,50.16467],[-4.97357,50.16607],[-4.97365,50.17071],[-4.97396,50.17277],[-4.97251,50.17639],[-4.97097,50.17805],[-4.97148,50.17887],[-4.97372,50.17901],[-4.97468,50.17984],[-4.97466,50.18243],[-4.97222,50.18631],[-4.96822,50.18561],[-4.96778,50.18727],[-4.96883,50.18949],[-4.96867,50.1921],[-4.96368,50.19587],[-4.96228,50.19603],[-4.9627,50.19768],[-4.96106,50.19873],[-4.9577,50.20167],[-4.95757,50.2022],[-4.95327,50.20391],[-4.94969,50.20492],[-4.94866,50.20565],[-4.93836,50.20711],[-4.93374,50.20709],[-4.93151,50.2056],[-4.92914,50.20478],[-4.92566,50.20278],[-4.92354,50.20223],[-4.92308,50.19986],[-4.9222,50.19903],[-4.92195,50.19549],[-4.91879,50.19614],[-4.91599,50.19717],[-4.91315,50.19969],[-4.91084,50.20018],[-4.91027,50.2015],[-4.91062,50.2054],[-4.90835,50.20621],[-4.90482,50.205],[-4.90248,50.20763],[-4.90255,50.20895],[-4.90479,50.20956],[-4.90334,50.21085],[-4.90367,50.21173],[-4.89984,50.21426],[-4.89683,50.21314],[-4.89535,50.21322],[-4.8935,50.21466],[-4.89282,50.21712],[-4.89,50.21847],[-4.88879,50.21825],[-4.88652,50.22083],[-4.88301,50.22413],[-4.88054,50.22365],[-4.87749,50.22466],[-4.87618,50.22464],[-4.8757,50.22715],[-4.87392,50.22869],[-4.87413,50.23047],[-4.87188,50.2319],[-4.87065,50.23163],[-4.86862,50.23301],[-4.8653,50.23397],[-4.86296,50.23595],[-4.86145,50.23487],[-4.85892,50.23519],[-4.85687,50.23457],[-4.85367,50.23539],[-4.84482,50.23483],[-4.84451,50.23672],[-4.84145,50.23689],[-4.84036,50.23527],[-4.84013,50.23337],[-4.83868,50.23223],[-4.83364,50.23329],[-4.83133,50.23287],[-4.82978,50.23054],[-4.82807,50.23033],[-4.82539,50.23103],[-4.81958,50.23167],[-4.81327,50.22983],[-4.81221,50.22703],[-4.81252,50.22467],[-4.81053,50.22479],[-4.81044,50.22298],[-4.80849,50.22313],[-4.80759,50.22104],[-4.80532,50.22078],[-4.80472,50.21946],[-4.80252,50.21875],[-4.7985,50.21952],[-4.79707,50.22187],[-4.79763,50.22414],[-4.79909,50.22666],[-4.79826,50.2302],[-4.79493,50.23259],[-4.79257,50.23357],[-4.78683,50.23506],[-4.78429,50.23484],[-4.78326,50.23666],[-4.78092,50.23741],[-4.78419,50.23841],[-4.78491,50.23979],[-4.78816,50.24106],[-4.78812,50.24215],[-4.78632,50.24297],[-4.78513,50.24437],[-4.78555,50.24557],[-4.78082,50.24893],[-4.77764,50.25053],[-4.77499,50.25101],[-4.77196,50.25105],[-4.76863,50.25277],[-4.76801,50.25422],[-4.7708,50.25499],[-4.77036,50.25701],[-4.77129,50.25816],[-4.77401,50.25787],[-4.7747,50.25849],[-4.7809,50.25996],[-4.7828,50.26149],[-4.78487,50.26134],[-4.78552,50.26261],[-4.78413,50.26366],[-4.78422,50.2657],[-4.78204,50.2668],[-4.7831,50.26853],[-4.78667,50.26898],[-4.78678,50.27019],[-4.78475,50.27024],[-4.78291,50.27176],[-4.78463,50.27344],[-4.78394,50.27509],[-4.77833,50.2793],[-4.78325,50.28166],[-4.78258,50.28305],[-4.78436,50.28462],[-4.78241,50.28769],[-4.77879,50.29048],[-4.77342,50.29268],[-4.77371,50.2944],[-4.77271,50.29527],[-4.76677,50.29773],[-4.76764,50.2986],[-4.76565,50.29982],[-4.76282,50.30071],[-4.75937,50.29846],[-4.75816,50.29967],[-4.75647,50.30031],[-4.7557,50.29891],[-4.75402,50.2979],[-4.75268,50.29925],[-4.75567,50.3016],[-4.75521,50.30362],[-4.75402,50.30595],[-4.75546,50.30725],[-4.75807,50.30726],[-4.76108,50.30832],[-4.76343,50.31022],[-4.76325,50.31167],[-4.7651,50.31294],[-4.76473,50.31462],[-4.76681,50.32221],[-4.76496,50.32429],[-4.76201,50.32426],[-4.76307,50.32654],[-4.75979,50.3287],[-4.75686,50.32912],[-4.7559,50.33098],[-4.7525,50.33221],[-4.75043,50.33154],[-4.74893,50.33231],[-4.74673,50.33172],[-4.74466,50.33233],[-4.74323,50.33381],[-4.73976,50.33532],[-4.73725,50.33493],[-4.73341,50.33623],[-4.71857,50.33832],[-4.71757,50.33826],[-4.71127,50.33949],[-4.70886,50.34044],[-4.70621,50.34047],[-4.70446,50.34226],[-4.7057,50.34325],[-4.7043,50.3446],[-4.70111,50.34373],[-4.70029,50.34451],[-4.70251,50.34691],[-4.69776,50.34783],[-4.69537,50.34769],[-4.68981,50.34645],[-4.69029,50.3448],[-4.68894,50.34364],[-4.68958,50.34219],[-4.68626,50.34098],[-4.68512,50.33941],[-4.68198,50.33833],[-4.68198,50.33673],[-4.68311,50.336],[-4.68216,50.3346],[-4.68215,50.33226],[-4.68292,50.33089],[-4.68216,50.3302],[-4.68295,50.32576],[-4.68208,50.32261],[-4.68483,50.32012],[-4.68128,50.31951],[-4.68114,50.31828],[-4.67901,50.31854],[-4.67665,50.31792],[-4.67516,50.31476],[-4.67124,50.31412],[-4.6692,50.31858],[-4.66948,50.31998],[-4.66755,50.32217],[-4.66762,50.32308],[-4.66525,50.32361],[-4.66344,50.32213],[-4.65658,50.32297],[-4.65313,50.32369],[-4.65172,50.32693],[-4.64886,50.32725],[-4.64661,50.32697],[-4.64491,50.32817],[-4.64571,50.32916],[-4.6429,50.32999],[-4.64123,50.33177],[-4.63914,50.33249],[-4.63739,50.3337],[-4.63417,50.33493],[-4.63197,50.33881],[-4.63364,50.33993],[-4.63297,50.34208],[-4.63115,50.34463],[-4.63312,50.3454],[-4.63579,50.34567],[-4.63763,50.34667],[-4.63793,50.34768],[-4.63709,50.35117],[-4.63921,50.35384],[-4.63941,50.35661],[-4.63875,50.36017],[-4.64102,50.36313],[-4.64037,50.36514],[-4.63904,50.36667],[-4.63893,50.37032],[-4.63955,50.37138],[-4.64362,50.37279],[-4.64794,50.37637],[-4.65242,50.37531],[-4.65276,50.37588],[-4.6497,50.37706],[-4.65384,50.37869],[-4.65636,50.38091],[-4.65755,50.38423],[-4.6605,50.38662],[-4.66277,50.38992],[-4.6593,50.38793],[-4.65617,50.38504],[-4.65397,50.38381],[-4.65338,50.38237],[-4.65088,50.38192],[-4.64732,50.38039],[-4.63794,50.37308],[-4.63612,50.37398],[-4.63625,50.37629],[-4.63517,50.3792],[-4.63349,50.38069],[-4.62769,50.38087],[-4.62588,50.38125],[-4.62351,50.38249],[-4.61834,50.38393],[-4.61857,50.38311],[-4.62244,50.38173],[-4.62529,50.3811],[-4.62589,50.38048],[-4.63151,50.38054],[-4.63351,50.37935],[-4.63417,50.3783],[-4.63361,50.37441],[-4.63541,50.37032],[-4.63377,50.36734],[-4.63353,50.3655],[-4.63397,50.36359],[-4.63587,50.36147],[-4.63598,50.3601],[-4.63098,50.35872],[-4.62785,50.35822],[-4.6238,50.35972],[-4.62041,50.35944],[-4.61684,50.3581],[-4.61754,50.35761],[-4.62047,50.35869],[-4.62238,50.3589],[-4.6245,50.35776],[-4.62792,50.35722],[-4.63407,50.35836],[-4.63578,50.3583],[-4.63652,50.35596],[-4.63446,50.35],[-4.636,50.34725],[-4.63084,50.34657],[-4.62915,50.34586],[-4.62877,50.34348],[-4.63143,50.34136],[-4.62967,50.33825],[-4.62966,50.33458],[-4.62591,50.33443],[-4.62247,50.33578],[-4.61715,50.33544],[-4.61731,50.33413],[-4.62248,50.3343],[-4.62341,50.33359],[-4.62991,50.33246],[-4.63429,50.32909],[-4.63597,50.32903],[-4.63767,50.32984],[-4.63975,50.32827],[-4.63865,50.3262],[-4.63647,50.32609],[-4.63519,50.32479],[-4.63081,50.32424],[-4.62452,50.32405],[-4.62379,50.32464],[-4.61967,50.32396],[-4.61502,50.32501],[-4.61268,50.32763],[-4.60945,50.32873],[-4.60347,50.32868],[-4.60345,50.32791],[-4.60132,50.32698],[-4.60245,50.32585],[-4.60231,50.32451],[-4.60061,50.32385],[-4.59842,50.32389],[-4.59709,50.32467],[-4.59716,50.32669],[-4.59456,50.32746],[-4.59037,50.33004],[-4.58896,50.33059],[-4.5875,50.33212],[-4.58413,50.33227],[-4.58266,50.33103],[-4.57849,50.33257],[-4.57732,50.33142],[-4.57412,50.33038],[-4.57272,50.33065],[-4.56926,50.32897],[-4.56091,50.32736],[-4.55885,50.32775],[-4.55791,50.32643],[-4.55476,50.32555],[-4.55151,50.32565],[-4.55146,50.32431],[-4.54761,50.32406],[-4.54501,50.32477],[-4.5431,50.32412],[-4.53957,50.32457],[-4.53896,50.32372],[-4.53549,50.32481],[-4.53204,50.32486],[-4.52764,50.32606],[-4.52734,50.32678],[-4.52472,50.32744],[-4.519,50.32831],[-4.51611,50.33022],[-4.51674,50.3316],[-4.51223,50.33002],[-4.51032,50.33053],[-4.50681,50.33041],[-4.50382,50.33093],[-4.50184,50.33063],[-4.49975,50.33213],[-4.49929,50.33346],[-4.49997,50.3347],[-4.4981,50.33675],[-4.4936,50.33714],[-4.49157,50.33538],[-4.48865,50.33522],[-4.48553,50.33571],[-4.48462,50.33496],[-4.48181,50.33447],[-4.47924,50.33346],[-4.47305,50.33308],[-4.47203,50.33415],[-4.47188,50.33611],[-4.47317,50.33696],[-4.4731,50.33855],[-4.46599,50.34082],[-4.46315,50.34132],[-4.46014,50.34134],[-4.45858,50.34238],[-4.45767,50.3439],[-4.45246,50.34487],[-4.45083,50.34766],[-4.45059,50.34945],[-4.4512,50.35045],[-4.45394,50.35125],[-4.45587,50.35306],[-4.45716,50.35815],[-4.45926,50.35872],[-4.4639,50.35781],[-4.46834,50.36001],[-4.46932,50.36262],[-4.47921,50.36238],[-4.47736,50.36325],[-4.46918,50.36362],[-4.46775,50.36284],[-4.4672,50.36078],[-4.46426,50.35895],[-4.46207,50.35875],[-4.4596,50.35931],[-4.45826,50.3624],[-4.45932,50.36524],[-4.45907,50.36629],[-4.46057,50.36738],[-4.46012,50.36813],[-4.46226,50.37283],[-4.46549,50.37416],[-4.4668,50.37563],[-4.4661,50.37674],[-4.46397,50.37465],[-4.46155,50.37374],[-4.46023,50.37221],[-4.45921,50.3697],[-4.45722,50.36648],[-4.45741,50.36461],[-4.45638,50.36208],[-4.4568,50.36007],[-4.45569,50.35837],[-4.45457,50.35273],[-4.45219,50.35151],[-4.4508,50.35281],[-4.4492,50.35299],[-4.44835,50.3542],[-4.4463,50.35493],[-4.44297,50.35778],[-4.43975,50.35938],[-4.4377,50.35976],[-4.43541,50.36107],[-4.4326,50.36086],[-4.42746,50.36183],[-4.42225,50.36176],[-4.41817,50.36213],[-4.41618,50.36282],[-4.41022,50.36415],[-4.40166,50.36362],[-4.39292,50.36323],[-4.38867,50.36431],[-4.38636,50.36432],[-4.37938,50.36238],[-4.36806,50.36028],[-4.36175,50.36018],[-4.35839,50.36071],[-4.35792,50.36142],[-4.352,50.36147],[-4.35161,50.36115],[-4.34439,50.36074],[-4.33825,50.35949],[-4.33353,50.36134],[-4.33214,50.36232],[-4.32984,50.36182],[-4.32638,50.36198],[-4.31997,50.3611],[-4.31635,50.36197],[-4.31457,50.36117],[-4.30815,50.3614],[-4.3058,50.36039],[-4.30388,50.36066],[-4.29698,50.35969],[-4.29648,50.35874],[-4.29374,50.35914],[-4.29186,50.35876],[-4.28981,50.35765],[-4.28329,50.35659],[-4.27861,50.35534],[-4.26961,50.352],[-4.26655,50.34999],[-4.26056,50.34838],[-4.25887,50.34719],[-4.25639,50.34692],[-4.25453,50.34574],[-4.25308,50.34555],[-4.25173,50.34422],[-4.25058,50.34446],[-4.24818,50.3429],[-4.24469,50.34206],[-4.24152,50.33999],[-4.23613,50.3375],[-4.23301,50.33532],[-4.22917,50.3335],[-4.22431,50.32977],[-4.2209,50.32661],[-4.21956,50.32401],[-4.22208,50.32177],[-4.22748,50.31907],[-4.2264,50.3181],[-4.22349,50.31713],[-4.22368,50.31517],[-4.2271,50.31403],[-4.2243,50.31196],[-4.22095,50.31178],[-4.22122,50.31414],[-4.21901,50.31451],[-4.21455,50.31618],[-4.21353,50.31741],[-4.20773,50.31852],[-4.20393,50.31836],[-4.19995,50.31772],[-4.19599,50.3182],[-4.19359,50.31817],[-4.19123,50.31754],[-4.18888,50.31765],[-4.18838,50.31931],[-4.18913,50.32117],[-4.18931,50.32353],[-4.19234,50.32528],[-4.19742,50.32738],[-4.20101,50.32955],[-4.20127,50.33287],[-4.19996,50.33425],[-4.19413,50.33719],[-4.19134,50.33941],[-4.18808,50.34089],[-4.18483,50.34146],[-4.18082,50.3414],[-4.18043,50.34208],[-4.17676,50.34319],[-4.17099,50.34384],[-4.16737,50.34565],[-4.16639,50.34861],[-4.16727,50.35005],[-4.16665,50.35149],[-4.16792,50.35201],[-4.17304,50.35561],[-4.17143,50.35811],[-4.17171,50.3589],[-4.17399,50.35922],[-4.17439,50.36056],[-4.17712,50.36109],[-4.18055,50.36024],[-4.18303,50.35711],[-4.18652,50.35659],[-4.18695,50.35549],[-4.19004,50.35515],[-4.19336,50.35369],[-4.19355,50.35288],[-4.19225,50.35106],[-4.19534,50.34981],[-4.20021,50.34885],[-4.20409,50.34688],[-4.20679,50.34838],[-4.20981,50.34943],[-4.21014,50.35046],[-4.20837,50.35103],[-4.20657,50.35055],[-4.20529,50.349],[-4.20311,50.34937],[-4.20333,50.35039],[-4.20131,50.35257],[-4.19912,50.35243],[-4.19734,50.35324],[-4.19659,50.35519],[-4.19747,50.3555],[-4.19653,50.3586],[-4.19821,50.35981],[-4.2021,50.36004],[-4.20291,50.36081],[-4.2063,50.36172],[-4.20851,50.35954],[-4.21229,50.35905],[-4.21208,50.35723],[-4.21437,50.35535],[-4.21566,50.35739],[-4.21591,50.35901],[-4.2182,50.3597],[-4.21865,50.36074],[-4.21743,50.36221],[-4.22068,50.36273],[-4.22204,50.36338],[-4.22679,50.36298],[-4.23125,50.36376],[-4.23583,50.36376],[-4.23602,50.36549],[-4.23447,50.36535],[-4.23228,50.366],[-4.23033,50.36543],[-4.22882,50.36632],[-4.22731,50.36625],[-4.22289,50.36787],[-4.22197,50.36887],[-4.22019,50.3686],[-4.21834,50.36758],[-4.21401,50.36928],[-4.21134,50.36978],[-4.20789,50.36991],[-4.2068,50.37197],[-4.20488,50.37161],[-4.20133,50.37026],[-4.1995,50.37022],[-4.19792,50.37106],[-4.19478,50.37186],[-4.19477,50.37364],[-4.19288,50.37461],[-4.19301,50.37585],[-4.19748,50.37705],[-4.19651,50.37832],[-4.20236,50.37904],[-4.20254,50.38075],[-4.19903,50.38127],[-4.19792,50.38189],[-4.19883,50.38323],[-4.20337,50.38387],[-4.20528,50.38511],[-4.20953,50.38589],[-4.208,50.38729],[-4.20424,50.38694],[-4.20213,50.38711],[-4.20221,50.38838],[-4.20596,50.38908],[-4.20915,50.39114],[-4.2101,50.39222],[-4.21301,50.39272],[-4.21851,50.39199],[-4.2199,50.39112],[-4.22168,50.39142],[-4.22325,50.39035],[-4.22614,50.38935],[-4.22839,50.38944],[-4.23032,50.39048],[-4.23189,50.38992],[-4.23545,50.38745],[-4.23508,50.38468],[-4.23742,50.38318],[-4.23756,50.38202],[-4.23975,50.38011],[-4.24366,50.37887],[-4.24505,50.37723],[-4.24933,50.37732],[-4.24914,50.37451],[-4.2512,50.3758],[-4.25536,50.37632],[-4.25817,50.37544],[-4.25812,50.37674],[-4.26286,50.37614],[-4.26617,50.37477],[-4.26752,50.37223],[-4.2741,50.37229],[-4.27056,50.3735],[-4.26874,50.37343],[-4.26816,50.37527],[-4.27082,50.37517],[-4.27267,50.37423],[-4.2758,50.37394],[-4.27751,50.37457],[-4.2793,50.37623],[-4.27982,50.37768],[-4.28418,50.37985],[-4.28501,50.38126],[-4.28693,50.38276],[-4.29139,50.3842],[-4.29561,50.38739],[-4.30092,50.38864],[-4.30329,50.38811],[-4.30215,50.39014],[-4.30367,50.39236],[-4.30235,50.39577],[-4.30154,50.3967],[-4.30245,50.39767],[-4.30658,50.3989],[-4.305,50.4],[-4.3004,50.39949],[-4.29938,50.39706],[-4.29981,50.39576],[-4.30162,50.39389],[-4.30172,50.39264],[-4.30046,50.39104],[-4.29446,50.38952],[-4.29359,50.38907],[-4.29174,50.39214],[-4.29163,50.39409],[-4.28845,50.39488],[-4.28292,50.39774],[-4.28079,50.40134],[-4.28151,50.40331],[-4.28137,50.40481],[-4.27992,50.40499],[-4.2805,50.4029],[-4.27987,50.40068],[-4.28067,50.39853],[-4.28294,50.39606],[-4.28686,50.39452],[-4.28991,50.39248],[-4.29032,50.3904],[-4.28911,50.38796],[-4.28732,50.38908],[-4.28422,50.38851],[-4.28379,50.38707],[-4.28179,50.38607],[-4.28428,50.38415],[-4.2827,50.38154],[-4.27795,50.3788],[-4.27626,50.37701],[-4.27334,50.37681],[-4.27171,50.37769],[-4.27064,50.3796],[-4.2705,50.38478],[-4.26837,50.38689],[-4.26641,50.38721],[-4.2632,50.38614],[-4.26215,50.38626],[-4.25818,50.38514],[-4.25406,50.38324],[-4.25349,50.38424],[-4.24838,50.38506],[-4.24538,50.38694],[-4.24601,50.38756],[-4.24958,50.38875],[-4.25159,50.38897],[-4.25319,50.38784],[-4.25785,50.38831],[-4.25569,50.38949],[-4.25364,50.38896],[-4.24943,50.39076],[-4.25207,50.39322],[-4.24988,50.3931],[-4.24723,50.39064],[-4.24375,50.38921],[-4.24161,50.38977],[-4.24212,50.39155],[-4.23994,50.39258],[-4.23683,50.3934],[-4.23306,50.39396],[-4.23304,50.39561],[-4.23536,50.39635],[-4.23352,50.39999],[-4.23243,50.39726],[-4.23021,50.39695],[-4.22959,50.39527],[-4.22999,50.39376],[-4.2273,50.3933],[-4.2252,50.39481],[-4.22564,50.39611],[-4.22141,50.39753],[-4.21771,50.39751],[-4.21522,50.39884],[-4.21187,50.39932],[-4.21018,50.40243],[-4.21012,50.40379],[-4.21354,50.40481],[-4.20888,50.40525],[-4.20686,50.40605],[-4.20583,50.40805],[-4.2071,50.41086],[-4.20781,50.41099],[-4.21054,50.4135],[-4.21165,50.41393],[-4.21153,50.41775],[-4.21068,50.42013],[-4.2115,50.42094],[-4.21133,50.42405],[-4.20987,50.42536],[-4.2116,50.4263],[-4.21448,50.42678],[-4.21803,50.42594],[-4.21884,50.42505],[-4.22474,50.42427],[-4.22444,50.42702],[-4.22819,50.42806],[-4.22832,50.42959],[-4.22689,50.42997],[-4.22714,50.43271],[-4.22809,50.43508],[-4.22637,50.43556],[-4.22559,50.43245],[-4.22595,50.42988],[-4.22517,50.42838],[-4.22285,50.42667],[-4.22091,50.42808],[-4.21911,50.4281],[-4.21862,50.42911],[-4.21615,50.42832],[-4.21428,50.42973],[-4.20675,50.42955],[-4.20377,50.42996],[-4.20259,50.43137],[-4.20308,50.4326],[-4.20152,50.43444],[-4.19931,50.43572],[-4.20055,50.43795],[-4.2058,50.44054],[-4.20571,50.44158],[-4.20317,50.44224],[-4.20479,50.44341],[-4.20704,50.44371],[-4.20987,50.44568],[-4.20935,50.44878],[-4.21067,50.45034],[-4.21081,50.4525],[-4.21165,50.45621],[-4.21331,50.4593],[-4.21526,50.46117],[-4.21776,50.46443],[-4.22068,50.46386],[-4.22291,50.46265],[-4.22445,50.46111],[-4.22398,50.45875],[-4.22836,50.45534],[-4.23059,50.45501],[-4.23388,50.4561],[-4.23488,50.45583],[-4.23791,50.45776],[-4.23989,50.46073],[-4.24043,50.46262],[-4.23962,50.46496],[-4.2386,50.46636],[-4.2359,50.4684],[-4.22979,50.47136],[-4.22628,50.4725],[-4.21923,50.47546],[-4.21849,50.47686],[-4.21879,50.48357],[-4.22239,50.48584],[-4.22478,50.48989],[-4.22126,50.49281],[-4.22092,50.49406],[-4.22182,50.49674],[-4.22022,50.49852],[-4.21813,50.49844],[-4.20983,50.4969],[-4.20657,50.49565],[-4.20396,50.4929],[-4.20049,50.49245],[-4.19557,50.49349],[-4.19418,50.49559],[-4.19552,50.49828],[-4.19321,50.49916],[-4.18945,50.4987],[-4.1896,50.49811],[-4.19353,50.49872],[-4.19491,50.49787],[-4.19321,50.49505],[-4.1948,50.49323],[-4.20087,50.49195],[-4.20373,50.49217],[-4.20493,50.49277],[-4.20757,50.49536],[-4.21011,50.49627],[-4.21965,50.4979],[-4.22081,50.49775],[-4.21995,50.49304],[-4.22299,50.49004],[-4.22318,50.48904],[-4.22158,50.48694],[-4.21933,50.48578],[-4.21758,50.48407],[-4.21686,50.47716],[-4.21863,50.47452],[-4.222,50.47267],[-4.2312,50.46861],[-4.23554,50.4665],[-4.23726,50.46436],[-4.23759,50.46173],[-4.23677,50.45945],[-4.23437,50.45772],[-4.23234,50.45695],[-4.22843,50.45739],[-4.2272,50.45841],[-4.22771,50.46153],[-4.22733,50.46407],[-4.22582,50.46529],[-4.22473,50.46709],[-4.22268,50.46806],[-4.21961,50.46889],[-4.21582,50.46832],[-4.21305,50.46644],[-4.20596,50.45879],[-4.20418,50.45797],[-4.20245,50.45641],[-4.20115,50.45446],[-4.1984,50.45338],[-4.19523,50.45432],[-4.19468,50.45337],[-4.19542,50.45071],[-4.19995,50.45005],[-4.19959,50.44846],[-4.19837,50.44729],[-4.19894,50.44557],[-4.1983,50.44475],[-4.19502,50.44258],[-4.19134,50.44087],[-4.1924,50.43801],[-4.19083,50.43525],[-4.18508,50.43421],[-4.18358,50.43598],[-4.18005,50.43773],[-4.17665,50.44055],[-4.17532,50.44374],[-4.17342,50.44488],[-4.17315,50.44618],[-4.17134,50.44859],[-4.1716,50.44952],[-4.16963,50.45192],[-4.1686,50.45219],[-4.16528,50.45461],[-4.16394,50.45613],[-4.16202,50.45531],[-4.16025,50.45548],[-4.15868,50.45642],[-4.15635,50.4589],[-4.15701,50.46123],[-4.15459,50.45983],[-4.1546,50.45655],[-4.1567,50.45361],[-4.16017,50.45112],[-4.16166,50.4497],[-4.1579,50.44777],[-4.15906,50.44746],[-4.16265,50.44941],[-4.16329,50.44687],[-4.16552,50.44608],[-4.16507,50.44383],[-4.16664,50.44229],[-4.16973,50.44087],[-4.17043,50.4391],[-4.17193,50.4379],[-4.1739,50.4353],[-4.17652,50.43457],[-4.18038,50.43187],[-4.18271,50.43088],[-4.18436,50.42944],[-4.18627,50.42943],[-4.18955,50.42873],[-4.18835,50.42728],[-4.18356,50.42545],[-4.18101,50.42541],[-4.17828,50.4246],[-4.17677,50.4233],[-4.17303,50.42448],[-4.16933,50.42401],[-4.16594,50.42551],[-4.16607,50.42428],[-4.16894,50.42295],[-4.17577,50.42195],[-4.17787,50.42217],[-4.18157,50.42332],[-4.18443,50.42329],[-4.18856,50.4239],[-4.19024,50.42468],[-4.19232,50.42468],[-4.19225,50.42267],[-4.19347,50.42165],[-4.19766,50.41188],[-4.20126,50.40688],[-4.20066,50.40566],[-4.20223,50.40479],[-4.2019,50.40231],[-4.20534,50.39953],[-4.20298,50.3965],[-4.19759,50.39481],[-4.19428,50.39214],[-4.18774,50.39338],[-4.18791,50.39415],[-4.1857,50.39479],[-4.18481,50.39247],[-4.19182,50.39094],[-4.19292,50.39008],[-4.19021,50.38856],[-4.18826,50.3838],[-4.18418,50.38434],[-4.1837,50.38275],[-4.18599,50.38214],[-4.1844,50.37693],[-4.18386,50.37625],[-4.18414,50.37218],[-4.18492,50.37109],[-4.18547,50.36721],[-4.18061,50.36502],[-4.17809,50.36486],[-4.17257,50.36559],[-4.17028,50.3652],[-4.16846,50.36413],[-4.1669,50.36483],[-4.16727,50.36633],[-4.16626,50.36674],[-4.16327,50.36628],[-4.1637,50.36484],[-4.16254,50.3642],[-4.16376,50.3629],[-4.16715,50.36179],[-4.1674,50.35985],[-4.16407,50.35894],[-4.16223,50.36106],[-4.16119,50.36135],[-4.15757,50.36109],[-4.15547,50.36299],[-4.15728,50.36457],[-4.1556,50.36522],[-4.15627,50.36715],[-4.15438,50.36755],[-4.15184,50.36448],[-4.15154,50.36334],[-4.14844,50.36233],[-4.14579,50.36427],[-4.14135,50.36382],[-4.13917,50.36321],[-4.13482,50.36304],[-4.13403,50.36593],[-4.13167,50.36651],[-4.12981,50.36424],[-4.12639,50.36474],[-4.12406,50.36395],[-4.12305,50.3622],[-4.12059,50.36136],[-4.1157,50.36179],[-4.11394,50.36253],[-4.10987,50.36819],[-4.10955,50.36927],[-4.11059,50.37083],[-4.11073,50.37268],[-4.10909,50.37307],[-4.10732,50.37667],[-4.10443,50.37989],[-4.10017,50.38357],[-4.09092,50.38602],[-4.08845,50.38734],[-4.08479,50.38649],[-4.08683,50.38556],[-4.08858,50.38319],[-4.09275,50.38225],[-4.09935,50.37971],[-4.09988,50.37814],[-4.10392,50.37053],[-4.10756,50.36871],[-4.10892,50.36652],[-4.10889,50.36512],[-4.11035,50.36335],[-4.11012,50.36138],[-4.11244,50.35943],[-4.11234,50.35745],[-4.11052,50.35717],[-4.10665,50.35859],[-4.10539,50.35651],[-4.11205,50.35492],[-4.11327,50.35859],[-4.11556,50.3593],[-4.11627,50.36032],[-4.11808,50.35975],[-4.11765,50.35883],[-4.12047,50.35783],[-4.12403,50.35795],[-4.12826,50.36073],[-4.13036,50.36061],[-4.13184,50.35936],[-4.13074,50.35872],[-4.12709,50.35805],[-4.12456,50.35538],[-4.12604,50.35458],[-4.12282,50.35223],[-4.12167,50.35055],[-4.12155,50.34863],[-4.1243,50.34533],[-4.12854,50.34293],[-4.12781,50.34199],[-4.12872,50.34031],[-4.12718,50.33931],[-4.12677,50.33604],[-4.12431,50.33651],[-4.12001,50.33615],[-4.12143,50.33353],[-4.11913,50.33214],[-4.11938,50.32899],[-4.12201,50.32817],[-4.12222,50.3255],[-4.12174,50.3242],[-4.11904,50.3233],[-4.12066,50.32176],[-4.11902,50.31938],[-4.11775,50.31969],[-4.11232,50.31887],[-4.11331,50.31688],[-4.11163,50.31589],[-4.10597,50.31525],[-4.10495,50.31488],[-4.10275,50.31661],[-4.10095,50.3172],[-4.09251,50.31704],[-4.08996,50.31633],[-4.08519,50.31782],[-4.08204,50.31649],[-4.07889,50.31595],[-4.07725,50.31624],[-4.07452,50.31502],[-4.07186,50.31492],[-4.06926,50.31321],[-4.06938,50.31224],[-4.06392,50.31327],[-4.05972,50.31305],[-4.05723,50.31159],[-4.05483,50.31143],[-4.05351,50.31258],[-4.05523,50.3145],[-4.05572,50.31773],[-4.05538,50.3186],[-4.05323,50.31955],[-4.04952,50.32279],[-4.0504,50.32552],[-4.0476,50.32721],[-4.04743,50.3286],[-4.04898,50.33024],[-4.04841,50.33185],[-4.05166,50.33341],[-4.05262,50.33524],[-4.05267,50.33671],[-4.05369,50.33747],[-4.05148,50.33868],[-4.05248,50.34188],[-4.05091,50.34167],[-4.0493,50.33769],[-4.05124,50.33617],[-4.05107,50.33486],[-4.04667,50.33275],[-4.04562,50.33159],[-4.04405,50.33264],[-4.04211,50.33474],[-4.03963,50.33631],[-4.03904,50.33815],[-4.03556,50.34089],[-4.0316,50.34171],[-4.03358,50.3394],[-4.03332,50.33898],[-4.02704,50.34007],[-4.02056,50.34176],[-4.01878,50.34148],[-4.01931,50.34005],[-4.02157,50.33977],[-4.02547,50.33837],[-4.029,50.33657],[-4.02959,50.33548],[-4.0312,50.33523],[-4.03365,50.33402],[-4.03668,50.33317],[-4.03993,50.3317],[-4.04275,50.32889],[-4.04566,50.3267],[-4.04639,50.3248],[-4.04611,50.32342],[-4.04918,50.32028],[-4.05294,50.31799],[-4.05323,50.31504],[-4.05202,50.3138],[-4.04786,50.3137],[-4.04466,50.31246],[-4.04138,50.31288],[-4.0404,50.31343],[-4.0319,50.31431],[-4.03491,50.31277],[-4.0395,50.31252],[-4.04087,50.31187],[-4.0447,50.31174],[-4.04857,50.31283],[-4.05084,50.31232],[-4.05211,50.31017],[-4.05345,50.3095],[-4.057,50.3094],[-4.06093,50.31163],[-4.06254,50.3116],[-4.06449,50.31041],[-4.06494,50.30918],[-4.07165,50.30919],[-4.07372,50.30651],[-4.07469,50.30606],[-4.0744,50.30347],[-4.07322,50.30285],[-4.07136,50.30336],[-4.06776,50.302],[-4.06541,50.30214],[-4.06133,50.30036],[-4.06003,50.30053],[-4.05869,50.29939],[-4.05858,50.29799],[-4.05481,50.29725],[-4.05079,50.29596],[-4.05081,50.29442],[-4.04701,50.29457],[-4.04664,50.29357],[-4.04357,50.29347],[-4.04112,50.29449],[-4.03834,50.29396],[-4.03518,50.29283],[-4.02943,50.29517],[-4.02479,50.29661],[-4.02438,50.29493],[-4.02177,50.29431],[-4.01917,50.29526],[-4.01833,50.29654],[-4.01855,50.29905],[-4.01555,50.30186],[-4.01148,50.30314],[-4.00378,50.30164],[-4.0014,50.30318],[-3.99818,50.30396],[-3.99718,50.30525],[-3.99479,50.30591],[-3.9939,50.30703],[-3.9918,50.30751],[-3.98669,50.30726],[-3.98472,50.30675],[-3.98003,50.30716],[-3.97969,50.30668],[-3.9757,50.30741],[-3.97311,50.30708],[-3.97247,50.30596],[-3.96405,50.3051],[-3.96387,50.30384],[-3.96048,50.30453],[-3.95898,50.30562],[-3.95543,50.30681],[-3.95391,50.30938],[-3.94847,50.3098],[-3.94676,50.31287],[-3.94206,50.31448],[-3.94016,50.31617],[-3.94029,50.31742],[-3.93828,50.31958],[-3.93893,50.32167],[-3.93823,50.32413],[-3.93979,50.32555],[-3.93962,50.32689],[-3.93813,50.32942],[-3.93361,50.33235],[-3.933,50.33102],[-3.93566,50.32793],[-3.9358,50.32473],[-3.9316,50.32501],[-3.93187,50.32372],[-3.93476,50.32318],[-3.93633,50.32059],[-3.93655,50.31918],[-3.93899,50.31771],[-3.93887,50.3147],[-3.9399,50.31276],[-3.94296,50.30991],[-3.94255,50.30825],[-3.94683,50.30677],[-3.94741,50.30173],[-3.94361,50.30107],[-3.9445,50.29807],[-3.94287,50.29636],[-3.93869,50.29748],[-3.93741,50.29664],[-3.93329,50.29536],[-3.93095,50.29619],[-3.92846,50.29565],[-3.92605,50.29695],[-3.92342,50.29705],[-3.91674,50.29573],[-3.91521,50.29474],[-3.90995,50.29433],[-3.90898,50.29254],[-3.9072,50.2921],[-3.90698,50.29067],[-3.90327,50.28985],[-3.90113,50.28783],[-3.89995,50.28862],[-3.89799,50.28806],[-3.89666,50.28632],[-3.89803,50.28545],[-3.89702,50.28322],[-3.89509,50.28176],[-3.89259,50.28229],[-3.8895,50.28184],[-3.88565,50.28362],[-3.8798,50.28463],[-3.87659,50.28355],[-3.8754,50.28139],[-3.87423,50.28095],[-3.87097,50.28126],[-3.8687,50.28281],[-3.86778,50.28624],[-3.86491,50.28935],[-3.86264,50.29008],[-3.8605,50.29142],[-3.86256,50.29412],[-3.86215,50.29826],[-3.85939,50.30081],[-3.85435,50.30218],[-3.85446,50.30297],[-3.85107,50.30493],[-3.85127,50.30632],[-3.84874,50.30668],[-3.84698,50.30781],[-3.84318,50.30901],[-3.84824,50.30536],[-3.85008,50.30447],[-3.85016,50.30241],[-3.85175,50.30084],[-3.85366,50.29997],[-3.85807,50.2988],[-3.85972,50.29713],[-3.85961,50.295],[-3.85836,50.2915],[-3.85473,50.2918],[-3.8545,50.29108],[-3.85812,50.2906],[-3.86006,50.28902],[-3.86416,50.28722],[-3.86534,50.28467],[-3.86534,50.28232],[-3.86657,50.28024],[-3.86812,50.27931],[-3.87094,50.27881],[-3.87594,50.27981],[-3.87772,50.28183],[-3.88001,50.28177],[-3.87869,50.27815],[-3.8795,50.27691],[-3.88175,50.27653],[-3.87963,50.27362],[-3.87911,50.27204],[-3.87695,50.27167],[-3.87473,50.26934],[-3.87054,50.26835],[-3.86777,50.26573],[-3.86809,50.264],[-3.86514,50.2639],[-3.86276,50.26445],[-3.8592,50.26215],[-3.85809,50.26059],[-3.85784,50.25671],[-3.86042,50.25442],[-3.85966,50.25172],[-3.85973,50.24982],[-3.85903,50.24614],[-3.85943,50.24497],[-3.85911,50.24251],[-3.8618,50.24275],[-3.86436,50.24238],[-3.86572,50.24322],[-3.86883,50.24301],[-3.87105,50.24183],[-3.86695,50.24003],[-3.86699,50.23895],[-3.86275,50.23624],[-3.86097,50.23588],[-3.85999,50.23424],[-3.85273,50.23432],[-3.85278,50.23305],[-3.85092,50.23243],[-3.84775,50.23033],[-3.84377,50.23015],[-3.83798,50.2287],[-3.83766,50.22782],[-3.83556,50.22756],[-3.83298,50.22538],[-3.82974,50.22341],[-3.82683,50.22295],[-3.82708,50.22204],[-3.82595,50.22022],[-3.82493,50.22005],[-3.82417,50.21811],[-3.82255,50.21726],[-3.81693,50.21676],[-3.81629,50.21547],[-3.81146,50.21431],[-3.80702,50.21482],[-3.79935,50.21471],[-3.79843,50.21244],[-3.79649,50.21121],[-3.79279,50.21144],[-3.78958,50.21002],[-3.78693,50.2098],[-3.78501,50.21146],[-3.78689,50.21316],[-3.78679,50.21513],[-3.78091,50.2156],[-3.78093,50.21927],[-3.78219,50.22225],[-3.78067,50.2235],[-3.78148,50.22476],[-3.78383,50.22482],[-3.78381,50.22645],[-3.78077,50.2278],[-3.78194,50.22957],[-3.77928,50.22987],[-3.77849,50.22913],[-3.77605,50.22939],[-3.77431,50.23147],[-3.77224,50.23201],[-3.76802,50.23537],[-3.76612,50.23631],[-3.76698,50.23844],[-3.76594,50.24046],[-3.76902,50.24303],[-3.76814,50.24436],[-3.76511,50.24234],[-3.76257,50.23966],[-3.76017,50.2394],[-3.7588,50.24063],[-3.7605,50.24126],[-3.76135,50.24236],[-3.76036,50.24466],[-3.76149,50.24585],[-3.7592,50.2477],[-3.76128,50.2486],[-3.76241,50.25009],[-3.76527,50.25143],[-3.76437,50.25254],[-3.76488,50.25398],[-3.77389,50.25444],[-3.77757,50.25515],[-3.78075,50.25367],[-3.78222,50.25495],[-3.7879,50.255],[-3.78422,50.25631],[-3.77982,50.25632],[-3.77593,50.25713],[-3.77629,50.26031],[-3.7792,50.26119],[-3.7812,50.2612],[-3.78489,50.26226],[-3.78463,50.26297],[-3.78099,50.26186],[-3.7753,50.26177],[-3.77191,50.26009],[-3.76947,50.26058],[-3.76728,50.26309],[-3.76734,50.26446],[-3.77042,50.2669],[-3.77148,50.26831],[-3.77026,50.26958],[-3.77468,50.26935],[-3.77537,50.27031],[-3.77251,50.27187],[-3.77455,50.27444],[-3.77391,50.27785],[-3.77232,50.27711],[-3.77258,50.27521],[-3.76801,50.27255],[-3.76533,50.27217],[-3.76097,50.27675],[-3.76088,50.27886],[-3.75879,50.28087],[-3.75909,50.27679],[-3.75995,50.2753],[-3.76189,50.27483],[-3.76093,50.27158],[-3.75988,50.27066],[-3.75928,50.26805],[-3.7617,50.26655],[-3.76088,50.26552],[-3.76197,50.2615],[-3.75956,50.26027],[-3.75768,50.26048],[-3.75659,50.26141],[-3.75453,50.26059],[-3.75376,50.25777],[-3.75714,50.25559],[-3.75512,50.25478],[-3.75146,50.25601],[-3.75195,50.25735],[-3.75064,50.25929],[-3.74741,50.26027],[-3.74714,50.26126],[-3.74526,50.26207],[-3.74332,50.26213],[-3.74152,50.26307],[-3.73573,50.26355],[-3.73231,50.26448],[-3.72892,50.26886],[-3.7202,50.2708],[-3.72415,50.26872],[-3.72571,50.26851],[-3.7286,50.26686],[-3.73053,50.26437],[-3.72962,50.26339],[-3.73319,50.26251],[-3.73465,50.26156],[-3.73796,50.26146],[-3.73922,50.26182],[-3.74219,50.26145],[-3.74511,50.26012],[-3.74428,50.25952],[-3.73957,50.25943],[-3.7374,50.25912],[-3.7372,50.25733],[-3.74316,50.25728],[-3.74753,50.2565],[-3.74851,50.25431],[-3.74735,50.25339],[-3.74723,50.25161],[-3.75124,50.25289],[-3.75437,50.2524],[-3.75687,50.25036],[-3.75459,50.24899],[-3.75283,50.24678],[-3.7528,50.24551],[-3.75496,50.24486],[-3.75688,50.24347],[-3.75515,50.24172],[-3.75584,50.24021],[-3.75233,50.23977],[-3.7492,50.2405],[-3.74511,50.24091],[-3.73979,50.24249],[-3.73834,50.24328],[-3.73516,50.24255],[-3.73407,50.24515],[-3.73304,50.24625],[-3.72822,50.24829],[-3.72745,50.2475],[-3.73075,50.24543],[-3.73308,50.24439],[-3.73285,50.24335],[-3.73574,50.24136],[-3.73843,50.24162],[-3.73773,50.24011],[-3.73223,50.23871],[-3.7335,50.23759],[-3.7409,50.23966],[-3.74623,50.23804],[-3.75108,50.23746],[-3.75289,50.23786],[-3.75646,50.23745],[-3.75744,50.23642],[-3.76134,50.23625],[-3.76398,50.2349],[-3.76495,50.23292],[-3.76708,50.2313],[-3.76725,50.22973],[-3.77092,50.22876],[-3.77048,50.22714],[-3.77274,50.22596],[-3.77347,50.22412],[-3.77054,50.22189],[-3.76815,50.22147],[-3.76402,50.22001],[-3.75972,50.22027],[-3.75867,50.21926],[-3.75403,50.21904],[-3.75303,50.21854],[-3.75026,50.21914],[-3.74715,50.21805],[-3.74645,50.21651],[-3.74354,50.21531],[-3.73922,50.2143],[-3.73659,50.2144],[-3.73512,50.21258],[-3.73479,50.21036],[-3.73316,50.21019],[-3.7316,50.20704],[-3.73023,50.20848],[-3.72598,50.20821],[-3.72648,50.20593],[-3.72281,50.2025],[-3.7201,50.20206],[-3.71887,50.20353],[-3.71754,50.20389],[-3.71674,50.20529],[-3.7146,50.20589],[-3.70973,50.20639],[-3.70822,50.20551],[-3.70646,50.20705],[-3.70378,50.20837],[-3.70309,50.20965],[-3.70343,50.21123],[-3.69456,50.21409],[-3.69279,50.21553],[-3.69053,50.2158],[-3.68855,50.21894],[-3.6851,50.21959],[-3.68417,50.22067],[-3.68096,50.2224],[-3.67954,50.2217],[-3.67616,50.22152],[-3.67428,50.22089],[-3.66819,50.22033],[-3.66635,50.22094],[-3.66468,50.2201],[-3.66246,50.22079],[-3.66012,50.22055],[-3.65805,50.21864],[-3.65576,50.21776],[-3.65284,50.21993],[-3.65052,50.22064],[-3.65005,50.22183],[-3.64747,50.22216],[-3.643,50.22175],[-3.64116,50.22197],[-3.64322,50.22379],[-3.64538,50.22388],[-3.6504,50.22504],[-3.65159,50.22663],[-3.65409,50.22759],[-3.65727,50.23091],[-3.65855,50.23362],[-3.65888,50.23705],[-3.65952,50.23824],[-3.65884,50.24252],[-3.65753,50.24459],[-3.65783,50.24662],[-3.65633,50.2538],[-3.65355,50.26151],[-3.65223,50.26338],[-3.65209,50.26733],[-3.64637,50.28304],[-3.6425,50.29035],[-3.63858,50.29542],[-3.63345,50.30091],[-3.62999,50.30395],[-3.62619,50.30656],[-3.62564,50.30734],[-3.62203,50.30872],[-3.61519,50.31484],[-3.61326,50.31587],[-3.61272,50.31727],[-3.60998,50.31878],[-3.60603,50.31959],[-3.60423,50.31912],[-3.6015,50.31916],[-3.59641,50.31984],[-3.59519,50.32052],[-3.59495,50.32222],[-3.58857,50.32583],[-3.58402,50.32618],[-3.584,50.32473],[-3.58113,50.32535],[-3.58045,50.32603],[-3.57643,50.32503],[-3.57476,50.32598],[-3.57244,50.3261],[-3.57039,50.32763],[-3.57262,50.32797],[-3.57183,50.32925],[-3.57243,50.33018],[-3.56916,50.33122],[-3.56777,50.33366],[-3.56602,50.33391],[-3.56351,50.3354],[-3.56575,50.33629],[-3.56503,50.33839],[-3.56708,50.33972],[-3.56578,50.34066],[-3.5671,50.34246],[-3.56876,50.34361],[-3.57342,50.34247],[-3.57337,50.34392],[-3.57637,50.34555],[-3.5778,50.34868],[-3.57721,50.34899],[-3.57669,50.35353],[-3.5766,50.35705],[-3.57884,50.35992],[-3.58125,50.36055],[-3.58351,50.35986],[-3.58883,50.36045],[-3.59262,50.35862],[-3.59659,50.35825],[-3.59604,50.35979],[-3.59331,50.35984],[-3.58896,50.36215],[-3.5889,50.36292],[-3.58599,50.36264],[-3.583,50.36621],[-3.58055,50.3722],[-3.58261,50.37485],[-3.58676,50.3761],[-3.59059,50.37827],[-3.58902,50.37934],[-3.59284,50.37997],[-3.59482,50.38086],[-3.59732,50.38474],[-3.59603,50.38596],[-3.59414,50.38979],[-3.59656,50.39019],[-3.59843,50.39164],[-3.60021,50.39134],[-3.60152,50.38958],[-3.6057,50.38739],[-3.6056,50.38598],[-3.60668,50.3852],[-3.6097,50.38539],[-3.60938,50.3874],[-3.61006,50.38864],[-3.61662,50.39023],[-3.61908,50.39129],[-3.62619,50.39199],[-3.62614,50.39309],[-3.62752,50.39449],[-3.62979,50.39565],[-3.63029,50.39667],[-3.6354,50.39806],[-3.64094,50.39792],[-3.64283,50.39617],[-3.64844,50.39556],[-3.65275,50.39455],[-3.65437,50.39489],[-3.65749,50.39381],[-3.66117,50.39414],[-3.6596,50.39542],[-3.65821,50.39533],[-3.65354,50.39632],[-3.65098,50.39635],[-3.64752,50.39721],[-3.64416,50.39696],[-3.6431,50.3994],[-3.6417,50.40006],[-3.63818,50.40044],[-3.63598,50.40252],[-3.63404,50.40508],[-3.63639,50.40543],[-3.63925,50.40405],[-3.64268,50.40355],[-3.64784,50.40466],[-3.64958,50.40645],[-3.64945,50.4075],[-3.64626,50.40845],[-3.64437,50.41012],[-3.64725,50.41093],[-3.64915,50.41064],[-3.65285,50.41091],[-3.65728,50.41036],[-3.66078,50.41147],[-3.66162,50.41326],[-3.66684,50.4165],[-3.67144,50.4202],[-3.67008,50.42041],[-3.66495,50.41641],[-3.66028,50.4152],[-3.65875,50.41375],[-3.65914,50.41268],[-3.65618,50.41168],[-3.65145,50.41228],[-3.64974,50.41291],[-3.64453,50.41232],[-3.64265,50.41114],[-3.64213,50.40921],[-3.64543,50.40708],[-3.64758,50.40621],[-3.64312,50.40561],[-3.63733,50.40737],[-3.63566,50.4076],[-3.63192,50.40582],[-3.63003,50.40344],[-3.63157,50.40216],[-3.63325,50.40187],[-3.63241,50.40007],[-3.62889,50.39969],[-3.62718,50.39879],[-3.62362,50.39793],[-3.62376,50.40024],[-3.62127,50.3986],[-3.61813,50.398],[-3.61486,50.39646],[-3.61247,50.39316],[-3.60992,50.39234],[-3.6071,50.39232],[-3.60276,50.39529],[-3.60108,50.39418],[-3.59693,50.39466],[-3.59218,50.39476],[-3.59009,50.39515],[-3.58771,50.39481],[-3.58538,50.39328],[-3.58271,50.39327],[-3.58058,50.39245],[-3.57865,50.39241],[-3.57548,50.39301],[-3.5747,50.39209],[-3.57855,50.39087],[-3.57776,50.38898],[-3.58054,50.38873],[-3.58288,50.38612],[-3.58697,50.38494],[-3.59159,50.38227],[-3.59085,50.38128],[-3.58747,50.38095],[-3.58467,50.37901],[-3.58265,50.37867],[-3.57988,50.37748],[-3.5782,50.37578],[-3.57672,50.37036],[-3.57532,50.36809],[-3.57671,50.36754],[-3.57705,50.36632],[-3.57546,50.36574],[-3.57637,50.36335],[-3.57254,50.35942],[-3.57058,50.35703],[-3.57005,50.35536],[-3.57048,50.35273],[-3.57016,50.35146],[-3.57168,50.34958],[-3.57336,50.34888],[-3.57254,50.34713],[-3.56941,50.34663],[-3.56765,50.34687],[-3.56402,50.34574],[-3.56402,50.34477],[-3.56253,50.34277],[-3.56072,50.34282],[-3.55999,50.34181],[-3.55614,50.3418],[-3.55385,50.34103],[-3.55303,50.33853],[-3.54851,50.33812],[-3.54716,50.33883],[-3.54549,50.33759],[-3.54417,50.33538],[-3.53934,50.33622],[-3.53841,50.33691],[-3.53605,50.33659],[-3.53444,50.33698],[-3.535,50.33832],[-3.53261,50.33906],[-3.53399,50.34],[-3.53247,50.34216],[-3.52904,50.34377],[-3.52291,50.34451],[-3.52046,50.34511],[-3.51835,50.34763],[-3.51819,50.34897],[-3.51476,50.35159],[-3.51517,50.35379],[-3.51668,50.35538],[-3.52081,50.35665],[-3.52107,50.35807],[-3.51979,50.35917],[-3.52045,50.36044],[-3.51859,50.36363],[-3.5159,50.36466],[-3.51634,50.36704],[-3.5141,50.36802],[-3.51391,50.36923],[-3.51584,50.36938],[-3.51621,50.37134],[-3.51448,50.37399],[-3.51137,50.37603],[-3.50828,50.3769],[-3.50764,50.37917],[-3.50629,50.37989],[-3.50209,50.38013],[-3.49876,50.38067],[-3.49644,50.38143],[-3.49759,50.38242],[-3.49798,50.38402],[-3.50207,50.38413],[-3.50317,50.38461],[-3.50381,50.38657],[-3.50342,50.38859],[-3.5021,50.38955],[-3.49952,50.38972],[-3.49643,50.39179],[-3.49281,50.39155],[-3.49258,50.39285],[-3.49013,50.39426],[-3.4896,50.39583],[-3.48804,50.39796],[-3.48475,50.39796],[-3.48236,50.39901],[-3.48369,50.40042],[-3.48684,50.4009],[-3.48863,50.40036],[-3.49271,50.40127],[-3.49579,50.401],[-3.49863,50.40147],[-3.50119,50.40035],[-3.50569,50.39946],[-3.50902,50.39747],[-3.51306,50.39652],[-3.51228,50.39775],[-3.51646,50.40124],[-3.51952,50.40317],[-3.52137,50.4021],[-3.52309,50.40336],[-3.52752,50.40427],[-3.52832,50.40478],[-3.53228,50.40482],[-3.53672,50.40454],[-3.53747,50.40385],[-3.54028,50.40347],[-3.54467,50.40209],[-3.54626,50.40294],[-3.54707,50.4056],[-3.54881,50.40646],[-3.55121,50.40645],[-3.55253,50.40545],[-3.55526,50.40676],[-3.5562,50.40871],[-3.55543,50.41082],[-3.5544,50.41197],[-3.55459,50.41437],[-3.55625,50.41456],[-3.55689,50.41624],[-3.55574,50.41846],[-3.55749,50.4192],[-3.55928,50.42076],[-3.5595,50.42645],[-3.5591,50.42769],[-3.5545,50.42826],[-3.55314,50.42923],[-3.55401,50.43064],[-3.55352,50.43144],[-3.55734,50.43164],[-3.55913,50.43316],[-3.55912,50.4355],[-3.55723,50.44254],[-3.55507,50.44625],[-3.55371,50.4473],[-3.55319,50.44931],[-3.552,50.45115],[-3.55029,50.45216],[-3.54672,50.452],[-3.54486,50.45258],[-3.54512,50.45592],[-3.54185,50.45801],[-3.54019,50.46049],[-3.53545,50.46271],[-3.53357,50.46307],[-3.53069,50.46117],[-3.52639,50.46014],[-3.52514,50.45755],[-3.52318,50.45752],[-3.51911,50.4547],[-3.51593,50.45376],[-3.51344,50.45433],[-3.51284,50.45555],[-3.51054,50.45609],[-3.50911,50.45728],[-3.50415,50.4596],[-3.5008,50.45993],[-3.49802,50.45894],[-3.4944,50.45921],[-3.49129,50.45812],[-3.48872,50.45942],[-3.48782,50.4606],[-3.48565,50.46083],[-3.48343,50.46035],[-3.48293,50.46165],[-3.48067,50.4634],[-3.48672,50.46308],[-3.49005,50.46445],[-3.4911,50.46623],[-3.49038,50.46912],[-3.49203,50.47035],[-3.49477,50.47004],[-3.49647,50.47141],[-3.4979,50.47087],[-3.50109,50.47183],[-3.5021,50.47318],[-3.50094,50.47491],[-3.49737,50.47575],[-3.50155,50.47745],[-3.50335,50.47758],[-3.50539,50.47897],[-3.51206,50.47965],[-3.5148,50.48169],[-3.51463,50.48516],[-3.51282,50.48603],[-3.51457,50.48861],[-3.51347,50.49231],[-3.51342,50.49487],[-3.51532,50.49614],[-3.51432,50.49762],[-3.51274,50.49865],[-3.51293,50.50138],[-3.51227,50.50276],[-3.51331,50.50619],[-3.51099,50.50758],[-3.51191,50.50969],[-3.51122,50.5117],[-3.50967,50.51224],[-3.51021,50.51414],[-3.50861,50.51534],[-3.50904,50.51726],[-3.50696,50.51933],[-3.50646,50.52166],[-3.50497,50.52321],[-3.5042,50.52624],[-3.50292,50.52848],[-3.50115,50.53004],[-3.50078,50.53286],[-3.4987,50.53538],[-3.49613,50.53749],[-3.5015,50.53928],[-3.5048,50.54114],[-3.50739,50.54215],[-3.51244,50.54195],[-3.51412,50.54094],[-3.51798,50.54064],[-3.51878,50.54136],[-3.52209,50.54123],[-3.52407,50.54059],[-3.52725,50.54029],[-3.52925,50.5406],[-3.53122,50.54004],[-3.53575,50.54046],[-3.53939,50.54038],[-3.54039,50.53809],[-3.54353,50.53975],[-3.54881,50.54003],[-3.551,50.54111],[-3.55223,50.54008],[-3.55395,50.54075],[-3.55824,50.53979],[-3.55935,50.53921],[-3.56538,50.53945],[-3.5673,50.53864],[-3.5717,50.53872],[-3.57282,50.53836],[-3.57661,50.53838],[-3.58621,50.53645],[-3.5883,50.53588],[-3.59004,50.53418],[-3.59278,50.53408],[-3.59683,50.53327],[-3.59911,50.53478],[-3.60299,50.53628],[-3.6028,50.53658],[-3.59866,50.53473],[-3.59684,50.53354],[-3.58976,50.53484],[-3.58902,50.53614],[-3.58952,50.53757],[-3.5888,50.53893],[-3.5909,50.53839],[-3.59087,50.53885],[-3.58235,50.53962],[-3.58064,50.5393],[-3.58006,50.54076],[-3.57739,50.54211],[-3.57332,50.54275],[-3.56815,50.5424],[-3.56662,50.54293],[-3.5647,50.54453],[-3.55924,50.5455],[-3.5496,50.54517],[-3.54208,50.54541],[-3.53768,50.54492],[-3.53689,50.54623],[-3.53276,50.54702],[-3.52927,50.54728],[-3.52473,50.5471],[-3.51804,50.54554],[-3.50969,50.54664],[-3.50734,50.54622],[-3.50106,50.54592],[-3.49858,50.54433],[-3.49888,50.54223],[-3.49644,50.5425],[-3.48656,50.55224],[-3.48315,50.55446],[-3.48177,50.55638],[-3.47736,50.56044],[-3.47454,50.56202],[-3.4723,50.56187],[-3.47021,50.56263],[-3.46855,50.56634],[-3.46957,50.57052],[-3.4682,50.57183],[-3.46912,50.57413],[-3.46706,50.57666],[-3.46754,50.57735],[-3.46486,50.58],[-3.46127,50.58283],[-3.457,50.58579],[-3.44949,50.5899],[-3.44505,50.59187],[-3.44398,50.59272],[-3.44302,50.59569],[-3.43931,50.59808],[-3.43911,50.59962],[-3.42978,50.60543],[-3.4227,50.61329],[-3.42351,50.61459],[-3.42777,50.61318],[-3.42999,50.61179],[-3.42745,50.61047],[-3.4285,50.60791],[-3.43037,50.60718],[-3.43138,50.60794],[-3.43543,50.60668],[-3.43866,50.60495],[-3.44286,50.60204],[-3.44479,50.60555],[-3.44451,50.60732],[-3.44574,50.61436],[-3.44694,50.61705],[-3.44899,50.61697],[-3.44905,50.61834],[-3.44725,50.61881],[-3.44611,50.62482],[-3.44945,50.63248],[-3.44979,50.63573],[-3.45254,50.64225],[-3.45257,50.64466],[-3.45126,50.64708],[-3.4527,50.64949],[-3.45559,50.65283],[-3.45654,50.65615],[-3.45765,50.65707],[-3.46537,50.66021],[-3.46737,50.66338],[-3.46819,50.66395],[-3.46663,50.66549],[-3.46771,50.66749],[-3.46766,50.6758],[-3.46888,50.68124],[-3.47108,50.68293],[-3.47542,50.68348],[-3.47695,50.68408],[-3.4805,50.68721],[-3.48322,50.68861],[-3.48245,50.68997],[-3.48652,50.68996],[-3.48897,50.69224],[-3.49063,50.69317],[-3.49564,50.69331],[-3.49766,50.69398],[-3.49982,50.69588],[-3.50046,50.6976],[-3.49733,50.69639],[-3.49514,50.69502],[-3.49402,50.69498],[-3.48886,50.69299],[-3.48705,50.69102],[-3.48434,50.69044],[-3.48257,50.69129],[-3.47947,50.69054],[-3.47518,50.6881],[-3.47315,50.68735],[-3.47196,50.68496],[-3.46779,50.68355],[-3.46473,50.68022],[-3.46334,50.67796],[-3.46132,50.67707],[-3.45899,50.6754],[-3.45637,50.67494],[-3.45295,50.67848],[-3.4514,50.67696],[-3.45085,50.67445],[-3.44975,50.67281],[-3.44663,50.67073],[-3.44471,50.6689],[-3.43995,50.66046],[-3.43599,50.65605],[-3.43472,50.65238],[-3.43312,50.65015],[-3.43386,50.64846],[-3.43223,50.64783],[-3.43288,50.64607],[-3.43005,50.64385],[-3.42479,50.64061],[-3.4231,50.63885],[-3.42163,50.63507],[-3.41761,50.63209],[-3.41552,50.62919],[-3.41625,50.62741],[-3.41561,50.62398],[-3.41669,50.62129],[-3.41874,50.62101],[-3.42148,50.62142],[-3.42417,50.61849],[-3.42232,50.61785],[-3.423,50.61663],[-3.4158,50.61582],[-3.41358,50.61497],[-3.40948,50.61235],[-3.40734,50.61163],[-3.40113,50.61132],[-3.39833,50.61005],[-3.39326,50.60987],[-3.38804,50.60905],[-3.38791,50.60817],[-3.38546,50.60675],[-3.3812,50.60755],[-3.37654,50.60789],[-3.37386,50.60868],[-3.36906,50.60951],[-3.36398,50.60977],[-3.36296,50.60781],[-3.35963,50.60749],[-3.3579,50.60865],[-3.35777,50.61239],[-3.35985,50.61404],[-3.35912,50.61556],[-3.35525,50.61789],[-3.34948,50.62029],[-3.33497,50.62523],[-3.32427,50.62791],[-3.31452,50.6294],[-3.3068,50.62957],[-3.31142,50.63161],[-3.31036,50.63288],[-3.31036,50.63486],[-3.3084,50.63468],[-3.30839,50.63269],[-3.30707,50.63203],[-3.30575,50.63012],[-3.30373,50.62981],[-3.30064,50.63151],[-3.30005,50.63264],[-3.29683,50.63501],[-3.29449,50.63585],[-3.29297,50.63884],[-3.28945,50.641],[-3.28879,50.64324],[-3.28734,50.64565],[-3.28596,50.6467],[-3.28507,50.6485],[-3.2853,50.65236],[-3.28375,50.65418],[-3.2801,50.65581],[-3.28058,50.65772],[-3.27634,50.66107],[-3.276,50.66231],[-3.27355,50.66265],[-3.27114,50.66446],[-3.26888,50.66489],[-3.26714,50.6667],[-3.26753,50.66751],[-3.26672,50.66993],[-3.26424,50.67121],[-3.25841,50.67306],[-3.25261,50.67446],[-3.24845,50.67516],[-3.24564,50.67528],[-3.23997,50.67739],[-3.23546,50.67826],[-3.23409,50.67888],[-3.23035,50.67945],[-3.21345,50.68153],[-3.20695,50.68215],[-3.19915,50.6824],[-3.19766,50.68311],[-3.19313,50.68441],[-3.18473,50.68495],[-3.16701,50.68494],[-3.15876,50.68608],[-3.15123,50.6854],[-3.14707,50.6854],[-3.14115,50.68591],[-3.13868,50.6865],[-3.12655,50.68689],[-3.11527,50.68649],[-3.10528,50.68539],[-3.10034,50.68567],[-3.09602,50.68523],[-3.09455,50.68747],[-3.09471,50.68982],[-3.09277,50.69043],[-3.09304,50.69285],[-3.09193,50.69526],[-3.09047,50.69597],[-3.08754,50.69647],[-3.08631,50.69807],[-3.08458,50.69897],[-3.08449,50.70065],[-3.08244,50.70161],[-3.07904,50.70244],[-3.07278,50.70305],[-3.06091,50.70302],[-3.05947,50.70361],[-3.0608,50.70553],[-3.05873,50.71666],[-3.05889,50.71875],[-3.05693,50.71957],[-3.0545,50.71822],[-3.05477,50.71658],[-3.05615,50.71493],[-3.05656,50.7115],[-3.05907,50.70519],[-3.05815,50.70388],[-3.05483,50.70292],[-3.0536,50.70186],[-3.04739,50.70151],[-3.0288,50.69871],[-3.02263,50.69839],[-3.00669,50.7004],[-3.00167,50.70213],[-2.99773,50.70459],[-2.99501,50.70546],[-2.99215,50.70558],[-2.98569,50.70496],[-2.98452,50.70463],[-2.98201,50.70509],[-2.97578,50.70822],[-2.97085,50.70957],[-2.96681,50.71274],[-2.96456,50.71304],[-2.95826,50.7131],[-2.95317,50.71454],[-2.95175,50.71596],[-2.94772,50.71824],[-2.93984,50.71954],[-2.93768,50.72125],[-2.93748,50.72235],[-2.93543,50.72341],[-2.93095,50.72497],[-2.92828,50.72862],[-2.92153,50.73143],[-2.91391,50.73279],[-2.91175,50.73378],[-2.89444,50.73279],[-2.87995,50.73076],[-2.86276,50.72768],[-2.84683,50.72381],[-2.83927,50.72299],[-2.83657,50.72389],[-2.8283,50.7228],[-2.81837,50.72058],[-2.81244,50.71803],[-2.81036,50.71787],[-2.80511,50.71895],[-2.80168,50.71795],[-2.79894,50.71766],[-2.79371,50.71817],[-2.78026,50.71503],[-2.77243,50.71272],[-2.77077,50.7118],[-2.76545,50.71065],[-2.763,50.71099],[-2.76267,50.70943],[-2.76029,50.70883],[-2.73967,50.70251],[-2.73502,50.7003],[-2.7309,50.69878],[-2.72451,50.69684],[-2.67844,50.68028],[-2.64045,50.66524],[-2.62895,50.6604],[-2.60056,50.64751],[-2.57132,50.63314],[-2.54463,50.6193],[-2.53122,50.61199],[-2.51739,50.60424],[-2.50403,50.59653],[-2.49277,50.58991],[-2.46899,50.57446],[-2.45402,50.56402],[-2.44922,50.56013],[-2.44798,50.5572],[-2.44982,50.55548],[-2.45138,50.55247],[-2.45221,50.55172],[-2.45165,50.54943],[-2.45268,50.54659],[-2.45524,50.54453],[-2.45642,50.54243],[-2.45615,50.54143],[-2.4544,50.54032],[-2.45366,50.53886],[-2.45604,50.53131],[-2.45546,50.52574],[-2.45666,50.52377],[-2.45888,50.52156],[-2.4599,50.51933],[-2.46011,50.51656],[-2.45932,50.51421],[-2.4566,50.51311],[-2.45508,50.51469],[-2.453,50.51528],[-2.45257,50.5162],[-2.45072,50.51657],[-2.44889,50.518],[-2.44405,50.51976],[-2.44264,50.52056],[-2.44153,50.52358],[-2.43939,50.52482],[-2.43796,50.52642],[-2.43706,50.53034],[-2.43337,50.53272],[-2.42965,50.53584],[-2.42833,50.53791],[-2.42515,50.53861],[-2.42016,50.5412],[-2.41818,50.5429],[-2.41722,50.54819],[-2.41569,50.54914],[-2.41581,50.55107],[-2.41719,50.55229],[-2.41809,50.55421],[-2.4193,50.5551],[-2.42153,50.5583],[-2.42137,50.55913],[-2.42501,50.56338],[-2.42863,50.56624],[-2.42854,50.56774],[-2.43071,50.56764],[-2.4374,50.5683],[-2.43745,50.56889],[-2.44089,50.57002],[-2.44118,50.56878],[-2.44715,50.5684],[-2.45352,50.5705],[-2.45602,50.57166],[-2.45765,50.57104],[-2.4605,50.57101],[-2.46442,50.57435],[-2.46618,50.57729],[-2.46871,50.58034],[-2.46941,50.58211],[-2.47104,50.58108],[-2.4698,50.57962],[-2.47296,50.57968],[-2.48123,50.5852],[-2.48624,50.58785],[-2.48847,50.58959],[-2.49188,50.59142],[-2.49281,50.59237],[-2.49674,50.59419],[-2.50139,50.59737],[-2.50259,50.59757],[-2.51621,50.60518],[-2.52589,50.61116],[-2.53517,50.61567],[-2.5373,50.61715],[-2.54516,50.62107],[-2.54981,50.62363],[-2.55202,50.62443],[-2.55356,50.62557],[-2.55675,50.62687],[-2.55783,50.62796],[-2.56091,50.6291],[-2.5666,50.63266],[-2.57372,50.63558],[-2.57773,50.63791],[-2.58641,50.64216],[-2.61153,50.65406],[-2.60702,50.65508],[-2.60357,50.65366],[-2.60049,50.65372],[-2.5993,50.6542],[-2.59759,50.65352],[-2.59809,50.65146],[-2.60075,50.65081],[-2.5984,50.64909],[-2.59184,50.64664],[-2.58849,50.64606],[-2.5864,50.64511],[-2.58597,50.64419],[-2.58218,50.64193],[-2.57818,50.64103],[-2.5747,50.63898],[-2.57171,50.63842],[-2.57018,50.63757],[-2.5669,50.63802],[-2.56051,50.63801],[-2.56014,50.63521],[-2.55889,50.63331],[-2.55806,50.63084],[-2.55544,50.63033],[-2.55174,50.63065],[-2.54901,50.62995],[-2.54584,50.63035],[-2.54603,50.62834],[-2.54674,50.62764],[-2.54943,50.62825],[-2.55193,50.62736],[-2.5489,50.62488],[-2.54774,50.62467],[-2.54608,50.62589],[-2.54463,50.62519],[-2.5443,50.62339],[-2.5402,50.62206],[-2.53961,50.6207],[-2.53818,50.61976],[-2.53155,50.61742],[-2.52484,50.61686],[-2.52405,50.61774],[-2.52103,50.61811],[-2.51749,50.61787],[-2.51636,50.61669],[-2.51642,50.61537],[-2.51445,50.61433],[-2.51471,50.6114],[-2.51298,50.61013],[-2.51033,50.61163],[-2.50852,50.61127],[-2.50559,50.60986],[-2.50517,50.60864],[-2.50776,50.6077],[-2.50676,50.60608],[-2.5044,50.60511],[-2.50138,50.60685],[-2.50137,50.60532],[-2.49947,50.60346],[-2.49561,50.60282],[-2.49573,50.60179],[-2.4988,50.6002],[-2.49938,50.59897],[-2.49895,50.59752],[-2.49755,50.59568],[-2.49429,50.59384],[-2.49334,50.59371],[-2.49035,50.59192],[-2.48781,50.59109],[-2.48559,50.59166],[-2.48405,50.59112],[-2.48354,50.58887],[-2.48105,50.58867],[-2.47707,50.58573],[-2.4747,50.58544],[-2.4713,50.58433],[-2.46999,50.58499],[-2.46915,50.58678],[-2.4674,50.58847],[-2.46629,50.59184],[-2.4641,50.59391],[-2.46062,50.59501],[-2.4593,50.59755],[-2.45244,50.5998],[-2.45162,50.60056],[-2.44841,50.60109],[-2.45098,50.60378],[-2.45041,50.60473],[-2.44481,50.60621],[-2.44306,50.60743],[-2.44383,50.60806],[-2.45018,50.60736],[-2.45285,50.60642],[-2.45549,50.60712],[-2.45882,50.60705],[-2.45962,50.60763],[-2.45825,50.6119],[-2.4566,50.61191],[-2.45743,50.60834],[-2.45649,50.60748],[-2.45349,50.60708],[-2.44993,50.60823],[-2.44567,50.60858],[-2.44475,50.60925],[-2.4464,50.61029],[-2.45051,50.60864],[-2.45215,50.61093],[-2.45261,50.61326],[-2.45169,50.6156],[-2.44999,50.61792],[-2.4453,50.62297],[-2.44072,50.62653],[-2.43168,50.63241],[-2.42689,50.63473],[-2.4237,50.63581],[-2.41955,50.63644],[-2.41827,50.63534],[-2.41522,50.63511],[-2.41111,50.63409],[-2.41015,50.63312],[-2.40847,50.63299],[-2.40734,50.63421],[-2.40368,50.63518],[-2.39585,50.63659],[-2.39326,50.63665],[-2.3851,50.63564],[-2.37907,50.63544],[-2.37594,50.63387],[-2.3661,50.63133],[-2.36568,50.63096],[-2.35832,50.63151],[-2.35538,50.6309],[-2.35164,50.63119],[-2.34933,50.63089],[-2.34364,50.63202],[-2.33856,50.63194],[-2.3346,50.63101],[-2.33397,50.62971],[-2.3323,50.62904],[-2.33,50.62694],[-2.32738,50.6264],[-2.32327,50.6248],[-2.31969,50.6257],[-2.31494,50.62536],[-2.31038,50.62576],[-2.30363,50.62519],[-2.29865,50.62433],[-2.29181,50.62287],[-2.28127,50.6225],[-2.27743,50.62202],[-2.27566,50.62105],[-2.27297,50.62213],[-2.26547,50.62076],[-2.2604,50.61826],[-2.2564,50.61785],[-2.25331,50.618],[-2.2504,50.6174],[-2.24947,50.61878],[-2.24626,50.61942],[-2.24373,50.61804],[-2.24406,50.61633],[-2.23785,50.61603],[-2.22822,50.61611],[-2.22757,50.61714],[-2.22463,50.61668],[-2.2225,50.61902],[-2.2205,50.62013],[-2.21642,50.62069],[-2.21321,50.62069],[-2.20997,50.62113],[-2.20716,50.62237],[-2.20407,50.62152],[-2.1985,50.62298],[-2.19316,50.62175],[-2.18765,50.62002],[-2.18496,50.61837],[-2.18463,50.61681],[-2.18611,50.61642],[-2.17916,50.61465],[-2.17365,50.61472],[-2.17011,50.61387],[-2.16579,50.61478],[-2.16273,50.61468],[-2.15798,50.61546],[-2.15435,50.61399],[-2.1509,50.61138],[-2.14933,50.61127],[-2.1471,50.61015],[-2.14686,50.60866],[-2.14447,50.60948],[-2.14314,50.61079],[-2.13917,50.61054],[-2.13745,50.61215],[-2.13442,50.61262],[-2.13147,50.6115],[-2.12934,50.60998],[-2.12948,50.60922],[-2.13155,50.60765],[-2.12747,50.60443],[-2.12059,50.60242],[-2.11457,50.59907],[-2.11231,50.59904],[-2.10561,50.59699],[-2.10342,50.59712],[-2.09858,50.59818],[-2.0909,50.59706],[-2.0832,50.59479],[-2.08087,50.5948],[-2.07678,50.59547],[-2.07564,50.59506],[-2.07474,50.59314],[-2.07278,50.59229],[-2.07076,50.59275],[-2.06787,50.59249],[-2.06619,50.59368],[-2.06413,50.59373],[-2.06278,50.59253],[-2.06433,50.59008],[-2.0637,50.58625],[-2.06209,50.5845],[-2.0619,50.5815],[-2.05722,50.57698],[-2.05442,50.57658],[-2.05255,50.5776],[-2.04715,50.57862],[-2.04303,50.57914],[-2.03965,50.58018],[-2.03361,50.58415],[-2.032,50.58437],[-2.02839,50.58796],[-2.02635,50.589],[-2.02266,50.5894],[-2.02056,50.58923],[-2.01274,50.5908],[-2.00914,50.59084],[-2.0063,50.59168],[-2.00354,50.59182],[-1.99878,50.59126],[-1.99148,50.59102],[-1.99009,50.59045],[-1.9871,50.59108],[-1.98422,50.59051],[-1.97927,50.59106],[-1.9758,50.59085],[-1.96857,50.59154],[-1.96453,50.59147],[-1.96095,50.59099],[-1.95733,50.59212],[-1.95357,50.59425],[-1.95161,50.59432],[-1.95069,50.59521],[-1.95208,50.59619],[-1.9532,50.59907],[-1.95276,50.60089],[-1.95008,50.6048],[-1.94489,50.6068],[-1.94394,50.60752],[-1.94992,50.6075],[-1.95083,50.60823],[-1.95265,50.60744],[-1.95557,50.6083],[-1.95668,50.60952],[-1.95758,50.61218],[-1.9574,50.61571],[-1.95216,50.62405],[-1.94773,50.62731],[-1.94381,50.62919],[-1.93619,50.63065],[-1.93316,50.63091],[-1.93101,50.63454],[-1.92921,50.63661],[-1.92759,50.63741],[-1.92603,50.63941],[-1.9253,50.64206],[-1.92776,50.64177],[-1.93001,50.64215],[-1.94086,50.64074],[-1.94416,50.64266],[-1.94694,50.64528],[-1.94981,50.64614],[-1.95277,50.65121],[-1.95235,50.65602],[-1.94951,50.6615],[-1.94481,50.66728],[-1.94197,50.67008],[-1.94112,50.67207],[-1.94142,50.6739],[-1.94591,50.67547],[-1.94871,50.67836],[-1.9508,50.67875],[-1.95406,50.67622],[-1.95462,50.67483],[-1.95746,50.6727],[-1.96139,50.67467],[-1.96161,50.67215],[-1.9636,50.67043],[-1.96688,50.67085],[-1.96811,50.66938],[-1.97096,50.66926],[-1.96793,50.66671],[-1.96971,50.66382],[-1.97338,50.66358],[-1.9739,50.66503],[-1.97586,50.66591],[-1.97995,50.66701],[-1.9822,50.66727],[-1.98313,50.6694],[-1.98503,50.66974],[-1.98293,50.67255],[-1.98291,50.67348],[-1.97942,50.67562],[-1.9792,50.67662],[-1.98148,50.67687],[-1.98856,50.67273],[-1.99165,50.6727],[-1.99108,50.6711],[-1.99315,50.67003],[-1.99328,50.66726],[-1.9957,50.66715],[-1.99683,50.66779],[-1.99722,50.67025],[-2.00055,50.67017],[-2.00153,50.67248],[-1.99912,50.67282],[-1.99758,50.67428],[-1.99813,50.67522],[-2.00166,50.67603],[-2.00367,50.67535],[-2.00581,50.67557],[-2.00813,50.67479],[-2.01045,50.67461],[-2.00904,50.67693],[-2.00794,50.67758],[-2.00705,50.67976],[-2.009,50.6815],[-2.01195,50.68273],[-2.01449,50.68277],[-2.01712,50.68219],[-2.02164,50.6821],[-2.02143,50.67989],[-2.02222,50.67811],[-2.02324,50.67757],[-2.02593,50.67474],[-2.02477,50.67297],[-2.02773,50.67339],[-2.02898,50.67439],[-2.03287,50.67234],[-2.02969,50.67574],[-2.02652,50.67829],[-2.02704,50.68222],[-2.02864,50.683],[-2.03136,50.68217],[-2.03349,50.67992],[-2.03487,50.6794],[-2.03919,50.67875],[-2.04092,50.67893],[-2.04594,50.67838],[-2.0462,50.67941],[-2.04329,50.68045],[-2.03988,50.67983],[-2.03684,50.68051],[-2.03448,50.68296],[-2.03232,50.68348],[-2.03043,50.6849],[-2.03044,50.68564],[-2.02737,50.68636],[-2.02472,50.68762],[-2.02686,50.68915],[-2.02855,50.6893],[-2.0286,50.6906],[-2.02617,50.69183],[-2.02472,50.69418],[-2.02482,50.6958],[-2.02605,50.69665],[-2.0273,50.69878],[-2.02913,50.69613],[-2.03153,50.69709],[-2.0318,50.69838],[-2.02989,50.69906],[-2.02943,50.70114],[-2.0313,50.70077],[-2.03202,50.70164],[-2.03044,50.70317],[-2.02807,50.70348],[-2.02521,50.70294],[-2.0248,50.70167],[-2.02211,50.70074],[-2.01849,50.70074],[-2.01927,50.70248],[-2.02357,50.70454],[-2.02609,50.70743],[-2.02755,50.70709],[-2.03059,50.70732],[-2.03246,50.70796],[-2.03718,50.70723],[-2.03957,50.7072],[-2.04147,50.7063],[-2.04195,50.70407],[-2.04314,50.70284],[-2.04865,50.70084],[-2.05217,50.70061],[-2.05539,50.69907],[-2.05671,50.69609],[-2.05906,50.69345],[-2.05931,50.69066],[-2.06268,50.68912],[-2.0632,50.68824],[-2.06789,50.68754],[-2.07031,50.68679],[-2.07255,50.68757],[-2.07557,50.68793],[-2.07788,50.68692],[-2.07975,50.68699],[-2.08328,50.69048],[-2.08602,50.68921],[-2.0892,50.68913],[-2.09067,50.68772],[-2.0871,50.68633],[-2.08819,50.68436],[-2.09256,50.68548],[-2.09579,50.68439],[-2.09524,50.68143],[-2.0991,50.67978],[-2.10218,50.68215],[-2.10366,50.68288],[-2.11067,50.68372],[-2.11039,50.68411],[-2.1038,50.6833],[-2.10206,50.68259],[-2.09941,50.68026],[-2.09553,50.68158],[-2.09608,50.68445],[-2.0922,50.6857],[-2.08798,50.68484],[-2.08749,50.68637],[-2.09084,50.68754],[-2.09118,50.6884],[-2.08914,50.68936],[-2.08626,50.68945],[-2.08532,50.69061],[-2.08283,50.69068],[-2.08032,50.68835],[-2.07834,50.68928],[-2.07912,50.69395],[-2.08169,50.69405],[-2.08163,50.69497],[-2.07963,50.69632],[-2.07715,50.69511],[-2.07583,50.69747],[-2.07464,50.69809],[-2.07253,50.69768],[-2.07109,50.69812],[-2.07247,50.69956],[-2.073,50.70166],[-2.07242,50.70454],[-2.0718,50.70507],[-2.06801,50.70441],[-2.06483,50.70562],[-2.0629,50.7068],[-2.0609,50.70637],[-2.05981,50.70522],[-2.05762,50.70565],[-2.0649,50.70795],[-2.06762,50.70797],[-2.06939,50.70858],[-2.07115,50.70833],[-2.06539,50.71398],[-2.06153,50.71677],[-2.05473,50.71782],[-2.05097,50.71752],[-2.04617,50.71602],[-2.04525,50.71814],[-2.04324,50.71998],[-2.04143,50.72346],[-2.0422,50.72445],[-2.04181,50.72594],[-2.04494,50.72621],[-2.04613,50.72567],[-2.05019,50.72531],[-2.0497,50.72667],[-2.04833,50.72719],[-2.04805,50.72836],[-2.04625,50.73026],[-2.04251,50.73176],[-2.04082,50.7298],[-2.03925,50.72942],[-2.03698,50.73033],[-2.03459,50.72991],[-2.03579,50.72829],[-2.03356,50.72835],[-2.03175,50.72952],[-2.0276,50.72972],[-2.02809,50.72834],[-2.03242,50.7271],[-2.03404,50.72597],[-2.03679,50.72601],[-2.03679,50.72501],[-2.03501,50.72258],[-2.03637,50.72146],[-2.03924,50.7203],[-2.03976,50.71885],[-2.03692,50.71716],[-2.0297,50.7152],[-2.02737,50.71506],[-2.02496,50.71364],[-2.01802,50.71182],[-2.01695,50.71122],[-2.01248,50.71036],[-2.00813,50.71038],[-2.00471,50.70981],[-2.002,50.71086],[-2.00018,50.71101],[-1.99723,50.7099],[-1.99725,50.70847],[-1.99483,50.70737],[-1.98871,50.70744],[-1.98904,50.70851],[-1.98637,50.70904],[-1.98712,50.71116],[-1.99319,50.71223],[-1.995,50.71415],[-1.99369,50.71583],[-1.9953,50.71735],[-2.00061,50.71822],[-2.00315,50.71774],[-2.00351,50.71872],[-2.0057,50.71901],[-2.00607,50.72079],[-2.00354,50.72091],[-2.00309,50.72235],[-2.00583,50.72296],[-2.00836,50.72439],[-2.00758,50.72692],[-2.00944,50.72778],[-2.01098,50.72952],[-2.01054,50.73197],[-2.00875,50.73318],[-2.00523,50.73452],[-2.00169,50.73521],[-1.99966,50.73496],[-1.99708,50.73538],[-1.99437,50.73471],[-1.99241,50.73349],[-1.99157,50.73164],[-1.9921,50.7308],[-1.99252,50.72394],[-1.99097,50.72264],[-1.98733,50.7221],[-1.98493,50.72074],[-1.98435,50.71916],[-1.98641,50.71944],[-1.9896,50.71883],[-1.98919,50.71794],[-1.99289,50.71422],[-1.9919,50.71254],[-1.98999,50.71213],[-1.98207,50.71168],[-1.97686,50.71186],[-1.97284,50.71053],[-1.96915,50.71225],[-1.96648,50.71533],[-1.96308,50.71573],[-1.95834,50.71563],[-1.95661,50.71425],[-1.95683,50.71355],[-1.9599,50.71305],[-1.96049,50.71204],[-1.95345,50.70812],[-1.95399,50.70923],[-1.95301,50.71162],[-1.95118,50.71192],[-1.94919,50.71115],[-1.94802,50.70879],[-1.95019,50.70689],[-1.94687,50.70635],[-1.94578,50.70482],[-1.94075,50.70108],[-1.93627,50.70058],[-1.934,50.69915],[-1.9317,50.69501],[-1.93305,50.69289],[-1.93869,50.69012],[-1.94051,50.68878],[-1.94624,50.68823],[-1.94709,50.68858],[-1.95097,50.68665],[-1.95174,50.68531],[-1.94883,50.68335],[-1.947,50.68267],[-1.94544,50.68344],[-1.94123,50.68468],[-1.94116,50.68531],[-1.93875,50.68671],[-1.93564,50.6891],[-1.93358,50.69143],[-1.92306,50.69875],[-1.91305,50.7043],[-1.90205,50.70832],[-1.89981,50.7095],[-1.89046,50.71244],[-1.87916,50.71482],[-1.86513,50.71725],[-1.85525,50.71805],[-1.84773,50.71914],[-1.84382,50.71943],[-1.81629,50.72059],[-1.80249,50.71992],[-1.79371,50.71878],[-1.78019,50.71767],[-1.76701,50.7162],[-1.7542,50.71336],[-1.74892,50.71166],[-1.74877,50.71236],[-1.74513,50.71408],[-1.74506,50.71508],[-1.74212,50.71849],[-1.73948,50.72444],[-1.74279,50.72227],[-1.74287,50.72016],[-1.74465,50.71797],[-1.74936,50.71803],[-1.75161,50.7186],[-1.75638,50.71845],[-1.75932,50.71769],[-1.76138,50.71804],[-1.76292,50.71905],[-1.76352,50.72071],[-1.76692,50.72186],[-1.76836,50.7237],[-1.76813,50.72632],[-1.76946,50.72726],[-1.77228,50.72821],[-1.77391,50.72968],[-1.77625,50.72994],[-1.77915,50.72896],[-1.77987,50.72985],[-1.77626,50.73073],[-1.77386,50.73024],[-1.77,50.73076],[-1.77309,50.73314],[-1.77414,50.73482],[-1.77247,50.73695],[-1.77147,50.73664],[-1.76986,50.73282],[-1.76928,50.73034],[-1.77136,50.72986],[-1.7711,50.72823],[-1.76888,50.72774],[-1.76608,50.72846],[-1.76625,50.7248],[-1.76401,50.72338],[-1.76181,50.7231],[-1.75917,50.72399],[-1.75916,50.72525],[-1.75648,50.72735],[-1.75794,50.72846],[-1.75698,50.73039],[-1.75532,50.7294],[-1.75368,50.72698],[-1.75061,50.72585],[-1.74578,50.72706],[-1.74552,50.72793],[-1.74154,50.72706],[-1.74083,50.72637],[-1.74259,50.7242],[-1.73578,50.72699],[-1.73402,50.72899],[-1.72941,50.73211],[-1.72566,50.73363],[-1.72212,50.73453],[-1.71569,50.73557],[-1.70751,50.73646],[-1.6979,50.73636],[-1.69447,50.7367],[-1.69254,50.7374],[-1.69198,50.73941],[-1.69082,50.7406],[-1.68465,50.74382],[-1.68281,50.74661],[-1.68167,50.75015],[-1.68182,50.75185],[-1.69061,50.75161],[-1.70392,50.75256],[-1.7127,50.7525],[-1.71499,50.75203],[-1.71797,50.75217],[-1.72704,50.75101],[-1.74417,50.74746],[-1.74233,50.74925],[-1.74357,50.75001],[-1.7436,50.75272],[-1.74435,50.75361],[-1.74466,50.75607],[-1.74202,50.75667],[-1.74141,50.75869],[-1.74168,50.76034],[-1.74012,50.76096],[-1.73988,50.76277],[-1.73896,50.76327],[-1.73968,50.76535],[-1.74124,50.76721],[-1.74479,50.77312],[-1.74639,50.7734],[-1.74829,50.77514],[-1.74569,50.77626],[-1.74876,50.77945],[-1.75656,50.77842],[-1.76758,50.77291],[-1.77012,50.77255],[-1.76888,50.76978],[-1.77316,50.76819],[-1.77606,50.76635],[-1.77905,50.76737],[-1.78128,50.76667],[-1.78225,50.76502],[-1.78501,50.76495],[-1.78828,50.76687],[-1.78883,50.76783],[-1.78724,50.77049],[-1.78956,50.76995],[-1.7905,50.77166],[-1.78954,50.77223],[-1.78817,50.77449],[-1.78996,50.77456],[-1.79075,50.77621],[-1.78873,50.77694],[-1.78787,50.77886],[-1.79098,50.78033],[-1.79212,50.78267],[-1.79435,50.78221],[-1.79572,50.78336],[-1.79752,50.78384],[-1.79584,50.78545],[-1.79848,50.78575],[-1.8008,50.78742],[-1.80356,50.79296],[-1.80087,50.79412],[-1.80396,50.79482],[-1.80216,50.7969],[-1.80349,50.79853],[-1.80193,50.79894],[-1.80235,50.80032],[-1.80403,50.79999],[-1.8048,50.80099],[-1.80428,50.80358],[-1.80696,50.80351],[-1.81166,50.80608],[-1.81183,50.80873],[-1.80994,50.80977],[-1.80676,50.81047],[-1.80573,50.81163],[-1.80287,50.81351],[-1.80642,50.81501],[-1.80727,50.8163],[-1.80659,50.81783],[-1.80509,50.81835],[-1.80403,50.81998],[-1.80176,50.82098],[-1.80167,50.82224],[-1.80404,50.82196],[-1.80485,50.82371],[-1.80324,50.82525],[-1.80462,50.82703],[-1.80364,50.83002],[-1.80056,50.8315],[-1.79895,50.83139],[-1.79714,50.83002],[-1.79577,50.83182],[-1.79666,50.83322],[-1.7955,50.83388],[-1.79207,50.83359],[-1.79139,50.83696],[-1.79441,50.8368],[-1.79455,50.83772],[-1.79856,50.83885],[-1.80001,50.83999],[-1.79808,50.84199],[-1.80187,50.84242],[-1.80336,50.84448],[-1.80022,50.84724],[-1.79994,50.84845],[-1.80237,50.84954],[-1.80288,50.85066],[-1.80481,50.85115],[-1.80584,50.85307],[-1.80362,50.85334],[-1.80476,50.85478],[-1.804,50.85648],[-1.80543,50.85764],[-1.80509,50.85901],[-1.80717,50.86014],[-1.80641,50.8615],[-1.80803,50.86446],[-1.81279,50.86457],[-1.81475,50.86205],[-1.81483,50.8587],[-1.82124,50.85677],[-1.82952,50.85532],[-1.84163,50.85804],[-1.84602,50.85814],[-1.85094,50.85872],[-1.85056,50.8603],[-1.85321,50.86267],[-1.85167,50.86422],[-1.85354,50.86651],[-1.84783,50.86969],[-1.84848,50.87378],[-1.84527,50.878],[-1.84771,50.88088],[-1.84749,50.88341],[-1.84449,50.8853],[-1.84404,50.88683],[-1.8451,50.88825],[-1.84856,50.88989],[-1.84489,50.89317],[-1.84171,50.89702],[-1.83987,50.89789],[-1.83724,50.8972],[-1.83147,50.89739],[-1.82558,50.89617],[-1.8239,50.89823],[-1.81654,50.90395],[-1.81757,50.90746],[-1.82041,50.91211],[-1.81916,50.9127],[-1.81861,50.91455],[-1.81884,50.91653],[-1.81748,50.91761],[-1.81503,50.92058],[-1.81477,50.92313],[-1.81266,50.92533],[-1.81055,50.92681],[-1.81278,50.92752],[-1.81393,50.92705],[-1.81747,50.92716],[-1.82075,50.9263],[-1.8263,50.92687],[-1.82827,50.92777],[-1.82986,50.92761],[-1.83266,50.92921],[-1.83875,50.9308],[-1.84018,50.93187],[-1.84266,50.93096],[-1.84608,50.93027],[-1.84715,50.92967],[-1.85106,50.92883],[-1.85596,50.92646],[-1.85575,50.92498],[-1.85747,50.92315],[-1.8599,50.9213],[-1.86463,50.91892],[-1.87364,50.91723],[-1.87501,50.9198],[-1.87612,50.92059],[-1.87787,50.92311],[-1.88038,50.92494],[-1.88158,50.92638],[-1.89255,50.93162],[-1.8969,50.9344],[-1.89857,50.93588],[-1.89909,50.93839],[-1.9026,50.94073],[-1.90538,50.94308],[-1.90918,50.94533],[-1.91058,50.94922],[-1.91244,50.95102],[-1.91248,50.9522],[-1.91611,50.95313],[-1.91874,50.95637],[-1.92099,50.9615],[-1.92392,50.96272],[-1.92718,50.96359],[-1.9284,50.96499],[-1.92989,50.9678],[-1.93486,50.96909],[-1.93922,50.96966],[-1.94126,50.97183],[-1.94208,50.97336],[-1.94483,50.97575],[-1.94813,50.97647],[-1.9508,50.97813],[-1.95252,50.97858],[-1.95547,50.97827],[-1.95722,50.98319],[-1.95683,50.9898],[-1.95367,50.98776],[-1.94994,50.98231],[-1.93658,50.99152],[-1.93553,50.99276],[-1.92788,50.9977],[-1.92374,50.99732],[-1.92034,50.99742],[-1.91231,50.99936],[-1.9033,50.99934],[-1.89802,50.99862],[-1.89247,50.99962],[-1.8888,50.99997],[-1.88674,50.99953],[-1.88528,51.00025],[-1.88331,51.00217],[-1.87923,51.00395],[-1.87543,51.0047],[-1.87465,51.00357],[-1.87463,50.99585],[-1.8751,50.99174],[-1.87391,50.9845],[-1.86934,50.98891],[-1.86683,50.99082],[-1.86205,50.99664],[-1.85589,51.00158],[-1.85368,51.00447],[-1.8528,51.00503],[-1.84226,51.00853],[-1.83582,51.00947],[-1.82741,50.99727],[-1.82154,50.99299],[-1.81986,50.99026],[-1.81542,50.98592],[-1.80758,50.99205],[-1.80567,50.99163],[-1.80031,50.99139],[-1.79601,50.9902],[-1.79095,50.99009],[-1.78795,50.98815],[-1.78383,50.9869],[-1.77561,50.98516],[-1.77535,50.98471],[-1.76999,50.98383],[-1.75432,50.98045],[-1.7544,50.97789],[-1.74393,50.97782],[-1.74295,50.97711],[-1.7398,50.97662],[-1.73372,50.97644],[-1.72989,50.97731],[-1.72619,50.97734],[-1.7223,50.97679],[-1.71957,50.97679],[-1.71651,50.97417],[-1.70963,50.97123],[-1.70103,50.96273],[-1.6893,50.95464],[-1.68571,50.95292],[-1.67688,50.94967],[-1.66918,50.94723],[-1.6673,50.94703],[-1.66166,50.94528],[-1.65185,50.94717],[-1.64965,50.94851],[-1.64638,50.94947],[-1.64171,50.9525],[-1.64038,50.95545],[-1.63496,50.95924],[-1.62849,50.95712],[-1.6234,50.95464],[-1.61975,50.95857],[-1.61681,50.96252],[-1.61616,50.96508],[-1.61356,50.96794],[-1.61223,50.97128],[-1.61075,50.97209],[-1.60865,50.97229],[-1.60776,50.97363],[-1.605,50.9752],[-1.60508,50.97691],[-1.60293,50.9785],[-1.60456,50.97934],[-1.60736,50.97996],[-1.61414,50.97999],[-1.61583,50.98048],[-1.6171,50.98168],[-1.61973,50.98303],[-1.61896,50.9874],[-1.62108,50.98862],[-1.62521,50.99033],[-1.62492,50.99115],[-1.6258,50.99391],[-1.62745,50.99585],[-1.6288,50.99909],[-1.62626,51.00103],[-1.6202,51.00341],[-1.61723,51.00418],[-1.61437,51.00337],[-1.61073,51.00171],[-1.60678,51.00162],[-1.60521,51.00249],[-1.60779,51.00419],[-1.61041,51.00685],[-1.61025,51.00819],[-1.60696,51.00791],[-1.60524,51.00704],[-1.60073,51.00715],[-1.59758,51.00803],[-1.59757,51.0106],[-1.59957,51.01257],[-1.60303,51.01408],[-1.60494,51.01602],[-1.60563,51.02002],[-1.60304,51.02075],[-1.60058,51.02217],[-1.5994,51.02373],[-1.60285,51.0255],[-1.60841,51.0263],[-1.61145,51.02728],[-1.61354,51.02841],[-1.61464,51.02996],[-1.61929,51.03163],[-1.61946,51.03306],[-1.62244,51.03311],[-1.62885,51.03252],[-1.63238,51.03278],[-1.63207,51.03601],[-1.63498,51.04085],[-1.63401,51.04205],[-1.63363,51.04653],[-1.63244,51.04768],[-1.63285,51.04893],[-1.62999,51.06427],[-1.63008,51.06544],[-1.62783,51.06883],[-1.62819,51.07271],[-1.62918,51.07541],[-1.62781,51.07816],[-1.62901,51.08106],[-1.63119,51.08217],[-1.6341,51.08546],[-1.63731,51.0922],[-1.63636,51.09287],[-1.63402,51.09639],[-1.63095,51.09965],[-1.62919,51.1007],[-1.6271,51.10276],[-1.62682,51.1039],[-1.62837,51.10584],[-1.62837,51.10763],[-1.63083,51.11097],[-1.6308,51.11289],[-1.62896,51.11397],[-1.62634,51.11734],[-1.62705,51.11818],[-1.63399,51.1216],[-1.64066,51.12541],[-1.65498,51.1271],[-1.66298,51.12719],[-1.66302,51.12965],[-1.6613,51.13387],[-1.65949,51.13562],[-1.65833,51.1396],[-1.65978,51.14216],[-1.6547,51.15205],[-1.65404,51.15625],[-1.65704,51.15931],[-1.66685,51.16994],[-1.67027,51.17666],[-1.67227,51.17855],[-1.6693,51.18174],[-1.67011,51.18393],[-1.66944,51.18429],[-1.66882,51.19076],[-1.67055,51.19061],[-1.67698,51.1934],[-1.68271,51.19701],[-1.6857,51.19932],[-1.69279,51.20305],[-1.6941,51.20404],[-1.69115,51.20733],[-1.69093,51.20952],[-1.68979,51.21477],[-1.68689,51.21515],[-1.68439,51.21492],[-1.67371,51.21583],[-1.67273,51.21726],[-1.66213,51.21778],[-1.66006,51.2189],[-1.6535,51.22047],[-1.6502,51.21998],[-1.63747,51.21759],[-1.63362,51.21759],[-1.63291,51.2195],[-1.6314,51.22161],[-1.63096,51.22395],[-1.62836,51.22619],[-1.62558,51.23174],[-1.6233,51.23337],[-1.622,51.235],[-1.62126,51.23847],[-1.61941,51.2412],[-1.61661,51.24196],[-1.61356,51.24144],[-1.61039,51.24298],[-1.61111,51.24561],[-1.60692,51.25066],[-1.60664,51.25213],[-1.60371,51.25185],[-1.60073,51.25072],[-1.60019,51.25352],[-1.59275,51.25301],[-1.58806,51.25315],[-1.58423,51.25472],[-1.58194,51.25471],[-1.57757,51.25558],[-1.57428,51.25461],[-1.57235,51.25484],[-1.56658,51.25289],[-1.56381,51.25231],[-1.55677,51.24919],[-1.55116,51.24881],[-1.54884,51.24799],[-1.54599,51.24529],[-1.54269,51.24562],[-1.53962,51.24737],[-1.53602,51.24856],[-1.53302,51.25335],[-1.53123,51.25533],[-1.53125,51.2577],[-1.52982,51.2608],[-1.53055,51.26264],[-1.53446,51.26176],[-1.53645,51.26182],[-1.53712,51.26086],[-1.5406,51.26083],[-1.53951,51.26399],[-1.53935,51.26643],[-1.53709,51.27075],[-1.5375,51.27382],[-1.53679,51.27823],[-1.54286,51.28012],[-1.54257,51.28133],[-1.53668,51.28526],[-1.53446,51.28712],[-1.52976,51.28643],[-1.52278,51.28706],[-1.52268,51.28966],[-1.52422,51.29316],[-1.52024,51.29504],[-1.51942,51.29608],[-1.52147,51.29767],[-1.52266,51.29711],[-1.52552,51.29713],[-1.52644,51.29762],[-1.52578,51.2992],[-1.528,51.29983],[-1.52621,51.30375],[-1.5265,51.30435],[-1.52523,51.30707],[-1.5271,51.30828],[-1.52697,51.3114],[-1.52776,51.31289],[-1.53004,51.31501],[-1.53356,51.31622],[-1.53249,51.32093],[-1.53198,51.32798],[-1.53108,51.32918],[-1.52828,51.33054],[-1.5272,51.33152],[-1.52849,51.33415],[-1.52751,51.33844],[-1.52118,51.3384],[-1.51675,51.33893],[-1.5114,51.33499],[-1.49982,51.33036],[-1.49829,51.32936],[-1.49737,51.33334],[-1.49285,51.33811],[-1.48987,51.34224],[-1.4865,51.34527],[-1.48562,51.34765],[-1.48671,51.3494],[-1.48952,51.3505],[-1.49133,51.35208],[-1.49495,51.35275],[-1.4972,51.35454],[-1.49992,51.35546],[-1.50063,51.35632],[-1.49958,51.35848],[-1.50002,51.3606],[-1.49926,51.36329],[-1.49513,51.36771],[-1.49537,51.36966],[-1.49931,51.36898],[-1.5025,51.36881],[-1.50403,51.36981],[-1.50956,51.37109],[-1.50999,51.37185],[-1.51353,51.37205],[-1.51408,51.37607],[-1.5169,51.37877],[-1.52056,51.37927],[-1.52522,51.37802],[-1.52826,51.37921],[-1.52692,51.37993],[-1.52886,51.3814],[-1.5333,51.38331],[-1.534,51.38408],[-1.53828,51.38549],[-1.53863,51.38693],[-1.53764,51.38831],[-1.54426,51.3901],[-1.54732,51.39124],[-1.54711,51.39325],[-1.54872,51.393],[-1.549,51.39473],[-1.55327,51.39468],[-1.5556,51.39554],[-1.55621,51.3982],[-1.55358,51.40149],[-1.55413,51.40335],[-1.55292,51.41004],[-1.55458,51.41028],[-1.55562,51.40933],[-1.56222,51.40817],[-1.56246,51.4114],[-1.56346,51.41325],[-1.56539,51.41327],[-1.56679,51.41433],[-1.56952,51.41464],[-1.57097,51.41529],[-1.57113,51.41649],[-1.5669,51.42097],[-1.56512,51.42204],[-1.56313,51.42088],[-1.55997,51.42034],[-1.55818,51.42048],[-1.55844,51.42171],[-1.55606,51.42161],[-1.55362,51.4224],[-1.55307,51.42125],[-1.54948,51.42237],[-1.54579,51.42279],[-1.54345,51.42477],[-1.53955,51.42613],[-1.53279,51.42564],[-1.53162,51.42509],[-1.52663,51.42392],[-1.5254,51.42486],[-1.52698,51.42579],[-1.52882,51.42825],[-1.53203,51.4295],[-1.52907,51.43443],[-1.52406,51.44093],[-1.52443,51.44285],[-1.52402,51.44747],[-1.52486,51.45015],[-1.52889,51.45415],[-1.52907,51.45551],[-1.5346,51.45613],[-1.53874,51.45736],[-1.54218,51.45775],[-1.54576,51.45899],[-1.54839,51.46066],[-1.54961,51.46223],[-1.55094,51.46548],[-1.55738,51.46801],[-1.55953,51.46974],[-1.56071,51.47221],[-1.56114,51.4758],[-1.56273,51.47681],[-1.56683,51.47693],[-1.56688,51.47853],[-1.56782,51.48151],[-1.57041,51.4863],[-1.57364,51.48728],[-1.57744,51.48976],[-1.58222,51.49403],[-1.58334,51.496],[-1.58351,51.49767],[-1.58203,51.49945],[-1.58265,51.50094],[-1.58583,51.50211],[-1.58693,51.50655],[-1.58729,51.51115],[-1.58806,51.51315],[-1.58645,51.51834],[-1.58539,51.52369],[-1.5847,51.52492],[-1.5891,51.52449],[-1.59003,51.52174],[-1.5921,51.52149],[-1.59404,51.51978],[-1.59806,51.5187],[-1.60282,51.51831],[-1.60348,51.52034],[-1.60454,51.52048],[-1.6049,51.52287],[-1.60782,51.52726],[-1.60831,51.52885],[-1.61288,51.53421],[-1.61372,51.53651],[-1.61541,51.53673],[-1.61535,51.5381],[-1.61782,51.53916],[-1.6223,51.54231],[-1.62302,51.5442],[-1.62478,51.54604],[-1.62694,51.54757],[-1.63125,51.55181],[-1.63312,51.55256],[-1.63485,51.55409],[-1.63872,51.55936],[-1.64387,51.5642],[-1.64661,51.56924],[-1.64609,51.57007],[-1.64769,51.57193],[-1.65214,51.57418],[-1.65504,51.57649],[-1.65839,51.57416],[-1.66249,51.5735],[-1.6734,51.57052],[-1.67655,51.56939],[-1.67929,51.57141],[-1.68471,51.57383],[-1.68539,51.57597],[-1.68834,51.57883],[-1.68913,51.58187],[-1.69111,51.58352],[-1.68902,51.58617],[-1.68697,51.58735],[-1.68537,51.5876],[-1.68574,51.58956],[-1.68543,51.59368],[-1.68758,51.59469],[-1.68782,51.59736],[-1.68845,51.5985],[-1.68732,51.60012],[-1.68875,51.60113],[-1.69097,51.60387],[-1.6906,51.60541],[-1.68826,51.60656],[-1.68527,51.60858],[-1.68251,51.6094],[-1.68174,51.61175],[-1.68269,51.61245],[-1.68108,51.61366],[-1.67922,51.6138],[-1.67492,51.61173],[-1.67,51.61406],[-1.66936,51.61518],[-1.66699,51.61622],[-1.66705,51.61787],[-1.66994,51.619],[-1.67335,51.6214],[-1.67316,51.62261],[-1.67085,51.62506],[-1.66883,51.62602],[-1.66912,51.6275],[-1.66274,51.63129],[-1.65992,51.63502],[-1.66168,51.63713],[-1.66325,51.63989],[-1.6645,51.64035],[-1.67059,51.64077],[-1.67235,51.64149],[-1.6742,51.64116],[-1.6748,51.6422],[-1.67741,51.64322],[-1.67799,51.6443],[-1.67967,51.64472],[-1.67996,51.64662],[-1.68148,51.64748],[-1.6832,51.65015],[-1.68623,51.65235],[-1.69151,51.65264],[-1.69259,51.65349],[-1.68881,51.6558],[-1.68954,51.66111],[-1.69098,51.66238],[-1.69062,51.66376],[-1.69419,51.66644],[-1.69409,51.6688],[-1.69579,51.66874],[-1.69892,51.66946],[-1.70021,51.67088],[-1.7001,51.67228],[-1.69841,51.67417],[-1.69874,51.67645],[-1.69768,51.67748],[-1.69542,51.67807],[-1.69505,51.67965],[-1.69679,51.68102],[-1.69644,51.68215],[-1.69314,51.68391],[-1.69294,51.68569],[-1.69106,51.68729],[-1.68824,51.68775],[-1.68643,51.68929],[-1.6839,51.68878],[-1.68313,51.69013],[-1.68134,51.6904],[-1.67602,51.68841],[-1.67603,51.68685],[-1.67377,51.68477],[-1.67521,51.68254],[-1.66908,51.68127],[-1.66846,51.68044],[-1.66586,51.68105],[-1.66531,51.68178],[-1.66217,51.68154],[-1.65956,51.68076],[-1.65558,51.68181],[-1.65265,51.68152],[-1.64825,51.68409],[-1.64884,51.68541],[-1.65339,51.68718],[-1.65182,51.68753],[-1.65109,51.6888],[-1.65422,51.69028],[-1.65548,51.69146],[-1.65529,51.69363],[-1.65622,51.69382],[-1.65744,51.69645],[-1.65903,51.6975],[-1.66244,51.69644],[-1.6647,51.69688],[-1.66652,51.69836],[-1.67531,51.70376],[-1.68189,51.70904],[-1.68617,51.71018],[-1.688,51.71204],[-1.68877,51.71361],[-1.6873,51.71456],[-1.68892,51.71654],[-1.68882,51.71738],[-1.69259,51.72002],[-1.69511,51.72238],[-1.69582,51.72377],[-1.69011,51.72639],[-1.6868,51.72852],[-1.68551,51.73063],[-1.68579,51.73339],[-1.68663,51.73414],[-1.68749,51.7368],[-1.68904,51.73915],[-1.68702,51.73988],[-1.68831,51.74199],[-1.69268,51.746],[-1.69164,51.74666],[-1.69487,51.74858],[-1.69392,51.74907],[-1.69565,51.75231],[-1.69368,51.75366],[-1.69643,51.75714],[-1.69965,51.76453],[-1.69925,51.76463],[-1.7007,51.77058],[-1.7084,51.77752],[-1.71753,51.78152],[-1.71949,51.78321],[-1.71385,51.78613],[-1.70772,51.7883],[-1.70215,51.791],[-1.69345,51.79415],[-1.68688,51.79824],[-1.68574,51.79986],[-1.68375,51.80134],[-1.68027,51.80713],[-1.67781,51.81296],[-1.67686,51.81702],[-1.68112,51.81605],[-1.68313,51.82029],[-1.68604,51.83075],[-1.68646,51.83446],[-1.68543,51.83693],[-1.68305,51.84032],[-1.68113,51.8419],[-1.67921,51.84599],[-1.67868,51.84947],[-1.67638,51.85031],[-1.68059,51.85473],[-1.68116,51.85964],[-1.68719,51.86283],[-1.68505,51.86432],[-1.68687,51.8655],[-1.68355,51.86872],[-1.67887,51.86982],[-1.67557,51.87263],[-1.67165,51.87513],[-1.66804,51.87634],[-1.66712,51.87799],[-1.66895,51.87806],[-1.66896,51.8815],[-1.66687,51.88146],[-1.66698,51.88296],[-1.66601,51.88503],[-1.66262,51.88734],[-1.66255,51.89171],[-1.66127,51.89354],[-1.66167,51.89445],[-1.65897,51.89565],[-1.65759,51.89719],[-1.65557,51.8966],[-1.6532,51.89697],[-1.65137,51.89587],[-1.64747,51.8949],[-1.64422,51.89486],[-1.64351,51.89589],[-1.64155,51.89554],[-1.63954,51.89712],[-1.63779,51.89731],[-1.63305,51.89923],[-1.63577,51.9019],[-1.63517,51.90269],[-1.63563,51.90439],[-1.63368,51.9057],[-1.63597,51.90711],[-1.6347,51.9083],[-1.6353,51.90934],[-1.63418,51.91159],[-1.63484,51.91288],[-1.63795,51.91204],[-1.64144,51.91372],[-1.64392,51.91306],[-1.64537,51.91487],[-1.64357,51.91609],[-1.64484,51.91869],[-1.64146,51.91977],[-1.64118,51.92156],[-1.64282,51.9222],[-1.64553,51.92229],[-1.64337,51.92373],[-1.64002,51.92511],[-1.63612,51.92745],[-1.63001,51.93153],[-1.62826,51.93313],[-1.6236,51.93574],[-1.61991,51.93747],[-1.61728,51.93729],[-1.61519,51.93768],[-1.62304,51.94655],[-1.62535,51.94993],[-1.62887,51.9532],[-1.63249,51.95565],[-1.63531,51.95683],[-1.63884,51.95668],[-1.64339,51.95714],[-1.64577,51.95698],[-1.64893,51.95892],[-1.65233,51.95768],[-1.65537,51.9575],[-1.65518,51.95982],[-1.65347,51.95985],[-1.65237,51.96151],[-1.65722,51.96311],[-1.66096,51.96335],[-1.66253,51.964],[-1.66428,51.96645],[-1.66608,51.97113],[-1.66894,51.97527],[-1.66752,51.9784],[-1.66534,51.98056],[-1.66464,51.9851],[-1.66575,51.98749],[-1.66928,51.98922],[-1.66993,51.99316],[-1.66575,51.9974],[-1.66134,51.99933],[-1.65909,51.99986],[-1.65565,52.00313],[-1.65193,52.00555],[-1.64288,52.00922],[-1.64193,52.01029],[-1.6433,52.01281],[-1.64293,52.01471],[-1.64031,52.01876],[-1.63863,52.02053],[-1.63522,52.02195],[-1.63448,52.02283],[-1.62834,52.02719],[-1.62704,52.02736],[-1.62454,52.02638],[-1.62011,52.02774],[-1.61883,52.02903],[-1.61762,52.03157],[-1.6175,52.03337],[-1.62061,52.0344],[-1.6225,52.03604],[-1.62416,52.03609],[-1.62511,52.03767],[-1.62685,52.0379],[-1.63227,52.03589],[-1.6349,52.03699],[-1.63976,52.0371],[-1.64447,52.03442],[-1.64634,52.0351],[-1.64935,52.03431],[-1.65089,52.03517],[-1.65358,52.0354],[-1.65568,52.03471],[-1.65655,52.03212],[-1.6591,52.03164],[-1.66481,52.03177],[-1.66605,52.0344],[-1.66745,52.03624],[-1.67065,52.03671],[-1.67339,52.03602],[-1.67773,52.03704],[-1.68109,52.0374],[-1.68744,52.03747],[-1.68974,52.03819],[-1.69174,52.03971],[-1.69398,52.03953],[-1.695,52.04052],[-1.6948,52.04294],[-1.69304,52.04501],[-1.69116,52.04824],[-1.69061,52.05145],[-1.68864,52.05183],[-1.69001,52.05318],[-1.69018,52.05474],[-1.69215,52.05435],[-1.69967,52.05465],[-1.70249,52.05618],[-1.70296,52.05741],[-1.70505,52.05963],[-1.70545,52.06146],[-1.70406,52.06314],[-1.70335,52.06766],[-1.70149,52.07036],[-1.7017,52.07283],[-1.70789,52.07251],[-1.70986,52.07331],[-1.71221,52.07051],[-1.71266,52.06803],[-1.71184,52.06661],[-1.71431,52.0667],[-1.71699,52.06811],[-1.72427,52.06949],[-1.72881,52.07157],[-1.72812,52.07273],[-1.73066,52.07329],[-1.72818,52.08145],[-1.72907,52.08151],[-1.72945,52.08407],[-1.72807,52.08838],[-1.72885,52.08876],[-1.7284,52.09097],[-1.73051,52.09279],[-1.72854,52.098],[-1.73023,52.09794],[-1.73218,52.09696],[-1.73292,52.09497],[-1.73856,52.09136],[-1.74039,52.09143],[-1.74704,52.09329],[-1.75091,52.09547],[-1.75181,52.09701],[-1.75363,52.09762],[-1.75482,52.09932],[-1.75494,52.10122],[-1.7577,52.10321],[-1.7589,52.10614],[-1.76247,52.10732],[-1.76383,52.10857],[-1.76628,52.10969],[-1.76769,52.11258],[-1.77101,52.11187],[-1.77393,52.11063],[-1.77837,52.10948],[-1.78569,52.10704],[-1.78967,52.10624],[-1.78826,52.10363],[-1.79013,52.10059],[-1.79172,52.09961],[-1.79554,52.10077],[-1.80229,52.09694],[-1.80646,52.09267],[-1.80979,52.08756],[-1.80936,52.08589],[-1.81312,52.08275],[-1.81228,52.08193],[-1.81274,52.07874],[-1.81613,52.07961],[-1.81782,52.08479],[-1.81894,52.0854],[-1.82247,52.08114],[-1.82979,52.07527],[-1.8318,52.07322],[-1.83447,52.07311],[-1.83764,52.07428],[-1.84662,52.07942],[-1.84918,52.07728],[-1.85088,52.07456],[-1.85339,52.07237],[-1.85561,52.07444],[-1.86318,52.07378],[-1.86904,52.07386],[-1.87201,52.07192],[-1.8695,52.07138],[-1.87441,52.06999],[-1.87168,52.06543],[-1.86499,52.06628],[-1.86288,52.06343],[-1.8614,52.05831],[-1.86181,52.05583],[-1.86345,52.05342],[-1.86024,52.05214],[-1.85732,52.05225],[-1.85384,52.04976],[-1.84781,52.04654],[-1.83889,52.04371],[-1.83484,52.04329],[-1.83294,52.04176],[-1.83241,52.04013],[-1.82975,52.03907],[-1.83013,52.03769],[-1.82909,52.03633],[-1.83063,52.03283],[-1.82502,52.03093],[-1.82624,52.02915],[-1.83566,52.0225],[-1.83412,52.01702],[-1.83441,52.01461],[-1.83567,52.01123],[-1.83531,52.00916],[-1.83905,52.00678],[-1.84131,52.00692],[-1.84448,52.00833],[-1.84725,52.00766],[-1.85107,52.0084],[-1.85711,52.0112],[-1.85989,52.01274],[-1.86154,52.01263],[-1.86379,52.01442],[-1.86227,52.01749],[-1.8673,52.01796],[-1.87357,52.02433],[-1.87643,52.02529],[-1.87931,52.02695],[-1.88501,52.0295],[-1.88801,52.03146],[-1.89133,52.03283],[-1.89643,52.03591],[-1.90324,52.03889],[-1.90911,52.04266],[-1.91345,52.04446],[-1.91569,52.0417],[-1.91668,52.0421],[-1.91914,52.03886],[-1.92053,52.03814],[-1.92216,52.03561],[-1.92704,52.03666],[-1.92962,52.0323],[-1.9317,52.02989],[-1.93398,52.03087],[-1.93996,52.03219],[-1.94231,52.03232],[-1.94574,52.03163],[-1.94747,52.0318],[-1.94795,52.03391],[-1.95082,52.03586],[-1.95137,52.0377],[-1.96338,52.03606],[-1.98414,52.03588],[-1.99258,52.02929],[-1.99519,52.02656],[-1.99756,52.0299],[-1.99857,52.02967],[-2.00769,52.02389],[-2.01342,52.02135],[-2.01698,52.02026],[-2.01964,52.01869],[-2.02366,52.01695],[-2.02166,52.01565],[-2.02927,52.01284],[-2.02808,52.01234],[-2.027,52.01059],[-2.03085,52.00977],[-2.03825,52.00956],[-2.03684,52.00604],[-2.03836,52.0046],[-2.04495,52.00365],[-2.04951,52.0038],[-2.05009,52.00602],[-2.0493,52.00701],[-2.05156,52.00875],[-2.05321,52.00864],[-2.05719,52.00982],[-2.05929,52.00947],[-2.05992,52.01083],[-2.06024,52.01421],[-2.06078,52.01466],[-2.06876,52.013],[-2.07095,52.01185],[-2.0746,52.01181],[-2.07675,52.01104],[-2.07885,52.0117],[-2.08077,52.01077],[-2.08348,52.01109],[-2.08487,52.01048],[-2.09392,52.0118],[-2.09679,52.0114],[-2.09752,52.01253],[-2.10383,52.01409],[-2.1076,52.01459],[-2.10872,52.01428],[-2.11157,52.0148],[-2.11635,52.01457],[-2.12007,52.01318],[-2.12037,52.0117],[-2.12336,52.0109],[-2.12586,52.00905],[-2.12715,52.00728],[-2.13203,52.00532],[-2.13193,52.00399],[-2.13343,52.00251],[-2.13325,52.00168],[-2.1352,51.9997],[-2.13932,51.99942],[-2.1395,52.00154],[-2.14082,52.0024],[-2.13906,52.00395],[-2.14173,52.00458],[-2.14374,52.0041],[-2.14629,52.00458],[-2.15078,52.00663],[-2.14966,52.01126],[-2.14522,52.01472],[-2.14465,52.01669],[-2.14227,52.01978],[-2.14117,52.02454],[-2.1394,52.02789],[-2.13654,52.0293],[-2.12929,52.02979],[-2.12589,52.0305],[-2.11792,52.03307],[-2.1156,52.03628],[-2.11839,52.04212],[-2.12043,52.04215],[-2.12625,52.0432],[-2.13357,52.04633],[-2.13736,52.04581],[-2.14248,52.04567],[-2.1471,52.04676],[-2.1493,52.04689],[-2.1534,52.04823],[-2.15728,52.05],[-2.16184,52.05059],[-2.16444,52.0501],[-2.16619,52.04914],[-2.16829,52.04876],[-2.17054,52.04709],[-2.17137,52.04761],[-2.1755,52.04648],[-2.17698,52.04547],[-2.17816,52.04369],[-2.18068,52.04173],[-2.18055,52.03548],[-2.17916,52.0335],[-2.1794,52.03195],[-2.17759,52.02721],[-2.17831,52.02563],[-2.17691,52.02256],[-2.18305,52.01975],[-2.18768,52.01908],[-2.18407,52.0139],[-2.17213,52.00846],[-2.16552,52.00478],[-2.16413,52.0034],[-2.16355,52.00156],[-2.164,51.99689],[-2.16658,51.99526],[-2.17027,51.99467],[-2.17174,51.99484],[-2.17491,51.99614],[-2.17945,51.99926],[-2.1815,51.99911],[-2.17985,51.99681],[-2.17943,51.99485],[-2.1817,51.99189],[-2.18508,51.99056],[-2.19036,51.99156],[-2.1952,51.99436],[-2.1971,51.99435],[-2.19841,51.99557],[-2.20289,51.99636],[-2.20564,51.99639],[-2.2056,51.99534],[-2.21169,51.99666],[-2.21344,51.99674],[-2.21445,51.99538],[-2.21695,51.99408],[-2.22061,51.9955],[-2.2233,51.99288],[-2.22443,51.99278],[-2.2264,51.99078],[-2.22898,51.99085],[-2.22781,51.98863],[-2.23317,51.98671],[-2.23404,51.98597],[-2.23763,51.98092],[-2.24331,51.97517],[-2.24286,51.97414],[-2.24624,51.9715],[-2.24891,51.96822],[-2.25111,51.96876],[-2.25136,51.96656],[-2.2565,51.96711],[-2.25869,51.96782],[-2.26362,51.96735],[-2.26777,51.96808],[-2.26845,51.96859],[-2.27365,51.96945],[-2.27697,51.96949],[-2.28056,51.97057],[-2.28829,51.97067],[-2.2933,51.96966],[-2.29724,51.9676],[-2.30043,51.96678],[-2.3037,51.96866],[-2.30579,51.97083],[-2.30947,51.97065],[-2.30905,51.97216],[-2.30793,51.97282],[-2.30878,51.97444],[-2.31262,51.9765],[-2.3237,51.97562],[-2.32532,51.97665],[-2.32468,51.97894],[-2.3226,51.9809],[-2.32292,51.98447],[-2.32233,51.98646],[-2.32233,51.98882],[-2.32066,51.99213],[-2.32326,51.99629],[-2.32283,51.99748],[-2.32351,51.99946],[-2.32566,51.99959],[-2.32579,52.0007],[-2.32471,52.00357],[-2.32611,52.00563],[-2.32942,52.00683],[-2.33634,52.00779],[-2.34049,52.00674],[-2.3419,52.00877],[-2.344,52.00877],[-2.34569,52.01033],[-2.34927,52.01146],[-2.35106,52.01316],[-2.35254,52.01354],[-2.35186,52.01569],[-2.34938,52.01785],[-2.35098,52.0201],[-2.35262,52.02036],[-2.35441,52.01968],[-2.3652,52.01748],[-2.36867,52.01729],[-2.37533,52.01599],[-2.37995,52.01385],[-2.38698,52.01217],[-2.39289,52.01296],[-2.39408,52.01179],[-2.3947,52.00987],[-2.39488,52.00675],[-2.39557,52.00575],[-2.3951,52.00373],[-2.39678,52.00107],[-2.39942,51.99932],[-2.39902,51.99615],[-2.40297,51.99614],[-2.4132,51.99409],[-2.41807,51.99459],[-2.42282,51.99434],[-2.42714,51.9958],[-2.4324,51.99602],[-2.43661,51.99684],[-2.43501,51.99896],[-2.43572,51.99939],[-2.43595,52.00244],[-2.43566,52.00559],[-2.43382,52.00685],[-2.4341,52.00955],[-2.43558,52.01047],[-2.43372,52.01227],[-2.43516,52.01307],[-2.43612,52.01459],[-2.4411,52.01457],[-2.44416,52.01574],[-2.44595,52.01525],[-2.44774,52.0158],[-2.45629,52.01483],[-2.46018,52.01568],[-2.46337,52.01404],[-2.46387,52.01482],[-2.46254,52.01734],[-2.46368,52.01882],[-2.46254,52.02037],[-2.46404,52.02325],[-2.46619,52.02375],[-2.47386,52.02382],[-2.47893,52.02253],[-2.47742,52.01987],[-2.48037,52.01606],[-2.48462,52.01254],[-2.48713,52.0123],[-2.48763,52.01148],[-2.49125,52.01049],[-2.49211,52.0083],[-2.49157,52.00651],[-2.48729,52.00341],[-2.4855,52.00033],[-2.47765,52.00015],[-2.47514,51.9982],[-2.47542,51.99751],[-2.47098,51.99478],[-2.47487,51.99281],[-2.47712,51.99277],[-2.48003,51.99135],[-2.48025,51.99052],[-2.4826,51.98822],[-2.48677,51.98802],[-2.48864,51.98741],[-2.48969,51.98625],[-2.49032,51.98351],[-2.4913,51.98191],[-2.49491,51.98108],[-2.49636,51.97751],[-2.4965,51.97611],[-2.49513,51.97112],[-2.49392,51.97024],[-2.49244,51.96673],[-2.49338,51.96389],[-2.49576,51.96442],[-2.49903,51.96372],[-2.49987,51.96154],[-2.50091,51.96061],[-2.49662,51.96033],[-2.49752,51.95879],[-2.49312,51.95735],[-2.49019,51.95498],[-2.48611,51.95742],[-2.48388,51.95677],[-2.48244,51.95567],[-2.47924,51.95573],[-2.47373,51.95654],[-2.47222,51.95545],[-2.47053,51.95312],[-2.46782,51.95195],[-2.46557,51.9517],[-2.46611,51.95036],[-2.46452,51.94859],[-2.46551,51.94676],[-2.46487,51.94461],[-2.46377,51.94363],[-2.46503,51.94276],[-2.46358,51.93857],[-2.46583,51.93727],[-2.46788,51.93738],[-2.46621,51.93143],[-2.46604,51.92797],[-2.46129,51.92505],[-2.45993,51.92343],[-2.45502,51.91935],[-2.44932,51.91912],[-2.44826,51.91872],[-2.44769,51.91566],[-2.44343,51.91273],[-2.44312,51.91198],[-2.44439,51.90985],[-2.44167,51.90716],[-2.44398,51.90582],[-2.44008,51.90242],[-2.4423,51.90188],[-2.44391,51.90078],[-2.44426,51.89893],[-2.44331,51.89849],[-2.44,51.89843],[-2.43957,51.89706],[-2.4436,51.89579],[-2.44603,51.894],[-2.44892,51.89481],[-2.44983,51.8944],[-2.45616,51.89342],[-2.46252,51.89292],[-2.46521,51.89299],[-2.46782,51.89201],[-2.46865,51.89078],[-2.47144,51.88921],[-2.47374,51.88735],[-2.47341,51.88555],[-2.47788,51.88496],[-2.48001,51.88583],[-2.48239,51.88589],[-2.48673,51.88472],[-2.48779,51.88042],[-2.49386,51.88],[-2.49466,51.88424],[-2.49819,51.88199],[-2.50118,51.88199],[-2.50064,51.88436],[-2.50187,51.88631],[-2.50355,51.88664],[-2.50669,51.88537],[-2.50862,51.88517],[-2.51327,51.8801],[-2.51794,51.8734],[-2.51935,51.87087],[-2.52011,51.86807],[-2.52257,51.86482],[-2.52677,51.86298],[-2.53112,51.86302],[-2.53162,51.86077],[-2.53405,51.8604],[-2.54397,51.8602],[-2.54662,51.86077],[-2.54822,51.86205],[-2.55024,51.86283],[-2.55442,51.86317],[-2.55639,51.8629],[-2.55854,51.86382],[-2.56162,51.86427],[-2.56393,51.86341],[-2.56813,51.86256],[-2.56952,51.86296],[-2.57336,51.86242],[-2.57584,51.86254],[-2.57767,51.86136],[-2.58055,51.86163],[-2.5852,51.85991],[-2.5831,51.85823],[-2.57952,51.85438],[-2.57882,51.85185],[-2.58211,51.84973],[-2.5862,51.84979],[-2.58895,51.85135],[-2.59162,51.85419],[-2.59306,51.85521],[-2.59619,51.85622],[-2.59954,51.85653],[-2.60122,51.85622],[-2.60444,51.85466],[-2.6064,51.85203],[-2.60943,51.8468],[-2.6154,51.84547],[-2.62159,51.84332],[-2.62447,51.83949],[-2.62547,51.83896],[-2.63022,51.83889],[-2.63293,51.84031],[-2.63564,51.84114],[-2.63631,51.83949],[-2.63838,51.83756],[-2.64105,51.8366],[-2.64341,51.83464],[-2.64724,51.82785],[-2.6504,51.82612]]],[[[-6.34913,49.8982],[-6.35029,49.89734],[-6.34937,49.89643],[-6.35043,49.89544],[-6.34953,49.89371],[-6.35379,49.89081],[-6.35301,49.88886],[-6.3517,49.88828],[-6.3486,49.88831],[-6.34725,49.88979],[-6.34593,49.89002],[-6.34452,49.88755],[-6.34194,49.8855],[-6.34337,49.88492],[-6.3428,49.88326],[-6.33973,49.88335],[-6.33991,49.8857],[-6.33603,49.88628],[-6.33585,49.88844],[-6.33696,49.89001],[-6.33938,49.89113],[-6.33786,49.89174],[-6.33842,49.89337],[-6.33596,49.89405],[-6.33425,49.89367],[-6.33419,49.89242],[-6.33158,49.89028],[-6.33089,49.88903],[-6.32924,49.88914],[-6.32697,49.89258],[-6.32937,49.89303],[-6.33004,49.89414],[-6.32825,49.895],[-6.33117,49.89625],[-6.33196,49.89713],[-6.33506,49.89815],[-6.33811,49.89667],[-6.33628,49.89594],[-6.33747,49.8941],[-6.34065,49.89533],[-6.34199,49.89717],[-6.34426,49.89497],[-6.34656,49.89578],[-6.34707,49.89704],[-6.34913,49.8982]]],[[[-6.37305,49.89882],[-6.37607,49.89618],[-6.37628,49.89503],[-6.37426,49.89475],[-6.36911,49.89477],[-6.36996,49.89287],[-6.36826,49.89153],[-6.36571,49.89311],[-6.36761,49.89408],[-6.36956,49.89683],[-6.37196,49.89686],[-6.37305,49.89882]]],[[[-6.29902,49.93747],[-6.30044,49.93548],[-6.30436,49.93439],[-6.30572,49.93496],[-6.30921,49.93355],[-6.30929,49.93039],[-6.31383,49.92762],[-6.31162,49.92456],[-6.30906,49.92353],[-6.30836,49.92169],[-6.3079,49.91796],[-6.30963,49.91632],[-6.31095,49.91695],[-6.31237,49.91571],[-6.31653,49.91518],[-6.31733,49.91642],[-6.3195,49.91623],[-6.32186,49.91722],[-6.32415,49.91596],[-6.32478,49.91468],[-6.32761,49.91254],[-6.32551,49.91017],[-6.32139,49.90848],[-6.31769,49.90866],[-6.31828,49.90996],[-6.31804,49.91256],[-6.31528,49.91362],[-6.31281,49.91323],[-6.31104,49.91193],[-6.31054,49.90971],[-6.30815,49.90845],[-6.30811,49.90735],[-6.30607,49.9061],[-6.30572,49.90427],[-6.3021,49.90349],[-6.30215,49.90496],[-6.30014,49.90603],[-6.3025,49.90817],[-6.3023,49.90945],[-6.30343,49.911],[-6.3018,49.91209],[-6.29787,49.91053],[-6.29688,49.91164],[-6.29446,49.91124],[-6.29279,49.91039],[-6.2912,49.91069],[-6.28787,49.91002],[-6.28735,49.9112],[-6.28436,49.91148],[-6.28394,49.91483],[-6.28575,49.91528],[-6.28654,49.91663],[-6.28529,49.91727],[-6.28357,49.917],[-6.28297,49.91583],[-6.28032,49.9155],[-6.27829,49.9165],[-6.27756,49.91809],[-6.27854,49.91954],[-6.27677,49.92025],[-6.27603,49.92238],[-6.27837,49.92288],[-6.27759,49.92488],[-6.27933,49.92648],[-6.28104,49.92652],[-6.28122,49.92852],[-6.27684,49.92852],[-6.27812,49.92957],[-6.28201,49.92902],[-6.28184,49.93083],[-6.28523,49.93021],[-6.28826,49.93089],[-6.28779,49.93339],[-6.29003,49.93419],[-6.29178,49.93554],[-6.29345,49.93548],[-6.29629,49.937],[-6.29902,49.93747]]],[[[-6.34943,49.92831],[-6.34863,49.93002],[-6.34945,49.93182],[-6.35204,49.93359],[-6.35158,49.93562],[-6.35023,49.93729],[-6.35326,49.9384],[-6.35506,49.93785],[-6.3559,49.93666],[-6.35365,49.93376],[-6.35424,49.93229],[-6.35563,49.93196],[-6.35763,49.93029],[-6.3548,49.92978],[-6.35421,49.92865],[-6.35069,49.92811],[-6.34943,49.92831]]],[[[-6.24474,49.94565],[-6.24617,49.94609],[-6.24813,49.94546],[-6.24551,49.94437],[-6.24474,49.94565]]],[[[-6.26393,49.94677],[-6.26717,49.94646],[-6.26737,49.94553],[-6.26471,49.94262],[-6.26323,49.94186],[-6.26234,49.94336],[-6.26303,49.94436],[-6.26629,49.94479],[-6.26637,49.94616],[-6.26393,49.94677]]],[[[-6.25576,49.9511],[-6.25846,49.95371],[-6.26082,49.95393],[-6.26135,49.95264],[-6.25829,49.95133],[-6.25761,49.95008],[-6.25431,49.9485],[-6.25257,49.95011],[-6.25576,49.9511]]],[[[-6.36828,49.95443],[-6.36978,49.95548],[-6.37152,49.95373],[-6.37058,49.95246],[-6.36881,49.95256],[-6.36828,49.95443]]],[[[-6.33012,49.96683],[-6.33238,49.96699],[-6.33257,49.96553],[-6.32937,49.96534],[-6.33012,49.96683]]],[[[-6.35839,49.96673],[-6.36041,49.96657],[-6.36121,49.96492],[-6.35987,49.96415],[-6.36022,49.96302],[-6.35699,49.96214],[-6.35645,49.96141],[-6.3577,49.9595],[-6.36051,49.95763],[-6.35983,49.95536],[-6.3584,49.95364],[-6.36096,49.95326],[-6.36359,49.95361],[-6.36455,49.95115],[-6.36107,49.95154],[-6.35836,49.95068],[-6.35655,49.9496],[-6.35735,49.94739],[-6.35996,49.94797],[-6.36225,49.94624],[-6.35921,49.94639],[-6.35264,49.94453],[-6.35013,49.94581],[-6.35005,49.94851],[-6.35224,49.95011],[-6.3516,49.95121],[-6.34947,49.95251],[-6.35049,49.95374],[-6.34802,49.95573],[-6.34932,49.95774],[-6.35135,49.95802],[-6.35137,49.95911],[-6.35344,49.96165],[-6.3594,49.96405],[-6.35966,49.9652],[-6.35839,49.96673]]],[[[-6.34852,49.96802],[-6.35192,49.96505],[-6.35042,49.96456],[-6.35076,49.96349],[-6.34803,49.9621],[-6.34617,49.95898],[-6.34423,49.95743],[-6.34128,49.9559],[-6.33912,49.95592],[-6.33836,49.95401],[-6.34055,49.95175],[-6.33818,49.94894],[-6.33905,49.94659],[-6.33659,49.946],[-6.33549,49.94519],[-6.33308,49.94078],[-6.33095,49.94053],[-6.33111,49.94194],[-6.32829,49.94351],[-6.3237,49.94443],[-6.32049,49.94426],[-6.32261,49.94587],[-6.32275,49.94671],[-6.32134,49.95057],[-6.31914,49.95337],[-6.32101,49.95351],[-6.32285,49.95535],[-6.32279,49.95663],[-6.32448,49.95686],[-6.32719,49.95927],[-6.32866,49.95862],[-6.33249,49.95898],[-6.33427,49.96381],[-6.33711,49.96354],[-6.33948,49.96268],[-6.34144,49.96386],[-6.34038,49.96603],[-6.34262,49.96794],[-6.34673,49.96766],[-6.34852,49.96802]]],[[[-6.31541,49.97016],[-6.31528,49.96872],[-6.31354,49.967],[-6.31052,49.96668],[-6.30948,49.96457],[-6.30775,49.9656],[-6.3101,49.96772],[-6.30947,49.96943],[-6.31166,49.96972],[-6.31306,49.96894],[-6.31541,49.97016]]],[[[-6.29717,49.97408],[-6.29931,49.97146],[-6.29769,49.97098],[-6.2985,49.96951],[-6.30233,49.9702],[-6.30279,49.96796],[-6.30493,49.96666],[-6.30431,49.96405],[-6.29601,49.96402],[-6.29415,49.96272],[-6.29009,49.96189],[-6.28735,49.96053],[-6.28689,49.95931],[-6.28528,49.95827],[-6.28441,49.95619],[-6.28176,49.95643],[-6.28117,49.95818],[-6.27799,49.95927],[-6.27377,49.95932],[-6.27068,49.95851],[-6.26887,49.95946],[-6.26809,49.96096],[-6.26558,49.96101],[-6.26406,49.96227],[-6.26162,49.96291],[-6.26287,49.96568],[-6.26406,49.96699],[-6.26586,49.9676],[-6.26832,49.96684],[-6.26966,49.96415],[-6.27478,49.96461],[-6.27801,49.96393],[-6.2796,49.96441],[-6.27999,49.96577],[-6.28118,49.96635],[-6.28343,49.96519],[-6.28648,49.96533],[-6.28906,49.96653],[-6.29226,49.97015],[-6.29191,49.97187],[-6.29295,49.97357],[-6.29717,49.97408]]],[[[-6.32479,49.97485],[-6.32679,49.97487],[-6.32816,49.97405],[-6.32772,49.97286],[-6.32807,49.97054],[-6.32313,49.97083],[-6.32192,49.97219],[-6.32236,49.97341],[-6.32479,49.97485]]],[[[-6.29461,49.98012],[-6.29596,49.97953],[-6.29482,49.97749],[-6.29284,49.97811],[-6.29162,49.97778],[-6.29082,49.97437],[-6.2884,49.97582],[-6.28993,49.97789],[-6.2911,49.97858],[-6.2927,49.98065],[-6.29461,49.98012]]],[[[-6.32176,49.97956],[-6.32396,49.97944],[-6.32421,49.978],[-6.3226,49.97752],[-6.32131,49.9782],[-6.32176,49.97956]]],[[[-5.47811,50.11955],[-5.48029,50.11641],[-5.47901,50.11545],[-5.47615,50.11618],[-5.47565,50.11807],[-5.47811,50.11955]]],[[[-3.8982,50.28067],[-3.90066,50.28115],[-3.90294,50.27999],[-3.90185,50.27825],[-3.90007,50.27796],[-3.89689,50.27915],[-3.8982,50.28067]]],[[[-4.10581,50.30665],[-4.10557,50.30815],[-4.10786,50.30778],[-4.10776,50.3063],[-4.10581,50.30665]]],[[[-4.44853,50.33712],[-4.45051,50.33895],[-4.45325,50.3369],[-4.45009,50.33569],[-4.44853,50.33712]]],[[[-4.15451,50.3561],[-4.15332,50.35457],[-4.15198,50.35574],[-4.15451,50.3561]]],[[[-4.28516,50.3886],[-4.28756,50.38843],[-4.28857,50.38719],[-4.28742,50.38603],[-4.28471,50.38446],[-4.28291,50.38593],[-4.28516,50.3886]]],[[[-4.24801,50.38962],[-4.24744,50.3881],[-4.24564,50.38895],[-4.24801,50.38962]]],[[[-5.06371,50.42769],[-5.06636,50.42726],[-5.0652,50.42633],[-5.06246,50.42619],[-5.06184,50.42724],[-5.06371,50.42769]]],[[[-4.19745,50.4527],[-4.20044,50.45357],[-4.20057,50.45187],[-4.19953,50.45135],[-4.19724,50.45188],[-4.19745,50.4527]]],[[[-3.58461,50.53791],[-3.58539,50.53903],[-3.58829,50.53903],[-3.58933,50.5371],[-3.58851,50.53611],[-3.58643,50.53683],[-3.58461,50.53791]]],[[[-4.85223,50.53103],[-4.8546,50.53033],[-4.85135,50.52881],[-4.84986,50.52976],[-4.85223,50.53103]]],[[[-1.9954,50.68094],[-1.99517,50.67887],[-1.99399,50.67774],[-1.99156,50.67777],[-1.99005,50.67843],[-1.99072,50.68075],[-1.9954,50.68094]]],[[[-1.98101,50.68363],[-1.98267,50.68423],[-1.98861,50.6841],[-1.98964,50.6825],[-1.98826,50.68179],[-1.9857,50.68212],[-1.9829,50.68197],[-1.98101,50.68363]]],[[[-2.01933,50.69407],[-2.02103,50.6934],[-2.01913,50.69098],[-2.0194,50.68899],[-2.02029,50.68801],[-2.01813,50.68474],[-2.01454,50.68536],[-2.01428,50.68804],[-2.01659,50.68921],[-2.01558,50.68995],[-2.01555,50.69134],[-2.01733,50.69189],[-2.01933,50.69407]]],[[[-1.96978,50.6957],[-1.97463,50.69739],[-1.97931,50.69654],[-1.98379,50.69464],[-1.98544,50.69472],[-1.98804,50.69245],[-1.98506,50.68838],[-1.98352,50.68708],[-1.97537,50.68729],[-1.9689,50.68625],[-1.96158,50.68628],[-1.96042,50.68653],[-1.95617,50.68886],[-1.95624,50.69196],[-1.95836,50.69504],[-1.96096,50.69524],[-1.96526,50.69482],[-1.96978,50.6957]]],[[[-3.49382,50.6947],[-3.49516,50.69488],[-3.49834,50.69664],[-3.49905,50.6963],[-3.49662,50.69407],[-3.49424,50.69362],[-3.49382,50.6947]]],[[[-2.00031,50.73033],[-2.00275,50.72966],[-2.00272,50.72745],[-2.0015,50.72677],[-1.99935,50.72729],[-1.99991,50.72827],[-2.0022,50.72888],[-2.00031,50.73033]]],[[[-1.99847,50.73443],[-2.00222,50.73424],[-2.00372,50.73121],[-2.00145,50.73083],[-1.99914,50.73167],[-1.99816,50.73287],[-1.99847,50.73443]]],[[[-4.67651,51.20177],[-4.67842,51.2015],[-4.67699,51.19967],[-4.67712,51.19796],[-4.67921,51.19652],[-4.67948,51.19527],[-4.67824,51.19312],[-4.67681,51.19295],[-4.67537,51.19172],[-4.67597,51.18807],[-4.67431,51.18592],[-4.6775,51.18533],[-4.67506,51.18233],[-4.67315,51.18178],[-4.67364,51.18031],[-4.67765,51.1787],[-4.6781,51.17681],[-4.68062,51.17503],[-4.67849,51.1743],[-4.68057,51.17242],[-4.67853,51.17078],[-4.67841,51.169],[-4.6769,51.16808],[-4.67721,51.16713],[-4.67565,51.16353],[-4.67422,51.1635],[-4.67312,51.16232],[-4.67367,51.16101],[-4.67098,51.15952],[-4.66784,51.15928],[-4.66408,51.16178],[-4.66038,51.16067],[-4.6581,51.16236],[-4.65554,51.16087],[-4.655,51.16198],[-4.6574,51.16303],[-4.66012,51.16624],[-4.66167,51.16709],[-4.66241,51.16944],[-4.66199,51.17387],[-4.66256,51.17581],[-4.66199,51.17648],[-4.66242,51.1787],[-4.66393,51.18037],[-4.66379,51.18243],[-4.66218,51.1837],[-4.66296,51.18446],[-4.6618,51.18632],[-4.66532,51.18844],[-4.6642,51.18968],[-4.66555,51.19041],[-4.66547,51.19167],[-4.66716,51.19366],[-4.66988,51.19493],[-4.67009,51.19584],[-4.66867,51.19688],[-4.67058,51.19891],[-4.67029,51.20102],[-4.67651,51.20177]]],[[[-3.0142,51.22455],[-3.01319,51.2256],[-3.01566,51.22851],[-3.01588,51.23007],[-3.01501,51.23231],[-3.01573,51.23284],[-3.01729,51.22674],[-3.01702,51.22397],[-3.01575,51.22314],[-3.0142,51.22455]]],[[[-3.10419,51.33881],[-3.10303,51.33947],[-3.10375,51.34069],[-3.10602,51.34143],[-3.10826,51.34139],[-3.11357,51.34048],[-3.11506,51.33962],[-3.11168,51.33821],[-3.10419,51.33881]]]]}}]}
